#usda 1.0
(
    customLayerData = {
        string asset_status = "Original clipTop/clipBottom meshes; video-inspired approximate connector"
        string physics = "Newton recorded playback; no active PhysX"
        string retention = "Approximate bounded connector retention; clip has 0.03 Nm closing preload and 10x original spring stiffness"
    }
    defaultPrim = "World"
    metersPerUnit = 1
    upAxis = "Z"
)

def Xform "World"
{
    def "FixtureBase"
    {
        def Mesh "mounting_disc" (
            prepend apiSchemas = ["MaterialBindingAPI"]
            customData = {
                bool newton_collision = 1
            }
        )
        {
            int[] faceVertexCounts = [3, 3, 3, 3, 3, 3, 3, 3, 3, 3, 3, 3, 3, 3, 3, 3, 3, 3, 3, 3, 3, 3, 3, 3, 3, 3, 3, 3, 3, 3, 3, 3, 3, 3, 3, 3, 3, 3, 3, 3, 3, 3, 3, 3, 3, 3, 3, 3, 3, 3, 3, 3, 3, 3, 3, 3, 3, 3, 3, 3, 3, 3, 3, 3, 3, 3, 3, 3, 3, 3, 3, 3, 3, 3, 3, 3, 3, 3, 3, 3, 3, 3, 3, 3, 3, 3, 3, 3, 3, 3, 3, 3, 3, 3, 3, 3, 3, 3, 3, 3, 3, 3, 3, 3, 3, 3, 3, 3, 3, 3, 3, 3, 3, 3, 3, 3, 3, 3, 3, 3, 3, 3, 3, 3, 3, 3, 3, 3]
            int[] faceVertexIndices = [1, 0, 4, 1, 4, 2, 2, 4, 5, 2, 5, 3, 4, 0, 6, 4, 6, 5, 5, 6, 7, 5, 7, 3, 6, 0, 8, 6, 8, 7, 7, 8, 9, 7, 9, 3, 8, 0, 10, 8, 10, 9, 9, 10, 11, 9, 11, 3, 10, 0, 12, 10, 12, 11, 11, 12, 13, 11, 13, 3, 12, 0, 14, 12, 14, 13, 13, 14, 15, 13, 15, 3, 14, 0, 16, 14, 16, 15, 15, 16, 17, 15, 17, 3, 16, 0, 18, 16, 18, 17, 17, 18, 19, 17, 19, 3, 18, 0, 20, 18, 20, 19, 19, 20, 21, 19, 21, 3, 20, 0, 22, 20, 22, 21, 21, 22, 23, 21, 23, 3, 22, 0, 24, 22, 24, 23, 23, 24, 25, 23, 25, 3, 24, 0, 26, 24, 26, 25, 25, 26, 27, 25, 27, 3, 26, 0, 28, 26, 28, 27, 27, 28, 29, 27, 29, 3, 28, 0, 30, 28, 30, 29, 29, 30, 31, 29, 31, 3, 30, 0, 32, 30, 32, 31, 31, 32, 33, 31, 33, 3, 32, 0, 34, 32, 34, 33, 33, 34, 35, 33, 35, 3, 34, 0, 36, 34, 36, 35, 35, 36, 37, 35, 37, 3, 36, 0, 38, 36, 38, 37, 37, 38, 39, 37, 39, 3, 38, 0, 40, 38, 40, 39, 39, 40, 41, 39, 41, 3, 40, 0, 42, 40, 42, 41, 41, 42, 43, 41, 43, 3, 42, 0, 44, 42, 44, 43, 43, 44, 45, 43, 45, 3, 44, 0, 46, 44, 46, 45, 45, 46, 47, 45, 47, 3, 46, 0, 48, 46, 48, 47, 47, 48, 49, 47, 49, 3, 48, 0, 50, 48, 50, 49, 49, 50, 51, 49, 51, 3, 50, 0, 52, 50, 52, 51, 51, 52, 53, 51, 53, 3, 52, 0, 54, 52, 54, 53, 53, 54, 55, 53, 55, 3, 54, 0, 56, 54, 56, 55, 55, 56, 57, 55, 57, 3, 56, 0, 58, 56, 58, 57, 57, 58, 59, 57, 59, 3, 58, 0, 60, 58, 60, 59, 59, 60, 61, 59, 61, 3, 60, 0, 62, 60, 62, 61, 61, 62, 63, 61, 63, 3, 62, 0, 64, 62, 64, 63, 63, 64, 65, 63, 65, 3, 64, 0, 1, 64, 1, 65, 65, 1, 2, 65, 2, 3]
            rel material:binding = </Looks/M_9ea8b2>
            point3f[] points = [(0, 0, -0.002), (0.027, 0, -0.002), (0.027, 0, 0.001), (0, 0, 0.001), (0.026481202, 0.0052674385, -0.002), (0.026481202, 0.0052674385, 0.001), (0.024944747, 0.010332453, -0.002), (0.024944747, 0.010332453, 0.001), (0.02244968, 0.015000396, -0.002), (0.02244968, 0.015000396, 0.001), (0.019091884, 0.019091884, -0.002), (0.019091884, 0.019091884, 0.001), (0.015000396, 0.02244968, -0.002), (0.015000396, 0.02244968, 0.001), (0.010332453, 0.024944747, -0.002), (0.010332453, 0.024944747, 0.001), (0.0052674385, 0.026481202, -0.002), (0.0052674385, 0.026481202, 0.001), (1.6532732e-18, 0.027, -0.002), (1.6532732e-18, 0.027, 0.001), (-0.0052674385, 0.026481202, -0.002), (-0.0052674385, 0.026481202, 0.001), (-0.010332453, 0.024944747, -0.002), (-0.010332453, 0.024944747, 0.001), (-0.015000396, 0.02244968, -0.002), (-0.015000396, 0.02244968, 0.001), (-0.019091884, 0.019091884, -0.002), (-0.019091884, 0.019091884, 0.001), (-0.02244968, 0.015000396, -0.002), (-0.02244968, 0.015000396, 0.001), (-0.024944747, 0.010332453, -0.002), (-0.024944747, 0.010332453, 0.001), (-0.026481202, 0.0052674385, -0.002), (-0.026481202, 0.0052674385, 0.001), (-0.027, 3.3065463e-18, -0.002), (-0.027, 3.3065463e-18, 0.001), (-0.026481202, -0.0052674385, -0.002), (-0.026481202, -0.0052674385, 0.001), (-0.024944747, -0.010332453, -0.002), (-0.024944747, -0.010332453, 0.001), (-0.02244968, -0.015000396, -0.002), (-0.02244968, -0.015000396, 0.001), (-0.019091884, -0.019091884, -0.002), (-0.019091884, -0.019091884, 0.001), (-0.015000396, -0.02244968, -0.002), (-0.015000396, -0.02244968, 0.001), (-0.010332453, -0.024944747, -0.002), (-0.010332453, -0.024944747, 0.001), (-0.0052674385, -0.026481202, -0.002), (-0.0052674385, -0.026481202, 0.001), (-4.9598196e-18, -0.027, -0.002), (-4.9598196e-18, -0.027, 0.001), (0.0052674385, -0.026481202, -0.002), (0.0052674385, -0.026481202, 0.001), (0.010332453, -0.024944747, -0.002), (0.010332453, -0.024944747, 0.001), (0.015000396, -0.02244968, -0.002), (0.015000396, -0.02244968, 0.001), (0.019091884, -0.019091884, -0.002), (0.019091884, -0.019091884, 0.001), (0.02244968, -0.015000396, -0.002), (0.02244968, -0.015000396, 0.001), (0.024944747, -0.010332453, -0.002), (0.024944747, -0.010332453, 0.001), (0.026481202, -0.0052674385, -0.002), (0.026481202, -0.0052674385, 0.001)]
            color3f[] primvars:displayColor = [(0.62, 0.66, 0.7)]
            uniform token subdivisionScheme = "none"
        }

        def Mesh "pedestal" (
            prepend apiSchemas = ["MaterialBindingAPI"]
            customData = {
                bool newton_collision = 1
            }
        )
        {
            int[] faceVertexCounts = [3, 3, 3, 3, 3, 3, 3, 3, 3, 3, 3, 3, 3, 3, 3, 3, 3, 3, 3, 3, 3, 3, 3, 3, 3, 3, 3, 3, 3, 3, 3, 3, 3, 3, 3, 3, 3, 3, 3, 3, 3, 3, 3, 3, 3, 3, 3, 3, 3, 3, 3, 3, 3, 3, 3, 3, 3, 3, 3, 3, 3, 3, 3, 3, 3, 3, 3, 3, 3, 3, 3, 3, 3, 3, 3, 3, 3, 3, 3, 3, 3, 3, 3, 3, 3, 3, 3, 3, 3, 3, 3, 3, 3, 3, 3, 3, 3, 3, 3, 3, 3, 3, 3, 3, 3, 3, 3, 3, 3, 3, 3, 3, 3, 3, 3, 3, 3, 3, 3, 3, 3, 3, 3, 3, 3, 3, 3, 3]
            int[] faceVertexIndices = [1, 0, 4, 1, 4, 2, 2, 4, 5, 2, 5, 3, 4, 0, 6, 4, 6, 5, 5, 6, 7, 5, 7, 3, 6, 0, 8, 6, 8, 7, 7, 8, 9, 7, 9, 3, 8, 0, 10, 8, 10, 9, 9, 10, 11, 9, 11, 3, 10, 0, 12, 10, 12, 11, 11, 12, 13, 11, 13, 3, 12, 0, 14, 12, 14, 13, 13, 14, 15, 13, 15, 3, 14, 0, 16, 14, 16, 15, 15, 16, 17, 15, 17, 3, 16, 0, 18, 16, 18, 17, 17, 18, 19, 17, 19, 3, 18, 0, 20, 18, 20, 19, 19, 20, 21, 19, 21, 3, 20, 0, 22, 20, 22, 21, 21, 22, 23, 21, 23, 3, 22, 0, 24, 22, 24, 23, 23, 24, 25, 23, 25, 3, 24, 0, 26, 24, 26, 25, 25, 26, 27, 25, 27, 3, 26, 0, 28, 26, 28, 27, 27, 28, 29, 27, 29, 3, 28, 0, 30, 28, 30, 29, 29, 30, 31, 29, 31, 3, 30, 0, 32, 30, 32, 31, 31, 32, 33, 31, 33, 3, 32, 0, 34, 32, 34, 33, 33, 34, 35, 33, 35, 3, 34, 0, 36, 34, 36, 35, 35, 36, 37, 35, 37, 3, 36, 0, 38, 36, 38, 37, 37, 38, 39, 37, 39, 3, 38, 0, 40, 38, 40, 39, 39, 40, 41, 39, 41, 3, 40, 0, 42, 40, 42, 41, 41, 42, 43, 41, 43, 3, 42, 0, 44, 42, 44, 43, 43, 44, 45, 43, 45, 3, 44, 0, 46, 44, 46, 45, 45, 46, 47, 45, 47, 3, 46, 0, 48, 46, 48, 47, 47, 48, 49, 47, 49, 3, 48, 0, 50, 48, 50, 49, 49, 50, 51, 49, 51, 3, 50, 0, 52, 50, 52, 51, 51, 52, 53, 51, 53, 3, 52, 0, 54, 52, 54, 53, 53, 54, 55, 53, 55, 3, 54, 0, 56, 54, 56, 55, 55, 56, 57, 55, 57, 3, 56, 0, 58, 56, 58, 57, 57, 58, 59, 57, 59, 3, 58, 0, 60, 58, 60, 59, 59, 60, 61, 59, 61, 3, 60, 0, 62, 60, 62, 61, 61, 62, 63, 61, 63, 3, 62, 0, 64, 62, 64, 63, 63, 64, 65, 63, 65, 3, 64, 0, 1, 64, 1, 65, 65, 1, 2, 65, 2, 3]
            rel material:binding = </Looks/M_080b0d>
            point3f[] points = [(0, 0, 0.001), (0.021, 0, 0.001), (0.021, 0, 0.013), (0, 0, 0.013), (0.020596491, 0.004096897, 0.001), (0.020596491, 0.004096897, 0.013), (0.01940147, 0.008036352, 0.001), (0.01940147, 0.008036352, 0.013), (0.017460862, 0.011666975, 0.001), (0.017460862, 0.011666975, 0.013), (0.014849243, 0.014849243, 0.001), (0.014849243, 0.014849243, 0.013), (0.011666975, 0.017460862, 0.001), (0.011666975, 0.017460862, 0.013), (0.008036352, 0.01940147, 0.001), (0.008036352, 0.01940147, 0.013), (0.004096897, 0.020596491, 0.001), (0.004096897, 0.020596491, 0.013), (1.2858791e-18, 0.021, 0.001), (1.2858791e-18, 0.021, 0.013), (-0.004096897, 0.020596491, 0.001), (-0.004096897, 0.020596491, 0.013), (-0.008036352, 0.01940147, 0.001), (-0.008036352, 0.01940147, 0.013), (-0.011666975, 0.017460862, 0.001), (-0.011666975, 0.017460862, 0.013), (-0.014849243, 0.014849243, 0.001), (-0.014849243, 0.014849243, 0.013), (-0.017460862, 0.011666975, 0.001), (-0.017460862, 0.011666975, 0.013), (-0.01940147, 0.008036352, 0.001), (-0.01940147, 0.008036352, 0.013), (-0.020596491, 0.004096897, 0.001), (-0.020596491, 0.004096897, 0.013), (-0.021, 2.5717583e-18, 0.001), (-0.021, 2.5717583e-18, 0.013), (-0.020596491, -0.004096897, 0.001), (-0.020596491, -0.004096897, 0.013), (-0.01940147, -0.008036352, 0.001), (-0.01940147, -0.008036352, 0.013), (-0.017460862, -0.011666975, 0.001), (-0.017460862, -0.011666975, 0.013), (-0.014849243, -0.014849243, 0.001), (-0.014849243, -0.014849243, 0.013), (-0.011666975, -0.017460862, 0.001), (-0.011666975, -0.017460862, 0.013), (-0.008036352, -0.01940147, 0.001), (-0.008036352, -0.01940147, 0.013), (-0.004096897, -0.020596491, 0.001), (-0.004096897, -0.020596491, 0.013), (-3.8576374e-18, -0.021, 0.001), (-3.8576374e-18, -0.021, 0.013), (0.004096897, -0.020596491, 0.001), (0.004096897, -0.020596491, 0.013), (0.008036352, -0.01940147, 0.001), (0.008036352, -0.01940147, 0.013), (0.011666975, -0.017460862, 0.001), (0.011666975, -0.017460862, 0.013), (0.014849243, -0.014849243, 0.001), (0.014849243, -0.014849243, 0.013), (0.017460862, -0.011666975, 0.001), (0.017460862, -0.011666975, 0.013), (0.01940147, -0.008036352, 0.001), (0.01940147, -0.008036352, 0.013), (0.020596491, -0.004096897, 0.001), (0.020596491, -0.004096897, 0.013)]
            color3f[] primvars:displayColor = [(0.035, 0.045, 0.052)]
            uniform token subdivisionScheme = "none"
        }

        def Mesh "standoff_m1" (
            prepend apiSchemas = ["MaterialBindingAPI"]
            customData = {
                bool newton_collision = 0
            }
        )
        {
            int[] faceVertexCounts = [3, 3, 3, 3, 3, 3, 3, 3, 3, 3, 3, 3, 3, 3, 3, 3, 3, 3, 3, 3, 3, 3, 3, 3, 3, 3, 3, 3, 3, 3, 3, 3, 3, 3, 3, 3, 3, 3, 3, 3, 3, 3, 3, 3, 3, 3, 3, 3, 3, 3, 3, 3, 3, 3, 3, 3, 3, 3, 3, 3, 3, 3, 3, 3, 3, 3, 3, 3, 3, 3, 3, 3, 3, 3, 3, 3, 3, 3, 3, 3, 3, 3, 3, 3, 3, 3, 3, 3, 3, 3, 3, 3, 3, 3, 3, 3, 3, 3, 3, 3, 3, 3, 3, 3, 3, 3, 3, 3, 3, 3, 3, 3, 3, 3, 3, 3, 3, 3, 3, 3, 3, 3, 3, 3, 3, 3, 3, 3]
            int[] faceVertexIndices = [1, 0, 4, 1, 4, 2, 2, 4, 5, 2, 5, 3, 4, 0, 6, 4, 6, 5, 5, 6, 7, 5, 7, 3, 6, 0, 8, 6, 8, 7, 7, 8, 9, 7, 9, 3, 8, 0, 10, 8, 10, 9, 9, 10, 11, 9, 11, 3, 10, 0, 12, 10, 12, 11, 11, 12, 13, 11, 13, 3, 12, 0, 14, 12, 14, 13, 13, 14, 15, 13, 15, 3, 14, 0, 16, 14, 16, 15, 15, 16, 17, 15, 17, 3, 16, 0, 18, 16, 18, 17, 17, 18, 19, 17, 19, 3, 18, 0, 20, 18, 20, 19, 19, 20, 21, 19, 21, 3, 20, 0, 22, 20, 22, 21, 21, 22, 23, 21, 23, 3, 22, 0, 24, 22, 24, 23, 23, 24, 25, 23, 25, 3, 24, 0, 26, 24, 26, 25, 25, 26, 27, 25, 27, 3, 26, 0, 28, 26, 28, 27, 27, 28, 29, 27, 29, 3, 28, 0, 30, 28, 30, 29, 29, 30, 31, 29, 31, 3, 30, 0, 32, 30, 32, 31, 31, 32, 33, 31, 33, 3, 32, 0, 34, 32, 34, 33, 33, 34, 35, 33, 35, 3, 34, 0, 36, 34, 36, 35, 35, 36, 37, 35, 37, 3, 36, 0, 38, 36, 38, 37, 37, 38, 39, 37, 39, 3, 38, 0, 40, 38, 40, 39, 39, 40, 41, 39, 41, 3, 40, 0, 42, 40, 42, 41, 41, 42, 43, 41, 43, 3, 42, 0, 44, 42, 44, 43, 43, 44, 45, 43, 45, 3, 44, 0, 46, 44, 46, 45, 45, 46, 47, 45, 47, 3, 46, 0, 48, 46, 48, 47, 47, 48, 49, 47, 49, 3, 48, 0, 50, 48, 50, 49, 49, 50, 51, 49, 51, 3, 50, 0, 52, 50, 52, 51, 51, 52, 53, 51, 53, 3, 52, 0, 54, 52, 54, 53, 53, 54, 55, 53, 55, 3, 54, 0, 56, 54, 56, 55, 55, 56, 57, 55, 57, 3, 56, 0, 58, 56, 58, 57, 57, 58, 59, 57, 59, 3, 58, 0, 60, 58, 60, 59, 59, 60, 61, 59, 61, 3, 60, 0, 62, 60, 62, 61, 61, 62, 63, 61, 63, 3, 62, 0, 64, 62, 64, 63, 63, 64, 65, 63, 65, 3, 64, 0, 1, 64, 1, 65, 65, 1, 2, 65, 2, 3]
            rel material:binding = </Looks/M_9ea8b2>
            point3f[] points = [(-0.019, 0.012, 0.001), (-0.0164, 0.012, 0.001), (-0.0164, 0.012, 0.017), (-0.019, 0.012, 0.017), (-0.016449958, 0.012507235, 0.001), (-0.016449958, 0.012507235, 0.017), (-0.016597914, 0.012994977, 0.001), (-0.016597914, 0.012994977, 0.017), (-0.01683818, 0.013444482, 0.001), (-0.01683818, 0.013444482, 0.017), (-0.017161522, 0.013838477, 0.001), (-0.017161522, 0.013838477, 0.017), (-0.017555518, 0.014161821, 0.001), (-0.017555518, 0.014161821, 0.017), (-0.018005023, 0.014402087, 0.001), (-0.018005023, 0.014402087, 0.017), (-0.018492766, 0.014550041, 0.001), (-0.018492766, 0.014550041, 0.017), (-0.019, 0.0146, 0.001), (-0.019, 0.0146, 0.017), (-0.019507235, 0.014550041, 0.001), (-0.019507235, 0.014550041, 0.017), (-0.019994976, 0.014402087, 0.001), (-0.019994976, 0.014402087, 0.017), (-0.020444483, 0.014161821, 0.001), (-0.020444483, 0.014161821, 0.017), (-0.020838477, 0.013838477, 0.001), (-0.020838477, 0.013838477, 0.017), (-0.02116182, 0.013444482, 0.001), (-0.02116182, 0.013444482, 0.017), (-0.021402087, 0.012994977, 0.001), (-0.021402087, 0.012994977, 0.017), (-0.021550043, 0.012507235, 0.001), (-0.021550043, 0.012507235, 0.017), (-0.0216, 0.012, 0.001), (-0.0216, 0.012, 0.017), (-0.021550043, 0.0114927655, 0.001), (-0.021550043, 0.0114927655, 0.017), (-0.021402087, 0.0110050235, 0.001), (-0.021402087, 0.0110050235, 0.017), (-0.02116182, 0.010555518, 0.001), (-0.02116182, 0.010555518, 0.017), (-0.020838477, 0.010161523, 0.001), (-0.020838477, 0.010161523, 0.017), (-0.020444483, 0.009838179, 0.001), (-0.020444483, 0.009838179, 0.017), (-0.019994976, 0.009597913, 0.001), (-0.019994976, 0.009597913, 0.017), (-0.019507235, 0.009449958, 0.001), (-0.019507235, 0.009449958, 0.017), (-0.019, 0.0094, 0.001), (-0.019, 0.0094, 0.017), (-0.018492766, 0.009449958, 0.001), (-0.018492766, 0.009449958, 0.017), (-0.018005023, 0.009597913, 0.001), (-0.018005023, 0.009597913, 0.017), (-0.017555518, 0.009838179, 0.001), (-0.017555518, 0.009838179, 0.017), (-0.017161522, 0.010161523, 0.001), (-0.017161522, 0.010161523, 0.017), (-0.01683818, 0.010555518, 0.001), (-0.01683818, 0.010555518, 0.017), (-0.016597914, 0.0110050235, 0.001), (-0.016597914, 0.0110050235, 0.017), (-0.016449958, 0.0114927655, 0.001), (-0.016449958, 0.0114927655, 0.017)]
            color3f[] primvars:displayColor = [(0.62, 0.66, 0.7)]
            uniform token subdivisionScheme = "none"
        }

        def Mesh "standoff_1" (
            prepend apiSchemas = ["MaterialBindingAPI"]
            customData = {
                bool newton_collision = 0
            }
        )
        {
            int[] faceVertexCounts = [3, 3, 3, 3, 3, 3, 3, 3, 3, 3, 3, 3, 3, 3, 3, 3, 3, 3, 3, 3, 3, 3, 3, 3, 3, 3, 3, 3, 3, 3, 3, 3, 3, 3, 3, 3, 3, 3, 3, 3, 3, 3, 3, 3, 3, 3, 3, 3, 3, 3, 3, 3, 3, 3, 3, 3, 3, 3, 3, 3, 3, 3, 3, 3, 3, 3, 3, 3, 3, 3, 3, 3, 3, 3, 3, 3, 3, 3, 3, 3, 3, 3, 3, 3, 3, 3, 3, 3, 3, 3, 3, 3, 3, 3, 3, 3, 3, 3, 3, 3, 3, 3, 3, 3, 3, 3, 3, 3, 3, 3, 3, 3, 3, 3, 3, 3, 3, 3, 3, 3, 3, 3, 3, 3, 3, 3, 3, 3]
            int[] faceVertexIndices = [1, 0, 4, 1, 4, 2, 2, 4, 5, 2, 5, 3, 4, 0, 6, 4, 6, 5, 5, 6, 7, 5, 7, 3, 6, 0, 8, 6, 8, 7, 7, 8, 9, 7, 9, 3, 8, 0, 10, 8, 10, 9, 9, 10, 11, 9, 11, 3, 10, 0, 12, 10, 12, 11, 11, 12, 13, 11, 13, 3, 12, 0, 14, 12, 14, 13, 13, 14, 15, 13, 15, 3, 14, 0, 16, 14, 16, 15, 15, 16, 17, 15, 17, 3, 16, 0, 18, 16, 18, 17, 17, 18, 19, 17, 19, 3, 18, 0, 20, 18, 20, 19, 19, 20, 21, 19, 21, 3, 20, 0, 22, 20, 22, 21, 21, 22, 23, 21, 23, 3, 22, 0, 24, 22, 24, 23, 23, 24, 25, 23, 25, 3, 24, 0, 26, 24, 26, 25, 25, 26, 27, 25, 27, 3, 26, 0, 28, 26, 28, 27, 27, 28, 29, 27, 29, 3, 28, 0, 30, 28, 30, 29, 29, 30, 31, 29, 31, 3, 30, 0, 32, 30, 32, 31, 31, 32, 33, 31, 33, 3, 32, 0, 34, 32, 34, 33, 33, 34, 35, 33, 35, 3, 34, 0, 36, 34, 36, 35, 35, 36, 37, 35, 37, 3, 36, 0, 38, 36, 38, 37, 37, 38, 39, 37, 39, 3, 38, 0, 40, 38, 40, 39, 39, 40, 41, 39, 41, 3, 40, 0, 42, 40, 42, 41, 41, 42, 43, 41, 43, 3, 42, 0, 44, 42, 44, 43, 43, 44, 45, 43, 45, 3, 44, 0, 46, 44, 46, 45, 45, 46, 47, 45, 47, 3, 46, 0, 48, 46, 48, 47, 47, 48, 49, 47, 49, 3, 48, 0, 50, 48, 50, 49, 49, 50, 51, 49, 51, 3, 50, 0, 52, 50, 52, 51, 51, 52, 53, 51, 53, 3, 52, 0, 54, 52, 54, 53, 53, 54, 55, 53, 55, 3, 54, 0, 56, 54, 56, 55, 55, 56, 57, 55, 57, 3, 56, 0, 58, 56, 58, 57, 57, 58, 59, 57, 59, 3, 58, 0, 60, 58, 60, 59, 59, 60, 61, 59, 61, 3, 60, 0, 62, 60, 62, 61, 61, 62, 63, 61, 63, 3, 62, 0, 64, 62, 64, 63, 63, 64, 65, 63, 65, 3, 64, 0, 1, 64, 1, 65, 65, 1, 2, 65, 2, 3]
            rel material:binding = </Looks/M_9ea8b2>
            point3f[] points = [(0.019, 0.012, 0.001), (0.0216, 0.012, 0.001), (0.0216, 0.012, 0.017), (0.019, 0.012, 0.017), (0.021550043, 0.012507235, 0.001), (0.021550043, 0.012507235, 0.017), (0.021402087, 0.012994977, 0.001), (0.021402087, 0.012994977, 0.017), (0.02116182, 0.013444482, 0.001), (0.02116182, 0.013444482, 0.017), (0.020838477, 0.013838477, 0.001), (0.020838477, 0.013838477, 0.017), (0.020444483, 0.014161821, 0.001), (0.020444483, 0.014161821, 0.017), (0.019994976, 0.014402087, 0.001), (0.019994976, 0.014402087, 0.017), (0.019507235, 0.014550041, 0.001), (0.019507235, 0.014550041, 0.017), (0.019, 0.0146, 0.001), (0.019, 0.0146, 0.017), (0.018492766, 0.014550041, 0.001), (0.018492766, 0.014550041, 0.017), (0.018005023, 0.014402087, 0.001), (0.018005023, 0.014402087, 0.017), (0.017555518, 0.014161821, 0.001), (0.017555518, 0.014161821, 0.017), (0.017161522, 0.013838477, 0.001), (0.017161522, 0.013838477, 0.017), (0.01683818, 0.013444482, 0.001), (0.01683818, 0.013444482, 0.017), (0.016597914, 0.012994977, 0.001), (0.016597914, 0.012994977, 0.017), (0.016449958, 0.012507235, 0.001), (0.016449958, 0.012507235, 0.017), (0.0164, 0.012, 0.001), (0.0164, 0.012, 0.017), (0.016449958, 0.0114927655, 0.001), (0.016449958, 0.0114927655, 0.017), (0.016597914, 0.0110050235, 0.001), (0.016597914, 0.0110050235, 0.017), (0.01683818, 0.010555518, 0.001), (0.01683818, 0.010555518, 0.017), (0.017161522, 0.010161523, 0.001), (0.017161522, 0.010161523, 0.017), (0.017555518, 0.009838179, 0.001), (0.017555518, 0.009838179, 0.017), (0.018005023, 0.009597913, 0.001), (0.018005023, 0.009597913, 0.017), (0.018492766, 0.009449958, 0.001), (0.018492766, 0.009449958, 0.017), (0.019, 0.0094, 0.001), (0.019, 0.0094, 0.017), (0.019507235, 0.009449958, 0.001), (0.019507235, 0.009449958, 0.017), (0.019994976, 0.009597913, 0.001), (0.019994976, 0.009597913, 0.017), (0.020444483, 0.009838179, 0.001), (0.020444483, 0.009838179, 0.017), (0.020838477, 0.010161523, 0.001), (0.020838477, 0.010161523, 0.017), (0.02116182, 0.010555518, 0.001), (0.02116182, 0.010555518, 0.017), (0.021402087, 0.0110050235, 0.001), (0.021402087, 0.0110050235, 0.017), (0.021550043, 0.0114927655, 0.001), (0.021550043, 0.0114927655, 0.017)]
            color3f[] primvars:displayColor = [(0.62, 0.66, 0.7)]
            uniform token subdivisionScheme = "none"
        }

        def Mesh "fixed_support" (
            prepend apiSchemas = ["MaterialBindingAPI"]
            customData = {
                bool newton_collision = 1
            }
        )
        {
            int[] faceVertexCounts = [3, 3, 3, 3, 3, 3, 3, 3, 3, 3, 3, 3]
            int[] faceVertexIndices = [1, 3, 0, 4, 1, 0, 0, 3, 2, 2, 4, 0, 1, 7, 3, 5, 1, 4, 5, 7, 1, 3, 7, 2, 6, 4, 2, 2, 7, 6, 6, 5, 4, 7, 5, 6]
            rel material:binding = </Looks/M_080b0d>
            point3f[] points = [(-0.029, -0.0255, 0.013), (-0.029, -0.0255, 0.0175), (-0.029, 0.0195, 0.013), (-0.029, 0.0195, 0.0175), (0.029, -0.0255, 0.013), (0.029, -0.0255, 0.0175), (0.029, 0.0195, 0.013), (0.029, 0.0195, 0.0175)]
            color3f[] primvars:displayColor = [(0.035, 0.045, 0.052)]
            uniform token subdivisionScheme = "none"
        }
    }

    def "Table"
    {
        def Mesh "Wood" (
            prepend apiSchemas = ["MaterialBindingAPI"]
            customData = {
                bool newton_collision = 1
            }
        )
        {
            int[] faceVertexCounts = [3, 3, 3, 3, 3, 3, 3, 3, 3, 3, 3, 3]
            int[] faceVertexIndices = [1, 3, 0, 4, 1, 0, 0, 3, 2, 2, 4, 0, 1, 7, 3, 5, 1, 4, 5, 7, 1, 3, 7, 2, 6, 4, 2, 2, 7, 6, 6, 5, 4, 7, 5, 6]
            rel material:binding = </Looks/M_a87744>
            point3f[] points = [(-0.19, -0.12, -0.018), (-0.19, -0.12, -0.002), (-0.19, 0.56, -0.018), (-0.19, 0.56, -0.002), (0.19, -0.12, -0.018), (0.19, -0.12, -0.002), (0.19, 0.56, -0.018), (0.19, 0.56, -0.002)]
            color3f[] primvars:displayColor = [(0.66, 0.47, 0.27)]
            uniform token subdivisionScheme = "none"
        }

        def Mesh "Steel_0" (
            prepend apiSchemas = ["MaterialBindingAPI"]
            customData = {
                bool newton_collision = 1
            }
        )
        {
            int[] faceVertexCounts = [3, 3, 3, 3, 3, 3, 3, 3, 3, 3, 3, 3]
            int[] faceVertexIndices = [1, 3, 0, 4, 1, 0, 0, 3, 2, 2, 4, 0, 1, 7, 3, 5, 1, 4, 5, 7, 1, 3, 7, 2, 6, 4, 2, 2, 7, 6, 6, 5, 4, 7, 5, 6]
            rel material:binding = </Looks/M_778289>
            point3f[] points = [(-0.19, -0.12, -0.002), (-0.19, -0.12, 0.001), (-0.19, 0.56, -0.002), (-0.19, 0.56, 0.001), (-0.036, -0.12, -0.002), (-0.036, -0.12, 0.001), (-0.036, 0.56, -0.002), (-0.036, 0.56, 0.001)]
            color3f[] primvars:displayColor = [(0.47, 0.51, 0.54)]
            uniform token subdivisionScheme = "none"
        }

        def Mesh "Steel_1" (
            prepend apiSchemas = ["MaterialBindingAPI"]
            customData = {
                bool newton_collision = 1
            }
        )
        {
            int[] faceVertexCounts = [3, 3, 3, 3, 3, 3, 3, 3, 3, 3, 3, 3]
            int[] faceVertexIndices = [1, 3, 0, 4, 1, 0, 0, 3, 2, 2, 4, 0, 1, 7, 3, 5, 1, 4, 5, 7, 1, 3, 7, 2, 6, 4, 2, 2, 7, 6, 6, 5, 4, 7, 5, 6]
            rel material:binding = </Looks/M_778289>
            point3f[] points = [(0.036, -0.12, -0.002), (0.036, -0.12, 0.001), (0.036, 0.56, -0.002), (0.036, 0.56, 0.001), (0.19, -0.12, -0.002), (0.19, -0.12, 0.001), (0.19, 0.56, -0.002), (0.19, 0.56, 0.001)]
            color3f[] primvars:displayColor = [(0.47, 0.51, 0.54)]
            uniform token subdivisionScheme = "none"
        }

        def Mesh "Steel_2" (
            prepend apiSchemas = ["MaterialBindingAPI"]
            customData = {
                bool newton_collision = 1
            }
        )
        {
            int[] faceVertexCounts = [3, 3, 3, 3, 3, 3, 3, 3, 3, 3, 3, 3]
            int[] faceVertexIndices = [1, 3, 0, 4, 1, 0, 0, 3, 2, 2, 4, 0, 1, 7, 3, 5, 1, 4, 5, 7, 1, 3, 7, 2, 6, 4, 2, 2, 7, 6, 6, 5, 4, 7, 5, 6]
            rel material:binding = </Looks/M_778289>
            point3f[] points = [(-0.036, -0.12, -0.002), (-0.036, -0.12, 0.001), (-0.036, -0.036, -0.002), (-0.036, -0.036, 0.001), (0.036, -0.12, -0.002), (0.036, -0.12, 0.001), (0.036, -0.036, -0.002), (0.036, -0.036, 0.001)]
            color3f[] primvars:displayColor = [(0.47, 0.51, 0.54)]
            uniform token subdivisionScheme = "none"
        }

        def Mesh "Steel_3" (
            prepend apiSchemas = ["MaterialBindingAPI"]
            customData = {
                bool newton_collision = 1
            }
        )
        {
            int[] faceVertexCounts = [3, 3, 3, 3, 3, 3, 3, 3, 3, 3, 3, 3]
            int[] faceVertexIndices = [1, 3, 0, 4, 1, 0, 0, 3, 2, 2, 4, 0, 1, 7, 3, 5, 1, 4, 5, 7, 1, 3, 7, 2, 6, 4, 2, 2, 7, 6, 6, 5, 4, 7, 5, 6]
            rel material:binding = </Looks/M_778289>
            point3f[] points = [(-0.036, 0.036, -0.002), (-0.036, 0.036, 0.001), (-0.036, 0.56, -0.002), (-0.036, 0.56, 0.001), (0.036, 0.036, -0.002), (0.036, 0.036, 0.001), (0.036, 0.56, -0.002), (0.036, 0.56, 0.001)]
            color3f[] primvars:displayColor = [(0.47, 0.51, 0.54)]
            uniform token subdivisionScheme = "none"
        }
    }

    def Xform "FarConnector"
    {
        float xformOp:rotateZ = 180
        double3 xformOp:translate = (0, 0.402, 0.01)
        uniform token[] xformOpOrder = ["xformOp:translate", "xformOp:rotateZ"]

        def Mesh "housing" (
            prepend apiSchemas = ["MaterialBindingAPI"]
            customData = {
                bool newton_collision = 1
            }
        )
        {
            int[] faceVertexCounts = [3, 3, 3, 3, 3, 3, 3, 3, 3, 3, 3, 3]
            int[] faceVertexIndices = [1, 3, 0, 4, 1, 0, 0, 3, 2, 2, 4, 0, 1, 7, 3, 5, 1, 4, 5, 7, 1, 3, 7, 2, 6, 4, 2, 2, 7, 6, 6, 5, 4, 7, 5, 6]
            rel material:binding = </Looks/M_b7bfc4>
            point3f[] points = [(-0.021, -0.0135, -0.004), (-0.021, -0.0135, 0.004), (-0.021, 0.0135, -0.004), (-0.021, 0.0135, 0.004), (0.021, -0.0135, -0.004), (0.021, -0.0135, 0.004), (0.021, 0.0135, -0.004), (0.021, 0.0135, 0.004)]
            color3f[] primvars:displayColor = [(0.72, 0.75, 0.77)]
            uniform token subdivisionScheme = "none"
        }

        def Mesh "top_ridge" (
            prepend apiSchemas = ["MaterialBindingAPI"]
            customData = {
                bool newton_collision = 0
            }
        )
        {
            int[] faceVertexCounts = [3, 3, 3, 3, 3, 3, 3, 3, 3, 3, 3, 3]
            int[] faceVertexIndices = [1, 3, 0, 4, 1, 0, 0, 3, 2, 2, 4, 0, 1, 7, 3, 5, 1, 4, 5, 7, 1, 3, 7, 2, 6, 4, 2, 2, 7, 6, 6, 5, 4, 7, 5, 6]
            rel material:binding = </Looks/M_b7bfc4>
            point3f[] points = [(-0.0215, -0.013, 0.004), (-0.0215, -0.013, 0.006), (-0.0215, -0.011, 0.004), (-0.0215, -0.011, 0.006), (0.0215, -0.013, 0.004), (0.0215, -0.013, 0.006), (0.0215, -0.011, 0.004), (0.0215, -0.011, 0.006)]
            color3f[] primvars:displayColor = [(0.72, 0.75, 0.77)]
            uniform token subdivisionScheme = "none"
        }

        def Mesh "rear_ridge" (
            prepend apiSchemas = ["MaterialBindingAPI"]
            customData = {
                bool newton_collision = 0
            }
        )
        {
            int[] faceVertexCounts = [3, 3, 3, 3, 3, 3, 3, 3, 3, 3, 3, 3]
            int[] faceVertexIndices = [1, 3, 0, 4, 1, 0, 0, 3, 2, 2, 4, 0, 1, 7, 3, 5, 1, 4, 5, 7, 1, 3, 7, 2, 6, 4, 2, 2, 7, 6, 6, 5, 4, 7, 5, 6]
            rel material:binding = </Looks/M_b7bfc4>
            point3f[] points = [(-0.0215, 0.011, 0.004), (-0.0215, 0.011, 0.006), (-0.0215, 0.013, 0.004), (-0.0215, 0.013, 0.006), (0.0215, 0.011, 0.004), (0.0215, 0.011, 0.006), (0.0215, 0.013, 0.004), (0.0215, 0.013, 0.006)]
            color3f[] primvars:displayColor = [(0.72, 0.75, 0.77)]
            uniform token subdivisionScheme = "none"
        }

        def Mesh "blue_wire_support" (
            prepend apiSchemas = ["MaterialBindingAPI"]
            customData = {
                bool newton_collision = 0
            }
        )
        {
            int[] faceVertexCounts = [3, 3, 3, 3, 3, 3, 3, 3, 3, 3, 3, 3]
            int[] faceVertexIndices = [1, 3, 0, 4, 1, 0, 0, 3, 2, 2, 4, 0, 1, 7, 3, 5, 1, 4, 5, 7, 1, 3, 7, 2, 6, 4, 2, 2, 7, 6, 6, 5, 4, 7, 5, 6]
            rel material:binding = </Looks/M_0b309e>
            point3f[] points = [(-0.01, 0.006, 0.004), (-0.01, 0.006, 0.011), (-0.01, 0.012, 0.004), (-0.01, 0.012, 0.011), (0.01, 0.006, 0.004), (0.01, 0.006, 0.011), (0.01, 0.012, 0.004), (0.01, 0.012, 0.011)]
            color3f[] primvars:displayColor = [(0.045, 0.19, 0.62)]
            uniform token subdivisionScheme = "none"
        }

        def Mesh "end_key_m1" (
            prepend apiSchemas = ["MaterialBindingAPI"]
            customData = {
                bool newton_collision = 1
            }
        )
        {
            int[] faceVertexCounts = [3, 3, 3, 3, 3, 3, 3, 3, 3, 3, 3, 3]
            int[] faceVertexIndices = [1, 3, 0, 4, 1, 0, 0, 3, 2, 2, 4, 0, 1, 7, 3, 5, 1, 4, 5, 7, 1, 3, 7, 2, 6, 4, 2, 2, 7, 6, 6, 5, 4, 7, 5, 6]
            rel material:binding = </Looks/M_b7bfc4>
            point3f[] points = [(-0.022, -0.0075, -0.002), (-0.022, -0.0075, 0.002), (-0.022, 0.0075, -0.002), (-0.022, 0.0075, 0.002), (-0.021, -0.0075, -0.002), (-0.021, -0.0075, 0.002), (-0.021, 0.0075, -0.002), (-0.021, 0.0075, 0.002)]
            color3f[] primvars:displayColor = [(0.72, 0.75, 0.77)]
            uniform token subdivisionScheme = "none"
        }

        def Mesh "grip_ear_m1" (
            prepend apiSchemas = ["MaterialBindingAPI"]
            customData = {
                bool newton_collision = 0
            }
        )
        {
            int[] faceVertexCounts = [3, 3, 3, 3, 3, 3, 3, 3, 3, 3, 3, 3]
            int[] faceVertexIndices = [1, 3, 0, 4, 1, 0, 0, 3, 2, 2, 4, 0, 1, 7, 3, 5, 1, 4, 5, 7, 1, 3, 7, 2, 6, 4, 2, 2, 7, 6, 6, 5, 4, 7, 5, 6]
            rel material:binding = </Looks/M_b7bfc4>
            point3f[] points = [(-0.0235, -0.003, 0.004), (-0.0235, -0.003, 0.006), (-0.0235, 0.003, 0.004), (-0.0235, 0.003, 0.006), (-0.0205, -0.003, 0.004), (-0.0205, -0.003, 0.006), (-0.0205, 0.003, 0.004), (-0.0205, 0.003, 0.006)]
            color3f[] primvars:displayColor = [(0.72, 0.75, 0.77)]
            uniform token subdivisionScheme = "none"
        }

        def Mesh "end_key_1" (
            prepend apiSchemas = ["MaterialBindingAPI"]
            customData = {
                bool newton_collision = 1
            }
        )
        {
            int[] faceVertexCounts = [3, 3, 3, 3, 3, 3, 3, 3, 3, 3, 3, 3]
            int[] faceVertexIndices = [1, 3, 0, 4, 1, 0, 0, 3, 2, 2, 4, 0, 1, 7, 3, 5, 1, 4, 5, 7, 1, 3, 7, 2, 6, 4, 2, 2, 7, 6, 6, 5, 4, 7, 5, 6]
            rel material:binding = </Looks/M_b7bfc4>
            point3f[] points = [(0.021, -0.0075, -0.002), (0.021, -0.0075, 0.002), (0.021, 0.0075, -0.002), (0.021, 0.0075, 0.002), (0.022, -0.0075, -0.002), (0.022, -0.0075, 0.002), (0.022, 0.0075, -0.002), (0.022, 0.0075, 0.002)]
            color3f[] primvars:displayColor = [(0.72, 0.75, 0.77)]
            uniform token subdivisionScheme = "none"
        }

        def Mesh "grip_ear_1" (
            prepend apiSchemas = ["MaterialBindingAPI"]
            customData = {
                bool newton_collision = 0
            }
        )
        {
            int[] faceVertexCounts = [3, 3, 3, 3, 3, 3, 3, 3, 3, 3, 3, 3]
            int[] faceVertexIndices = [1, 3, 0, 4, 1, 0, 0, 3, 2, 2, 4, 0, 1, 7, 3, 5, 1, 4, 5, 7, 1, 3, 7, 2, 6, 4, 2, 2, 7, 6, 6, 5, 4, 7, 5, 6]
            rel material:binding = </Looks/M_b7bfc4>
            point3f[] points = [(0.0205, -0.003, 0.004), (0.0205, -0.003, 0.006), (0.0205, 0.003, 0.004), (0.0205, 0.003, 0.006), (0.0235, -0.003, 0.004), (0.0235, -0.003, 0.006), (0.0235, 0.003, 0.004), (0.0235, 0.003, 0.006)]
            color3f[] primvars:displayColor = [(0.72, 0.75, 0.77)]
            uniform token subdivisionScheme = "none"
        }

        def Mesh "contact_recess_00" (
            prepend apiSchemas = ["MaterialBindingAPI"]
            customData = {
                bool newton_collision = 0
            }
        )
        {
            int[] faceVertexCounts = [3, 3, 3, 3, 3, 3, 3, 3, 3, 3, 3, 3]
            int[] faceVertexIndices = [1, 3, 0, 4, 1, 0, 0, 3, 2, 2, 4, 0, 1, 7, 3, 5, 1, 4, 5, 7, 1, 3, 7, 2, 6, 4, 2, 2, 7, 6, 6, 5, 4, 7, 5, 6]
            rel material:binding = </Looks/M_18191c>
            point3f[] points = [(-0.0177, -0.005, 0.00405), (-0.0177, -0.005, 0.00425), (-0.0177, -0.001, 0.00405), (-0.0177, -0.001, 0.00425), (-0.0165, -0.005, 0.00405), (-0.0165, -0.005, 0.00425), (-0.0165, -0.001, 0.00405), (-0.0165, -0.001, 0.00425)]
            color3f[] primvars:displayColor = [(0.095, 0.1, 0.11)]
            uniform token subdivisionScheme = "none"
        }

        def Mesh "contact_tip_00" (
            prepend apiSchemas = ["MaterialBindingAPI"]
            customData = {
                bool newton_collision = 0
            }
        )
        {
            int[] faceVertexCounts = [3, 3, 3, 3, 3, 3, 3, 3, 3, 3, 3, 3]
            int[] faceVertexIndices = [1, 3, 0, 4, 1, 0, 0, 3, 2, 2, 4, 0, 1, 7, 3, 5, 1, 4, 5, 7, 1, 3, 7, 2, 6, 4, 2, 2, 7, 6, 6, 5, 4, 7, 5, 6]
            rel material:binding = </Looks/M_99844c>
            point3f[] points = [(-0.017375, -0.004, 0.00419), (-0.017375, -0.004, 0.00441), (-0.017375, -0.002, 0.00419), (-0.017375, -0.002, 0.00441), (-0.016825, -0.004, 0.00419), (-0.016825, -0.004, 0.00441), (-0.016825, -0.002, 0.00419), (-0.016825, -0.002, 0.00441)]
            color3f[] primvars:displayColor = [(0.6, 0.52, 0.3)]
            uniform token subdivisionScheme = "none"
        }

        def Mesh "contact_recess_01" (
            prepend apiSchemas = ["MaterialBindingAPI"]
            customData = {
                bool newton_collision = 0
            }
        )
        {
            int[] faceVertexCounts = [3, 3, 3, 3, 3, 3, 3, 3, 3, 3, 3, 3]
            int[] faceVertexIndices = [1, 3, 0, 4, 1, 0, 0, 3, 2, 2, 4, 0, 1, 7, 3, 5, 1, 4, 5, 7, 1, 3, 7, 2, 6, 4, 2, 2, 7, 6, 6, 5, 4, 7, 5, 6]
            rel material:binding = </Looks/M_18191c>
            point3f[] points = [(-0.0159, -0.005, 0.00405), (-0.0159, -0.005, 0.00425), (-0.0159, -0.001, 0.00405), (-0.0159, -0.001, 0.00425), (-0.0147, -0.005, 0.00405), (-0.0147, -0.005, 0.00425), (-0.0147, -0.001, 0.00405), (-0.0147, -0.001, 0.00425)]
            color3f[] primvars:displayColor = [(0.095, 0.1, 0.11)]
            uniform token subdivisionScheme = "none"
        }

        def Mesh "contact_tip_01" (
            prepend apiSchemas = ["MaterialBindingAPI"]
            customData = {
                bool newton_collision = 0
            }
        )
        {
            int[] faceVertexCounts = [3, 3, 3, 3, 3, 3, 3, 3, 3, 3, 3, 3]
            int[] faceVertexIndices = [1, 3, 0, 4, 1, 0, 0, 3, 2, 2, 4, 0, 1, 7, 3, 5, 1, 4, 5, 7, 1, 3, 7, 2, 6, 4, 2, 2, 7, 6, 6, 5, 4, 7, 5, 6]
            rel material:binding = </Looks/M_99844c>
            point3f[] points = [(-0.015575, -0.004, 0.00419), (-0.015575, -0.004, 0.00441), (-0.015575, -0.002, 0.00419), (-0.015575, -0.002, 0.00441), (-0.015025, -0.004, 0.00419), (-0.015025, -0.004, 0.00441), (-0.015025, -0.002, 0.00419), (-0.015025, -0.002, 0.00441)]
            color3f[] primvars:displayColor = [(0.6, 0.52, 0.3)]
            uniform token subdivisionScheme = "none"
        }

        def Mesh "contact_recess_02" (
            prepend apiSchemas = ["MaterialBindingAPI"]
            customData = {
                bool newton_collision = 0
            }
        )
        {
            int[] faceVertexCounts = [3, 3, 3, 3, 3, 3, 3, 3, 3, 3, 3, 3]
            int[] faceVertexIndices = [1, 3, 0, 4, 1, 0, 0, 3, 2, 2, 4, 0, 1, 7, 3, 5, 1, 4, 5, 7, 1, 3, 7, 2, 6, 4, 2, 2, 7, 6, 6, 5, 4, 7, 5, 6]
            rel material:binding = </Looks/M_18191c>
            point3f[] points = [(-0.0141, -0.005, 0.00405), (-0.0141, -0.005, 0.00425), (-0.0141, -0.001, 0.00405), (-0.0141, -0.001, 0.00425), (-0.0129, -0.005, 0.00405), (-0.0129, -0.005, 0.00425), (-0.0129, -0.001, 0.00405), (-0.0129, -0.001, 0.00425)]
            color3f[] primvars:displayColor = [(0.095, 0.1, 0.11)]
            uniform token subdivisionScheme = "none"
        }

        def Mesh "contact_tip_02" (
            prepend apiSchemas = ["MaterialBindingAPI"]
            customData = {
                bool newton_collision = 0
            }
        )
        {
            int[] faceVertexCounts = [3, 3, 3, 3, 3, 3, 3, 3, 3, 3, 3, 3]
            int[] faceVertexIndices = [1, 3, 0, 4, 1, 0, 0, 3, 2, 2, 4, 0, 1, 7, 3, 5, 1, 4, 5, 7, 1, 3, 7, 2, 6, 4, 2, 2, 7, 6, 6, 5, 4, 7, 5, 6]
            rel material:binding = </Looks/M_99844c>
            point3f[] points = [(-0.013775, -0.004, 0.00419), (-0.013775, -0.004, 0.00441), (-0.013775, -0.002, 0.00419), (-0.013775, -0.002, 0.00441), (-0.013225, -0.004, 0.00419), (-0.013225, -0.004, 0.00441), (-0.013225, -0.002, 0.00419), (-0.013225, -0.002, 0.00441)]
            color3f[] primvars:displayColor = [(0.6, 0.52, 0.3)]
            uniform token subdivisionScheme = "none"
        }

        def Mesh "contact_recess_03" (
            prepend apiSchemas = ["MaterialBindingAPI"]
            customData = {
                bool newton_collision = 0
            }
        )
        {
            int[] faceVertexCounts = [3, 3, 3, 3, 3, 3, 3, 3, 3, 3, 3, 3]
            int[] faceVertexIndices = [1, 3, 0, 4, 1, 0, 0, 3, 2, 2, 4, 0, 1, 7, 3, 5, 1, 4, 5, 7, 1, 3, 7, 2, 6, 4, 2, 2, 7, 6, 6, 5, 4, 7, 5, 6]
            rel material:binding = </Looks/M_18191c>
            point3f[] points = [(-0.0123, -0.005, 0.00405), (-0.0123, -0.005, 0.00425), (-0.0123, -0.001, 0.00405), (-0.0123, -0.001, 0.00425), (-0.0111, -0.005, 0.00405), (-0.0111, -0.005, 0.00425), (-0.0111, -0.001, 0.00405), (-0.0111, -0.001, 0.00425)]
            color3f[] primvars:displayColor = [(0.095, 0.1, 0.11)]
            uniform token subdivisionScheme = "none"
        }

        def Mesh "contact_tip_03" (
            prepend apiSchemas = ["MaterialBindingAPI"]
            customData = {
                bool newton_collision = 0
            }
        )
        {
            int[] faceVertexCounts = [3, 3, 3, 3, 3, 3, 3, 3, 3, 3, 3, 3]
            int[] faceVertexIndices = [1, 3, 0, 4, 1, 0, 0, 3, 2, 2, 4, 0, 1, 7, 3, 5, 1, 4, 5, 7, 1, 3, 7, 2, 6, 4, 2, 2, 7, 6, 6, 5, 4, 7, 5, 6]
            rel material:binding = </Looks/M_99844c>
            point3f[] points = [(-0.011975, -0.004, 0.00419), (-0.011975, -0.004, 0.00441), (-0.011975, -0.002, 0.00419), (-0.011975, -0.002, 0.00441), (-0.011425, -0.004, 0.00419), (-0.011425, -0.004, 0.00441), (-0.011425, -0.002, 0.00419), (-0.011425, -0.002, 0.00441)]
            color3f[] primvars:displayColor = [(0.6, 0.52, 0.3)]
            uniform token subdivisionScheme = "none"
        }

        def Mesh "contact_recess_04" (
            prepend apiSchemas = ["MaterialBindingAPI"]
            customData = {
                bool newton_collision = 0
            }
        )
        {
            int[] faceVertexCounts = [3, 3, 3, 3, 3, 3, 3, 3, 3, 3, 3, 3]
            int[] faceVertexIndices = [1, 3, 0, 4, 1, 0, 0, 3, 2, 2, 4, 0, 1, 7, 3, 5, 1, 4, 5, 7, 1, 3, 7, 2, 6, 4, 2, 2, 7, 6, 6, 5, 4, 7, 5, 6]
            rel material:binding = </Looks/M_18191c>
            point3f[] points = [(-0.0105, -0.005, 0.00405), (-0.0105, -0.005, 0.00425), (-0.0105, -0.001, 0.00405), (-0.0105, -0.001, 0.00425), (-0.0093, -0.005, 0.00405), (-0.0093, -0.005, 0.00425), (-0.0093, -0.001, 0.00405), (-0.0093, -0.001, 0.00425)]
            color3f[] primvars:displayColor = [(0.095, 0.1, 0.11)]
            uniform token subdivisionScheme = "none"
        }

        def Mesh "contact_tip_04" (
            prepend apiSchemas = ["MaterialBindingAPI"]
            customData = {
                bool newton_collision = 0
            }
        )
        {
            int[] faceVertexCounts = [3, 3, 3, 3, 3, 3, 3, 3, 3, 3, 3, 3]
            int[] faceVertexIndices = [1, 3, 0, 4, 1, 0, 0, 3, 2, 2, 4, 0, 1, 7, 3, 5, 1, 4, 5, 7, 1, 3, 7, 2, 6, 4, 2, 2, 7, 6, 6, 5, 4, 7, 5, 6]
            rel material:binding = </Looks/M_99844c>
            point3f[] points = [(-0.010175, -0.004, 0.00419), (-0.010175, -0.004, 0.00441), (-0.010175, -0.002, 0.00419), (-0.010175, -0.002, 0.00441), (-0.009625, -0.004, 0.00419), (-0.009625, -0.004, 0.00441), (-0.009625, -0.002, 0.00419), (-0.009625, -0.002, 0.00441)]
            color3f[] primvars:displayColor = [(0.6, 0.52, 0.3)]
            uniform token subdivisionScheme = "none"
        }

        def Mesh "contact_recess_05" (
            prepend apiSchemas = ["MaterialBindingAPI"]
            customData = {
                bool newton_collision = 0
            }
        )
        {
            int[] faceVertexCounts = [3, 3, 3, 3, 3, 3, 3, 3, 3, 3, 3, 3]
            int[] faceVertexIndices = [1, 3, 0, 4, 1, 0, 0, 3, 2, 2, 4, 0, 1, 7, 3, 5, 1, 4, 5, 7, 1, 3, 7, 2, 6, 4, 2, 2, 7, 6, 6, 5, 4, 7, 5, 6]
            rel material:binding = </Looks/M_18191c>
            point3f[] points = [(-0.0087, -0.005, 0.00405), (-0.0087, -0.005, 0.00425), (-0.0087, -0.001, 0.00405), (-0.0087, -0.001, 0.00425), (-0.0075, -0.005, 0.00405), (-0.0075, -0.005, 0.00425), (-0.0075, -0.001, 0.00405), (-0.0075, -0.001, 0.00425)]
            color3f[] primvars:displayColor = [(0.095, 0.1, 0.11)]
            uniform token subdivisionScheme = "none"
        }

        def Mesh "contact_tip_05" (
            prepend apiSchemas = ["MaterialBindingAPI"]
            customData = {
                bool newton_collision = 0
            }
        )
        {
            int[] faceVertexCounts = [3, 3, 3, 3, 3, 3, 3, 3, 3, 3, 3, 3]
            int[] faceVertexIndices = [1, 3, 0, 4, 1, 0, 0, 3, 2, 2, 4, 0, 1, 7, 3, 5, 1, 4, 5, 7, 1, 3, 7, 2, 6, 4, 2, 2, 7, 6, 6, 5, 4, 7, 5, 6]
            rel material:binding = </Looks/M_99844c>
            point3f[] points = [(-0.008375, -0.004, 0.00419), (-0.008375, -0.004, 0.00441), (-0.008375, -0.002, 0.00419), (-0.008375, -0.002, 0.00441), (-0.007825, -0.004, 0.00419), (-0.007825, -0.004, 0.00441), (-0.007825, -0.002, 0.00419), (-0.007825, -0.002, 0.00441)]
            color3f[] primvars:displayColor = [(0.6, 0.52, 0.3)]
            uniform token subdivisionScheme = "none"
        }

        def Mesh "contact_recess_06" (
            prepend apiSchemas = ["MaterialBindingAPI"]
            customData = {
                bool newton_collision = 0
            }
        )
        {
            int[] faceVertexCounts = [3, 3, 3, 3, 3, 3, 3, 3, 3, 3, 3, 3]
            int[] faceVertexIndices = [1, 3, 0, 4, 1, 0, 0, 3, 2, 2, 4, 0, 1, 7, 3, 5, 1, 4, 5, 7, 1, 3, 7, 2, 6, 4, 2, 2, 7, 6, 6, 5, 4, 7, 5, 6]
            rel material:binding = </Looks/M_18191c>
            point3f[] points = [(-0.0069, -0.005, 0.00405), (-0.0069, -0.005, 0.00425), (-0.0069, -0.001, 0.00405), (-0.0069, -0.001, 0.00425), (-0.0057, -0.005, 0.00405), (-0.0057, -0.005, 0.00425), (-0.0057, -0.001, 0.00405), (-0.0057, -0.001, 0.00425)]
            color3f[] primvars:displayColor = [(0.095, 0.1, 0.11)]
            uniform token subdivisionScheme = "none"
        }

        def Mesh "contact_tip_06" (
            prepend apiSchemas = ["MaterialBindingAPI"]
            customData = {
                bool newton_collision = 0
            }
        )
        {
            int[] faceVertexCounts = [3, 3, 3, 3, 3, 3, 3, 3, 3, 3, 3, 3]
            int[] faceVertexIndices = [1, 3, 0, 4, 1, 0, 0, 3, 2, 2, 4, 0, 1, 7, 3, 5, 1, 4, 5, 7, 1, 3, 7, 2, 6, 4, 2, 2, 7, 6, 6, 5, 4, 7, 5, 6]
            rel material:binding = </Looks/M_99844c>
            point3f[] points = [(-0.006575, -0.004, 0.00419), (-0.006575, -0.004, 0.00441), (-0.006575, -0.002, 0.00419), (-0.006575, -0.002, 0.00441), (-0.006025, -0.004, 0.00419), (-0.006025, -0.004, 0.00441), (-0.006025, -0.002, 0.00419), (-0.006025, -0.002, 0.00441)]
            color3f[] primvars:displayColor = [(0.6, 0.52, 0.3)]
            uniform token subdivisionScheme = "none"
        }

        def Mesh "contact_recess_07" (
            prepend apiSchemas = ["MaterialBindingAPI"]
            customData = {
                bool newton_collision = 0
            }
        )
        {
            int[] faceVertexCounts = [3, 3, 3, 3, 3, 3, 3, 3, 3, 3, 3, 3]
            int[] faceVertexIndices = [1, 3, 0, 4, 1, 0, 0, 3, 2, 2, 4, 0, 1, 7, 3, 5, 1, 4, 5, 7, 1, 3, 7, 2, 6, 4, 2, 2, 7, 6, 6, 5, 4, 7, 5, 6]
            rel material:binding = </Looks/M_18191c>
            point3f[] points = [(-0.0051, -0.005, 0.00405), (-0.0051, -0.005, 0.00425), (-0.0051, -0.001, 0.00405), (-0.0051, -0.001, 0.00425), (-0.0039, -0.005, 0.00405), (-0.0039, -0.005, 0.00425), (-0.0039, -0.001, 0.00405), (-0.0039, -0.001, 0.00425)]
            color3f[] primvars:displayColor = [(0.095, 0.1, 0.11)]
            uniform token subdivisionScheme = "none"
        }

        def Mesh "contact_tip_07" (
            prepend apiSchemas = ["MaterialBindingAPI"]
            customData = {
                bool newton_collision = 0
            }
        )
        {
            int[] faceVertexCounts = [3, 3, 3, 3, 3, 3, 3, 3, 3, 3, 3, 3]
            int[] faceVertexIndices = [1, 3, 0, 4, 1, 0, 0, 3, 2, 2, 4, 0, 1, 7, 3, 5, 1, 4, 5, 7, 1, 3, 7, 2, 6, 4, 2, 2, 7, 6, 6, 5, 4, 7, 5, 6]
            rel material:binding = </Looks/M_99844c>
            point3f[] points = [(-0.004775, -0.004, 0.00419), (-0.004775, -0.004, 0.00441), (-0.004775, -0.002, 0.00419), (-0.004775, -0.002, 0.00441), (-0.004225, -0.004, 0.00419), (-0.004225, -0.004, 0.00441), (-0.004225, -0.002, 0.00419), (-0.004225, -0.002, 0.00441)]
            color3f[] primvars:displayColor = [(0.6, 0.52, 0.3)]
            uniform token subdivisionScheme = "none"
        }

        def Mesh "contact_recess_08" (
            prepend apiSchemas = ["MaterialBindingAPI"]
            customData = {
                bool newton_collision = 0
            }
        )
        {
            int[] faceVertexCounts = [3, 3, 3, 3, 3, 3, 3, 3, 3, 3, 3, 3]
            int[] faceVertexIndices = [1, 3, 0, 4, 1, 0, 0, 3, 2, 2, 4, 0, 1, 7, 3, 5, 1, 4, 5, 7, 1, 3, 7, 2, 6, 4, 2, 2, 7, 6, 6, 5, 4, 7, 5, 6]
            rel material:binding = </Looks/M_18191c>
            point3f[] points = [(-0.0033, -0.005, 0.00405), (-0.0033, -0.005, 0.00425), (-0.0033, -0.001, 0.00405), (-0.0033, -0.001, 0.00425), (-0.0021, -0.005, 0.00405), (-0.0021, -0.005, 0.00425), (-0.0021, -0.001, 0.00405), (-0.0021, -0.001, 0.00425)]
            color3f[] primvars:displayColor = [(0.095, 0.1, 0.11)]
            uniform token subdivisionScheme = "none"
        }

        def Mesh "contact_tip_08" (
            prepend apiSchemas = ["MaterialBindingAPI"]
            customData = {
                bool newton_collision = 0
            }
        )
        {
            int[] faceVertexCounts = [3, 3, 3, 3, 3, 3, 3, 3, 3, 3, 3, 3]
            int[] faceVertexIndices = [1, 3, 0, 4, 1, 0, 0, 3, 2, 2, 4, 0, 1, 7, 3, 5, 1, 4, 5, 7, 1, 3, 7, 2, 6, 4, 2, 2, 7, 6, 6, 5, 4, 7, 5, 6]
            rel material:binding = </Looks/M_99844c>
            point3f[] points = [(-0.002975, -0.004, 0.00419), (-0.002975, -0.004, 0.00441), (-0.002975, -0.002, 0.00419), (-0.002975, -0.002, 0.00441), (-0.002425, -0.004, 0.00419), (-0.002425, -0.004, 0.00441), (-0.002425, -0.002, 0.00419), (-0.002425, -0.002, 0.00441)]
            color3f[] primvars:displayColor = [(0.6, 0.52, 0.3)]
            uniform token subdivisionScheme = "none"
        }

        def Mesh "contact_recess_09" (
            prepend apiSchemas = ["MaterialBindingAPI"]
            customData = {
                bool newton_collision = 0
            }
        )
        {
            int[] faceVertexCounts = [3, 3, 3, 3, 3, 3, 3, 3, 3, 3, 3, 3]
            int[] faceVertexIndices = [1, 3, 0, 4, 1, 0, 0, 3, 2, 2, 4, 0, 1, 7, 3, 5, 1, 4, 5, 7, 1, 3, 7, 2, 6, 4, 2, 2, 7, 6, 6, 5, 4, 7, 5, 6]
            rel material:binding = </Looks/M_18191c>
            point3f[] points = [(-0.0015, -0.005, 0.00405), (-0.0015, -0.005, 0.00425), (-0.0015, -0.001, 0.00405), (-0.0015, -0.001, 0.00425), (-0.0003, -0.005, 0.00405), (-0.0003, -0.005, 0.00425), (-0.0003, -0.001, 0.00405), (-0.0003, -0.001, 0.00425)]
            color3f[] primvars:displayColor = [(0.095, 0.1, 0.11)]
            uniform token subdivisionScheme = "none"
        }

        def Mesh "contact_tip_09" (
            prepend apiSchemas = ["MaterialBindingAPI"]
            customData = {
                bool newton_collision = 0
            }
        )
        {
            int[] faceVertexCounts = [3, 3, 3, 3, 3, 3, 3, 3, 3, 3, 3, 3]
            int[] faceVertexIndices = [1, 3, 0, 4, 1, 0, 0, 3, 2, 2, 4, 0, 1, 7, 3, 5, 1, 4, 5, 7, 1, 3, 7, 2, 6, 4, 2, 2, 7, 6, 6, 5, 4, 7, 5, 6]
            rel material:binding = </Looks/M_99844c>
            point3f[] points = [(-0.001175, -0.004, 0.00419), (-0.001175, -0.004, 0.00441), (-0.001175, -0.002, 0.00419), (-0.001175, -0.002, 0.00441), (-0.000625, -0.004, 0.00419), (-0.000625, -0.004, 0.00441), (-0.000625, -0.002, 0.00419), (-0.000625, -0.002, 0.00441)]
            color3f[] primvars:displayColor = [(0.6, 0.52, 0.3)]
            uniform token subdivisionScheme = "none"
        }

        def Mesh "contact_recess_10" (
            prepend apiSchemas = ["MaterialBindingAPI"]
            customData = {
                bool newton_collision = 0
            }
        )
        {
            int[] faceVertexCounts = [3, 3, 3, 3, 3, 3, 3, 3, 3, 3, 3, 3]
            int[] faceVertexIndices = [1, 3, 0, 4, 1, 0, 0, 3, 2, 2, 4, 0, 1, 7, 3, 5, 1, 4, 5, 7, 1, 3, 7, 2, 6, 4, 2, 2, 7, 6, 6, 5, 4, 7, 5, 6]
            rel material:binding = </Looks/M_18191c>
            point3f[] points = [(0.0003, -0.005, 0.00405), (0.0003, -0.005, 0.00425), (0.0003, -0.001, 0.00405), (0.0003, -0.001, 0.00425), (0.0015, -0.005, 0.00405), (0.0015, -0.005, 0.00425), (0.0015, -0.001, 0.00405), (0.0015, -0.001, 0.00425)]
            color3f[] primvars:displayColor = [(0.095, 0.1, 0.11)]
            uniform token subdivisionScheme = "none"
        }

        def Mesh "contact_tip_10" (
            prepend apiSchemas = ["MaterialBindingAPI"]
            customData = {
                bool newton_collision = 0
            }
        )
        {
            int[] faceVertexCounts = [3, 3, 3, 3, 3, 3, 3, 3, 3, 3, 3, 3]
            int[] faceVertexIndices = [1, 3, 0, 4, 1, 0, 0, 3, 2, 2, 4, 0, 1, 7, 3, 5, 1, 4, 5, 7, 1, 3, 7, 2, 6, 4, 2, 2, 7, 6, 6, 5, 4, 7, 5, 6]
            rel material:binding = </Looks/M_99844c>
            point3f[] points = [(0.000625, -0.004, 0.00419), (0.000625, -0.004, 0.00441), (0.000625, -0.002, 0.00419), (0.000625, -0.002, 0.00441), (0.001175, -0.004, 0.00419), (0.001175, -0.004, 0.00441), (0.001175, -0.002, 0.00419), (0.001175, -0.002, 0.00441)]
            color3f[] primvars:displayColor = [(0.6, 0.52, 0.3)]
            uniform token subdivisionScheme = "none"
        }

        def Mesh "contact_recess_11" (
            prepend apiSchemas = ["MaterialBindingAPI"]
            customData = {
                bool newton_collision = 0
            }
        )
        {
            int[] faceVertexCounts = [3, 3, 3, 3, 3, 3, 3, 3, 3, 3, 3, 3]
            int[] faceVertexIndices = [1, 3, 0, 4, 1, 0, 0, 3, 2, 2, 4, 0, 1, 7, 3, 5, 1, 4, 5, 7, 1, 3, 7, 2, 6, 4, 2, 2, 7, 6, 6, 5, 4, 7, 5, 6]
            rel material:binding = </Looks/M_18191c>
            point3f[] points = [(0.0021, -0.005, 0.00405), (0.0021, -0.005, 0.00425), (0.0021, -0.001, 0.00405), (0.0021, -0.001, 0.00425), (0.0033, -0.005, 0.00405), (0.0033, -0.005, 0.00425), (0.0033, -0.001, 0.00405), (0.0033, -0.001, 0.00425)]
            color3f[] primvars:displayColor = [(0.095, 0.1, 0.11)]
            uniform token subdivisionScheme = "none"
        }

        def Mesh "contact_tip_11" (
            prepend apiSchemas = ["MaterialBindingAPI"]
            customData = {
                bool newton_collision = 0
            }
        )
        {
            int[] faceVertexCounts = [3, 3, 3, 3, 3, 3, 3, 3, 3, 3, 3, 3]
            int[] faceVertexIndices = [1, 3, 0, 4, 1, 0, 0, 3, 2, 2, 4, 0, 1, 7, 3, 5, 1, 4, 5, 7, 1, 3, 7, 2, 6, 4, 2, 2, 7, 6, 6, 5, 4, 7, 5, 6]
            rel material:binding = </Looks/M_99844c>
            point3f[] points = [(0.002425, -0.004, 0.00419), (0.002425, -0.004, 0.00441), (0.002425, -0.002, 0.00419), (0.002425, -0.002, 0.00441), (0.002975, -0.004, 0.00419), (0.002975, -0.004, 0.00441), (0.002975, -0.002, 0.00419), (0.002975, -0.002, 0.00441)]
            color3f[] primvars:displayColor = [(0.6, 0.52, 0.3)]
            uniform token subdivisionScheme = "none"
        }

        def Mesh "contact_recess_12" (
            prepend apiSchemas = ["MaterialBindingAPI"]
            customData = {
                bool newton_collision = 0
            }
        )
        {
            int[] faceVertexCounts = [3, 3, 3, 3, 3, 3, 3, 3, 3, 3, 3, 3]
            int[] faceVertexIndices = [1, 3, 0, 4, 1, 0, 0, 3, 2, 2, 4, 0, 1, 7, 3, 5, 1, 4, 5, 7, 1, 3, 7, 2, 6, 4, 2, 2, 7, 6, 6, 5, 4, 7, 5, 6]
            rel material:binding = </Looks/M_18191c>
            point3f[] points = [(0.0039, -0.005, 0.00405), (0.0039, -0.005, 0.00425), (0.0039, -0.001, 0.00405), (0.0039, -0.001, 0.00425), (0.0051, -0.005, 0.00405), (0.0051, -0.005, 0.00425), (0.0051, -0.001, 0.00405), (0.0051, -0.001, 0.00425)]
            color3f[] primvars:displayColor = [(0.095, 0.1, 0.11)]
            uniform token subdivisionScheme = "none"
        }

        def Mesh "contact_tip_12" (
            prepend apiSchemas = ["MaterialBindingAPI"]
            customData = {
                bool newton_collision = 0
            }
        )
        {
            int[] faceVertexCounts = [3, 3, 3, 3, 3, 3, 3, 3, 3, 3, 3, 3]
            int[] faceVertexIndices = [1, 3, 0, 4, 1, 0, 0, 3, 2, 2, 4, 0, 1, 7, 3, 5, 1, 4, 5, 7, 1, 3, 7, 2, 6, 4, 2, 2, 7, 6, 6, 5, 4, 7, 5, 6]
            rel material:binding = </Looks/M_99844c>
            point3f[] points = [(0.004225, -0.004, 0.00419), (0.004225, -0.004, 0.00441), (0.004225, -0.002, 0.00419), (0.004225, -0.002, 0.00441), (0.004775, -0.004, 0.00419), (0.004775, -0.004, 0.00441), (0.004775, -0.002, 0.00419), (0.004775, -0.002, 0.00441)]
            color3f[] primvars:displayColor = [(0.6, 0.52, 0.3)]
            uniform token subdivisionScheme = "none"
        }

        def Mesh "contact_recess_13" (
            prepend apiSchemas = ["MaterialBindingAPI"]
            customData = {
                bool newton_collision = 0
            }
        )
        {
            int[] faceVertexCounts = [3, 3, 3, 3, 3, 3, 3, 3, 3, 3, 3, 3]
            int[] faceVertexIndices = [1, 3, 0, 4, 1, 0, 0, 3, 2, 2, 4, 0, 1, 7, 3, 5, 1, 4, 5, 7, 1, 3, 7, 2, 6, 4, 2, 2, 7, 6, 6, 5, 4, 7, 5, 6]
            rel material:binding = </Looks/M_18191c>
            point3f[] points = [(0.0057, -0.005, 0.00405), (0.0057, -0.005, 0.00425), (0.0057, -0.001, 0.00405), (0.0057, -0.001, 0.00425), (0.0069, -0.005, 0.00405), (0.0069, -0.005, 0.00425), (0.0069, -0.001, 0.00405), (0.0069, -0.001, 0.00425)]
            color3f[] primvars:displayColor = [(0.095, 0.1, 0.11)]
            uniform token subdivisionScheme = "none"
        }

        def Mesh "contact_tip_13" (
            prepend apiSchemas = ["MaterialBindingAPI"]
            customData = {
                bool newton_collision = 0
            }
        )
        {
            int[] faceVertexCounts = [3, 3, 3, 3, 3, 3, 3, 3, 3, 3, 3, 3]
            int[] faceVertexIndices = [1, 3, 0, 4, 1, 0, 0, 3, 2, 2, 4, 0, 1, 7, 3, 5, 1, 4, 5, 7, 1, 3, 7, 2, 6, 4, 2, 2, 7, 6, 6, 5, 4, 7, 5, 6]
            rel material:binding = </Looks/M_99844c>
            point3f[] points = [(0.006025, -0.004, 0.00419), (0.006025, -0.004, 0.00441), (0.006025, -0.002, 0.00419), (0.006025, -0.002, 0.00441), (0.006575, -0.004, 0.00419), (0.006575, -0.004, 0.00441), (0.006575, -0.002, 0.00419), (0.006575, -0.002, 0.00441)]
            color3f[] primvars:displayColor = [(0.6, 0.52, 0.3)]
            uniform token subdivisionScheme = "none"
        }

        def Mesh "contact_recess_14" (
            prepend apiSchemas = ["MaterialBindingAPI"]
            customData = {
                bool newton_collision = 0
            }
        )
        {
            int[] faceVertexCounts = [3, 3, 3, 3, 3, 3, 3, 3, 3, 3, 3, 3]
            int[] faceVertexIndices = [1, 3, 0, 4, 1, 0, 0, 3, 2, 2, 4, 0, 1, 7, 3, 5, 1, 4, 5, 7, 1, 3, 7, 2, 6, 4, 2, 2, 7, 6, 6, 5, 4, 7, 5, 6]
            rel material:binding = </Looks/M_18191c>
            point3f[] points = [(0.0075, -0.005, 0.00405), (0.0075, -0.005, 0.00425), (0.0075, -0.001, 0.00405), (0.0075, -0.001, 0.00425), (0.0087, -0.005, 0.00405), (0.0087, -0.005, 0.00425), (0.0087, -0.001, 0.00405), (0.0087, -0.001, 0.00425)]
            color3f[] primvars:displayColor = [(0.095, 0.1, 0.11)]
            uniform token subdivisionScheme = "none"
        }

        def Mesh "contact_tip_14" (
            prepend apiSchemas = ["MaterialBindingAPI"]
            customData = {
                bool newton_collision = 0
            }
        )
        {
            int[] faceVertexCounts = [3, 3, 3, 3, 3, 3, 3, 3, 3, 3, 3, 3]
            int[] faceVertexIndices = [1, 3, 0, 4, 1, 0, 0, 3, 2, 2, 4, 0, 1, 7, 3, 5, 1, 4, 5, 7, 1, 3, 7, 2, 6, 4, 2, 2, 7, 6, 6, 5, 4, 7, 5, 6]
            rel material:binding = </Looks/M_99844c>
            point3f[] points = [(0.007825, -0.004, 0.00419), (0.007825, -0.004, 0.00441), (0.007825, -0.002, 0.00419), (0.007825, -0.002, 0.00441), (0.008375, -0.004, 0.00419), (0.008375, -0.004, 0.00441), (0.008375, -0.002, 0.00419), (0.008375, -0.002, 0.00441)]
            color3f[] primvars:displayColor = [(0.6, 0.52, 0.3)]
            uniform token subdivisionScheme = "none"
        }

        def Mesh "contact_recess_15" (
            prepend apiSchemas = ["MaterialBindingAPI"]
            customData = {
                bool newton_collision = 0
            }
        )
        {
            int[] faceVertexCounts = [3, 3, 3, 3, 3, 3, 3, 3, 3, 3, 3, 3]
            int[] faceVertexIndices = [1, 3, 0, 4, 1, 0, 0, 3, 2, 2, 4, 0, 1, 7, 3, 5, 1, 4, 5, 7, 1, 3, 7, 2, 6, 4, 2, 2, 7, 6, 6, 5, 4, 7, 5, 6]
            rel material:binding = </Looks/M_18191c>
            point3f[] points = [(0.0093, -0.005, 0.00405), (0.0093, -0.005, 0.00425), (0.0093, -0.001, 0.00405), (0.0093, -0.001, 0.00425), (0.0105, -0.005, 0.00405), (0.0105, -0.005, 0.00425), (0.0105, -0.001, 0.00405), (0.0105, -0.001, 0.00425)]
            color3f[] primvars:displayColor = [(0.095, 0.1, 0.11)]
            uniform token subdivisionScheme = "none"
        }

        def Mesh "contact_tip_15" (
            prepend apiSchemas = ["MaterialBindingAPI"]
            customData = {
                bool newton_collision = 0
            }
        )
        {
            int[] faceVertexCounts = [3, 3, 3, 3, 3, 3, 3, 3, 3, 3, 3, 3]
            int[] faceVertexIndices = [1, 3, 0, 4, 1, 0, 0, 3, 2, 2, 4, 0, 1, 7, 3, 5, 1, 4, 5, 7, 1, 3, 7, 2, 6, 4, 2, 2, 7, 6, 6, 5, 4, 7, 5, 6]
            rel material:binding = </Looks/M_99844c>
            point3f[] points = [(0.009625, -0.004, 0.00419), (0.009625, -0.004, 0.00441), (0.009625, -0.002, 0.00419), (0.009625, -0.002, 0.00441), (0.010175, -0.004, 0.00419), (0.010175, -0.004, 0.00441), (0.010175, -0.002, 0.00419), (0.010175, -0.002, 0.00441)]
            color3f[] primvars:displayColor = [(0.6, 0.52, 0.3)]
            uniform token subdivisionScheme = "none"
        }

        def Mesh "contact_recess_16" (
            prepend apiSchemas = ["MaterialBindingAPI"]
            customData = {
                bool newton_collision = 0
            }
        )
        {
            int[] faceVertexCounts = [3, 3, 3, 3, 3, 3, 3, 3, 3, 3, 3, 3]
            int[] faceVertexIndices = [1, 3, 0, 4, 1, 0, 0, 3, 2, 2, 4, 0, 1, 7, 3, 5, 1, 4, 5, 7, 1, 3, 7, 2, 6, 4, 2, 2, 7, 6, 6, 5, 4, 7, 5, 6]
            rel material:binding = </Looks/M_18191c>
            point3f[] points = [(0.0111, -0.005, 0.00405), (0.0111, -0.005, 0.00425), (0.0111, -0.001, 0.00405), (0.0111, -0.001, 0.00425), (0.0123, -0.005, 0.00405), (0.0123, -0.005, 0.00425), (0.0123, -0.001, 0.00405), (0.0123, -0.001, 0.00425)]
            color3f[] primvars:displayColor = [(0.095, 0.1, 0.11)]
            uniform token subdivisionScheme = "none"
        }

        def Mesh "contact_tip_16" (
            prepend apiSchemas = ["MaterialBindingAPI"]
            customData = {
                bool newton_collision = 0
            }
        )
        {
            int[] faceVertexCounts = [3, 3, 3, 3, 3, 3, 3, 3, 3, 3, 3, 3]
            int[] faceVertexIndices = [1, 3, 0, 4, 1, 0, 0, 3, 2, 2, 4, 0, 1, 7, 3, 5, 1, 4, 5, 7, 1, 3, 7, 2, 6, 4, 2, 2, 7, 6, 6, 5, 4, 7, 5, 6]
            rel material:binding = </Looks/M_99844c>
            point3f[] points = [(0.011425, -0.004, 0.00419), (0.011425, -0.004, 0.00441), (0.011425, -0.002, 0.00419), (0.011425, -0.002, 0.00441), (0.011975, -0.004, 0.00419), (0.011975, -0.004, 0.00441), (0.011975, -0.002, 0.00419), (0.011975, -0.002, 0.00441)]
            color3f[] primvars:displayColor = [(0.6, 0.52, 0.3)]
            uniform token subdivisionScheme = "none"
        }

        def Mesh "contact_recess_17" (
            prepend apiSchemas = ["MaterialBindingAPI"]
            customData = {
                bool newton_collision = 0
            }
        )
        {
            int[] faceVertexCounts = [3, 3, 3, 3, 3, 3, 3, 3, 3, 3, 3, 3]
            int[] faceVertexIndices = [1, 3, 0, 4, 1, 0, 0, 3, 2, 2, 4, 0, 1, 7, 3, 5, 1, 4, 5, 7, 1, 3, 7, 2, 6, 4, 2, 2, 7, 6, 6, 5, 4, 7, 5, 6]
            rel material:binding = </Looks/M_18191c>
            point3f[] points = [(0.0129, -0.005, 0.00405), (0.0129, -0.005, 0.00425), (0.0129, -0.001, 0.00405), (0.0129, -0.001, 0.00425), (0.0141, -0.005, 0.00405), (0.0141, -0.005, 0.00425), (0.0141, -0.001, 0.00405), (0.0141, -0.001, 0.00425)]
            color3f[] primvars:displayColor = [(0.095, 0.1, 0.11)]
            uniform token subdivisionScheme = "none"
        }

        def Mesh "contact_tip_17" (
            prepend apiSchemas = ["MaterialBindingAPI"]
            customData = {
                bool newton_collision = 0
            }
        )
        {
            int[] faceVertexCounts = [3, 3, 3, 3, 3, 3, 3, 3, 3, 3, 3, 3]
            int[] faceVertexIndices = [1, 3, 0, 4, 1, 0, 0, 3, 2, 2, 4, 0, 1, 7, 3, 5, 1, 4, 5, 7, 1, 3, 7, 2, 6, 4, 2, 2, 7, 6, 6, 5, 4, 7, 5, 6]
            rel material:binding = </Looks/M_99844c>
            point3f[] points = [(0.013225, -0.004, 0.00419), (0.013225, -0.004, 0.00441), (0.013225, -0.002, 0.00419), (0.013225, -0.002, 0.00441), (0.013775, -0.004, 0.00419), (0.013775, -0.004, 0.00441), (0.013775, -0.002, 0.00419), (0.013775, -0.002, 0.00441)]
            color3f[] primvars:displayColor = [(0.6, 0.52, 0.3)]
            uniform token subdivisionScheme = "none"
        }

        def Mesh "contact_recess_18" (
            prepend apiSchemas = ["MaterialBindingAPI"]
            customData = {
                bool newton_collision = 0
            }
        )
        {
            int[] faceVertexCounts = [3, 3, 3, 3, 3, 3, 3, 3, 3, 3, 3, 3]
            int[] faceVertexIndices = [1, 3, 0, 4, 1, 0, 0, 3, 2, 2, 4, 0, 1, 7, 3, 5, 1, 4, 5, 7, 1, 3, 7, 2, 6, 4, 2, 2, 7, 6, 6, 5, 4, 7, 5, 6]
            rel material:binding = </Looks/M_18191c>
            point3f[] points = [(0.0147, -0.005, 0.00405), (0.0147, -0.005, 0.00425), (0.0147, -0.001, 0.00405), (0.0147, -0.001, 0.00425), (0.0159, -0.005, 0.00405), (0.0159, -0.005, 0.00425), (0.0159, -0.001, 0.00405), (0.0159, -0.001, 0.00425)]
            color3f[] primvars:displayColor = [(0.095, 0.1, 0.11)]
            uniform token subdivisionScheme = "none"
        }

        def Mesh "contact_tip_18" (
            prepend apiSchemas = ["MaterialBindingAPI"]
            customData = {
                bool newton_collision = 0
            }
        )
        {
            int[] faceVertexCounts = [3, 3, 3, 3, 3, 3, 3, 3, 3, 3, 3, 3]
            int[] faceVertexIndices = [1, 3, 0, 4, 1, 0, 0, 3, 2, 2, 4, 0, 1, 7, 3, 5, 1, 4, 5, 7, 1, 3, 7, 2, 6, 4, 2, 2, 7, 6, 6, 5, 4, 7, 5, 6]
            rel material:binding = </Looks/M_99844c>
            point3f[] points = [(0.015025, -0.004, 0.00419), (0.015025, -0.004, 0.00441), (0.015025, -0.002, 0.00419), (0.015025, -0.002, 0.00441), (0.015575, -0.004, 0.00419), (0.015575, -0.004, 0.00441), (0.015575, -0.002, 0.00419), (0.015575, -0.002, 0.00441)]
            color3f[] primvars:displayColor = [(0.6, 0.52, 0.3)]
            uniform token subdivisionScheme = "none"
        }

        def Mesh "contact_recess_19" (
            prepend apiSchemas = ["MaterialBindingAPI"]
            customData = {
                bool newton_collision = 0
            }
        )
        {
            int[] faceVertexCounts = [3, 3, 3, 3, 3, 3, 3, 3, 3, 3, 3, 3]
            int[] faceVertexIndices = [1, 3, 0, 4, 1, 0, 0, 3, 2, 2, 4, 0, 1, 7, 3, 5, 1, 4, 5, 7, 1, 3, 7, 2, 6, 4, 2, 2, 7, 6, 6, 5, 4, 7, 5, 6]
            rel material:binding = </Looks/M_18191c>
            point3f[] points = [(0.0165, -0.005, 0.00405), (0.0165, -0.005, 0.00425), (0.0165, -0.001, 0.00405), (0.0165, -0.001, 0.00425), (0.0177, -0.005, 0.00405), (0.0177, -0.005, 0.00425), (0.0177, -0.001, 0.00405), (0.0177, -0.001, 0.00425)]
            color3f[] primvars:displayColor = [(0.095, 0.1, 0.11)]
            uniform token subdivisionScheme = "none"
        }

        def Mesh "contact_tip_19" (
            prepend apiSchemas = ["MaterialBindingAPI"]
            customData = {
                bool newton_collision = 0
            }
        )
        {
            int[] faceVertexCounts = [3, 3, 3, 3, 3, 3, 3, 3, 3, 3, 3, 3]
            int[] faceVertexIndices = [1, 3, 0, 4, 1, 0, 0, 3, 2, 2, 4, 0, 1, 7, 3, 5, 1, 4, 5, 7, 1, 3, 7, 2, 6, 4, 2, 2, 7, 6, 6, 5, 4, 7, 5, 6]
            rel material:binding = </Looks/M_99844c>
            point3f[] points = [(0.016825, -0.004, 0.00419), (0.016825, -0.004, 0.00441), (0.016825, -0.002, 0.00419), (0.016825, -0.002, 0.00441), (0.017375, -0.004, 0.00419), (0.017375, -0.004, 0.00441), (0.017375, -0.002, 0.00419), (0.017375, -0.002, 0.00441)]
            color3f[] primvars:displayColor = [(0.6, 0.52, 0.3)]
            uniform token subdivisionScheme = "none"
        }
    }

    def "ClipBottom"
    {
        def Mesh "Visual" (
            prepend apiSchemas = ["MaterialBindingAPI"]
        )
        {
            int[] faceVertexCounts = [3, 3, 3, 3, 3, 3, 3, 3, 3, 3, 3, 3, 3, 3, 3, 3, 3, 3, 3, 3, 3, 3, 3, 3, 3, 3, 3, 3, 3, 3, 3, 3, 3, 3, 3, 3, 3, 3, 3, 3, 3, 3, 3, 3, 3, 3, 3, 3, 3, 3, 3, 3, 3, 3, 3, 3, 3, 3, 3, 3, 3, 3, 3, 3, 3, 3, 3, 3, 3, 3, 3, 3, 3, 3, 3, 3, 3, 3, 3, 3, 3, 3, 3, 3, 3, 3, 3, 3, 3, 3, 3, 3, 3, 3, 3, 3, 3, 3, 3, 3, 3, 3, 3, 3, 3, 3, 3, 3, 3, 3, 3, 3, 3, 3, 3, 3, 3, 3, 3, 3, 3, 3, 3, 3, 3, 3, 3, 3, 3, 3, 3, 3, 3, 3, 3, 3, 3, 3, 3, 3, 3, 3, 3, 3, 3, 3, 3, 3, 3, 3, 3, 3, 3, 3, 3, 3, 3, 3, 3, 3, 3, 3, 3, 3, 3, 3, 3, 3, 3, 3, 3, 3, 3, 3, 3, 3, 3, 3, 3, 3, 3, 3, 3, 3, 3, 3, 3, 3, 3, 3, 3, 3, 3, 3, 3, 3, 3, 3, 3, 3, 3, 3, 3, 3, 3, 3, 3, 3, 3, 3, 3, 3, 3, 3, 3, 3, 3, 3, 3, 3, 3, 3, 3, 3, 3, 3, 3, 3, 3, 3, 3, 3, 3, 3, 3, 3, 3, 3, 3, 3, 3, 3, 3, 3, 3, 3, 3, 3, 3, 3, 3, 3, 3, 3, 3, 3, 3, 3, 3, 3, 3, 3, 3, 3, 3, 3, 3, 3, 3, 3, 3, 3, 3, 3, 3, 3, 3, 3, 3, 3, 3, 3, 3, 3, 3, 3, 3, 3, 3, 3, 3, 3, 3, 3, 3, 3, 3, 3, 3, 3, 3, 3, 3, 3, 3, 3, 3, 3, 3, 3, 3, 3, 3, 3, 3, 3, 3, 3, 3, 3, 3, 3, 3, 3, 3, 3, 3, 3, 3, 3, 3, 3, 3, 3, 3, 3, 3, 3, 3, 3, 3, 3, 3, 3, 3, 3, 3, 3, 3, 3, 3, 3, 3, 3, 3, 3, 3, 3, 3, 3, 3, 3, 3, 3, 3, 3, 3, 3, 3, 3, 3, 3, 3, 3, 3, 3, 3, 3, 3, 3, 3, 3, 3, 3, 3, 3, 3, 3, 3, 3, 3, 3, 3, 3, 3, 3, 3, 3, 3, 3, 3, 3, 3, 3, 3, 3, 3, 3, 3, 3, 3, 3, 3, 3, 3, 3, 3, 3, 3, 3, 3, 3, 3, 3, 3, 3, 3, 3, 3, 3, 3, 3, 3, 3, 3, 3, 3, 3, 3, 3, 3, 3, 3, 3, 3, 3, 3, 3, 3, 3, 3, 3, 3, 3, 3, 3, 3, 3, 3, 3, 3, 3, 3, 3, 3, 3, 3, 3, 3, 3, 3, 3, 3, 3, 3, 3, 3, 3, 3, 3, 3, 3, 3, 3, 3, 3, 3, 3, 3, 3, 3, 3, 3, 3, 3, 3, 3, 3, 3, 3, 3, 3, 3, 3, 3, 3, 3, 3, 3, 3, 3, 3, 3, 3, 3, 3, 3, 3, 3, 3, 3, 3, 3, 3, 3, 3, 3, 3, 3, 3, 3, 3, 3, 3, 3, 3, 3, 3, 3, 3, 3, 3, 3, 3, 3, 3, 3, 3, 3, 3, 3, 3, 3, 3, 3, 3, 3, 3, 3, 3, 3, 3, 3, 3, 3, 3, 3, 3, 3, 3, 3, 3, 3, 3, 3, 3, 3, 3, 3, 3, 3, 3, 3, 3, 3, 3, 3, 3, 3, 3, 3, 3, 3, 3, 3, 3, 3, 3, 3, 3, 3, 3, 3, 3, 3, 3, 3, 3, 3, 3, 3, 3, 3, 3, 3, 3, 3, 3, 3, 3, 3, 3, 3, 3, 3, 3, 3, 3, 3, 3, 3, 3, 3, 3, 3, 3, 3, 3, 3, 3, 3, 3, 3, 3, 3, 3, 3, 3, 3, 3, 3, 3, 3, 3, 3, 3, 3, 3, 3, 3, 3, 3, 3, 3, 3, 3, 3, 3, 3, 3, 3, 3]
            int[] faceVertexIndices = [0, 1, 2, 1, 3, 2, 2, 3, 4, 3, 5, 4, 4, 5, 6, 5, 7, 6, 6, 7, 8, 7, 9, 8, 8, 9, 10, 9, 11, 10, 10, 11, 12, 11, 13, 12, 12, 13, 14, 13, 15, 14, 14, 15, 16, 15, 17, 16, 16, 17, 18, 17, 19, 18, 18, 19, 20, 19, 21, 20, 20, 21, 22, 21, 23, 22, 22, 23, 24, 23, 25, 24, 24, 25, 26, 25, 27, 26, 26, 27, 28, 27, 29, 28, 28, 29, 30, 29, 31, 30, 30, 31, 32, 31, 33, 32, 32, 33, 34, 33, 35, 34, 34, 35, 36, 35, 37, 36, 36, 37, 38, 37, 39, 38, 38, 39, 40, 39, 41, 40, 40, 41, 42, 41, 43, 42, 42, 43, 44, 43, 45, 44, 44, 45, 46, 45, 47, 46, 46, 47, 48, 47, 49, 48, 48, 49, 50, 49, 51, 50, 50, 51, 52, 51, 53, 52, 52, 53, 54, 53, 55, 54, 54, 55, 56, 55, 57, 56, 56, 57, 58, 57, 59, 58, 58, 59, 60, 59, 61, 60, 60, 61, 62, 61, 63, 62, 62, 63, 64, 63, 65, 64, 64, 65, 66, 65, 67, 66, 66, 67, 68, 67, 69, 68, 68, 69, 70, 69, 71, 70, 70, 71, 72, 71, 73, 72, 72, 73, 74, 73, 75, 74, 74, 75, 76, 75, 77, 76, 76, 77, 78, 77, 79, 78, 78, 79, 80, 79, 81, 80, 80, 81, 82, 81, 83, 82, 82, 83, 84, 83, 85, 84, 84, 85, 86, 85, 87, 86, 86, 87, 88, 87, 89, 88, 88, 89, 90, 89, 91, 90, 90, 91, 92, 91, 93, 92, 92, 93, 94, 93, 95, 94, 94, 95, 96, 95, 97, 96, 96, 97, 98, 97, 99, 98, 98, 99, 100, 99, 101, 100, 100, 101, 102, 101, 103, 102, 102, 103, 104, 103, 105, 104, 104, 105, 106, 105, 107, 106, 106, 107, 108, 107, 109, 108, 108, 109, 110, 109, 111, 110, 110, 111, 112, 111, 113, 112, 112, 113, 114, 113, 115, 114, 114, 115, 0, 115, 1, 0, 116, 117, 118, 117, 119, 118, 118, 119, 120, 119, 121, 120, 120, 121, 122, 121, 123, 122, 122, 123, 124, 123, 125, 124, 124, 125, 126, 125, 127, 126, 126, 127, 128, 127, 129, 128, 128, 129, 130, 129, 131, 130, 130, 131, 132, 131, 133, 132, 132, 133, 134, 133, 135, 134, 134, 135, 136, 135, 137, 136, 136, 137, 138, 137, 139, 138, 138, 139, 140, 139, 141, 140, 140, 141, 142, 141, 143, 142, 142, 143, 144, 143, 145, 144, 144, 145, 146, 145, 147, 146, 146, 147, 148, 147, 149, 148, 148, 149, 150, 149, 151, 150, 150, 151, 152, 151, 153, 152, 152, 153, 154, 153, 155, 154, 154, 155, 156, 155, 157, 156, 156, 157, 158, 157, 159, 158, 158, 159, 160, 159, 161, 160, 160, 161, 162, 161, 163, 162, 162, 163, 164, 163, 165, 164, 164, 165, 166, 165, 167, 166, 166, 167, 168, 167, 169, 168, 168, 169, 170, 169, 171, 170, 170, 171, 172, 171, 173, 172, 172, 173, 174, 173, 175, 174, 174, 175, 176, 175, 177, 176, 176, 177, 178, 177, 179, 178, 178, 179, 180, 179, 181, 180, 180, 181, 182, 181, 183, 182, 182, 183, 184, 183, 185, 184, 184, 185, 186, 185, 187, 186, 186, 187, 188, 187, 189, 188, 188, 189, 190, 189, 191, 190, 190, 191, 192, 191, 193, 192, 192, 193, 194, 193, 195, 194, 194, 195, 196, 195, 197, 196, 196, 197, 198, 197, 199, 198, 198, 199, 200, 199, 201, 200, 200, 201, 202, 201, 203, 202, 202, 203, 204, 203, 205, 204, 204, 205, 206, 205, 207, 206, 206, 207, 208, 207, 209, 208, 208, 209, 210, 209, 211, 210, 210, 211, 212, 211, 213, 212, 212, 213, 214, 213, 215, 214, 214, 215, 216, 215, 217, 216, 216, 217, 218, 217, 219, 218, 218, 219, 220, 219, 221, 220, 220, 221, 222, 221, 223, 222, 222, 223, 224, 223, 225, 224, 224, 225, 226, 225, 227, 226, 226, 227, 228, 227, 229, 228, 228, 229, 230, 229, 231, 230, 230, 231, 116, 231, 117, 116, 232, 117, 231, 179, 177, 233, 177, 175, 233, 125, 123, 232, 189, 187, 234, 133, 131, 232, 123, 121, 232, 121, 119, 232, 232, 119, 117, 133, 232, 135, 131, 129, 232, 129, 127, 232, 232, 127, 125, 231, 229, 232, 229, 227, 232, 232, 227, 235, 187, 185, 234, 185, 183, 234, 234, 183, 233, 183, 181, 233, 233, 181, 179, 236, 139, 232, 139, 137, 232, 232, 137, 135, 227, 225, 235, 225, 223, 235, 235, 223, 221, 197, 195, 234, 175, 173, 233, 173, 171, 233, 233, 171, 237, 171, 169, 237, 195, 193, 234, 193, 191, 234, 234, 191, 189, 159, 238, 161, 238, 239, 161, 161, 239, 163, 153, 240, 241, 236, 147, 145, 221, 219, 235, 219, 217, 235, 235, 217, 215, 203, 201, 242, 153, 241, 155, 241, 243, 155, 155, 243, 157, 243, 244, 157, 157, 244, 159, 244, 245, 159, 159, 245, 238, 240, 153, 246, 153, 151, 246, 246, 151, 236, 151, 149, 236, 236, 149, 147, 145, 143, 236, 143, 141, 236, 236, 141, 139, 239, 247, 163, 247, 248, 163, 163, 248, 165, 248, 249, 165, 165, 249, 167, 249, 250, 167, 167, 250, 169, 250, 251, 169, 169, 251, 237, 242, 201, 234, 201, 199, 234, 234, 199, 197, 215, 213, 235, 213, 211, 235, 235, 211, 252, 211, 209, 252, 252, 209, 253, 209, 207, 253, 253, 207, 242, 207, 205, 242, 242, 205, 203, 254, 255, 233, 255, 234, 233, 256, 257, 258, 257, 259, 258, 234, 255, 242, 255, 260, 242, 242, 260, 253, 260, 261, 253, 253, 261, 252, 261, 262, 252, 252, 262, 235, 262, 263, 235, 235, 263, 264, 265, 266, 267, 266, 268, 267, 267, 268, 269, 268, 270, 269, 269, 270, 271, 270, 272, 271, 271, 272, 273, 272, 264, 273, 264, 263, 273, 273, 263, 274, 263, 275, 274, 274, 275, 276, 275, 277, 276, 276, 277, 278, 277, 279, 278, 278, 279, 280, 279, 281, 280, 280, 281, 282, 281, 283, 282, 256, 258, 284, 256, 284, 285, 284, 286, 285, 285, 286, 287, 286, 288, 287, 287, 288, 289, 288, 290, 289, 289, 290, 291, 290, 292, 291, 291, 292, 293, 292, 294, 293, 293, 294, 295, 294, 296, 295, 295, 296, 297, 296, 298, 297, 297, 298, 299, 298, 300, 299, 299, 300, 301, 300, 302, 301, 301, 302, 303, 302, 304, 303, 303, 304, 305, 304, 306, 305, 305, 306, 307, 306, 308, 307, 307, 308, 309, 308, 310, 309, 309, 310, 311, 310, 312, 311, 311, 312, 313, 314, 282, 315, 282, 283, 315, 56, 58, 312, 58, 60, 312, 112, 114, 259, 264, 106, 108, 114, 0, 259, 0, 2, 259, 259, 2, 4, 4, 6, 259, 6, 8, 259, 259, 8, 10, 10, 12, 259, 12, 14, 259, 259, 14, 16, 66, 266, 64, 266, 312, 64, 64, 312, 62, 312, 60, 62, 66, 68, 266, 68, 70, 266, 266, 70, 72, 264, 108, 259, 108, 110, 259, 259, 110, 112, 72, 74, 266, 74, 76, 266, 266, 76, 78, 16, 18, 259, 18, 20, 259, 259, 20, 258, 20, 22, 258, 22, 24, 258, 24, 26, 258, 258, 26, 28, 96, 98, 264, 98, 100, 264, 44, 296, 42, 296, 294, 42, 42, 294, 40, 294, 292, 40, 40, 292, 38, 48, 302, 46, 302, 300, 46, 46, 300, 44, 300, 298, 44, 44, 298, 296, 56, 312, 54, 312, 310, 54, 54, 310, 52, 310, 308, 52, 52, 308, 50, 308, 306, 50, 50, 306, 48, 306, 304, 48, 48, 304, 302, 84, 268, 82, 268, 266, 82, 82, 266, 80, 266, 78, 80, 292, 290, 38, 290, 288, 38, 38, 288, 36, 288, 286, 36, 36, 286, 34, 286, 284, 34, 34, 284, 32, 284, 258, 32, 32, 258, 30, 258, 28, 30, 84, 86, 268, 86, 88, 268, 268, 88, 270, 88, 90, 270, 270, 90, 272, 90, 92, 272, 272, 92, 264, 92, 94, 264, 264, 94, 96, 100, 102, 264, 102, 104, 264, 264, 104, 106, 316, 314, 317, 314, 315, 317, 317, 318, 316, 318, 232, 316, 257, 316, 259, 316, 232, 259, 259, 232, 264, 232, 235, 264, 232, 318, 236, 318, 319, 236, 266, 265, 312, 265, 313, 312, 314, 316, 257, 257, 1, 115, 63, 61, 313, 61, 59, 313, 73, 71, 265, 9, 7, 257, 282, 314, 280, 314, 257, 280, 280, 257, 278, 17, 15, 257, 7, 5, 257, 5, 3, 257, 257, 3, 1, 71, 69, 265, 69, 67, 265, 265, 67, 313, 67, 65, 313, 313, 65, 63, 17, 257, 19, 15, 13, 257, 13, 11, 257, 257, 11, 9, 105, 103, 276, 81, 79, 265, 256, 23, 257, 23, 21, 257, 257, 21, 19, 115, 113, 257, 113, 111, 257, 257, 111, 278, 111, 109, 278, 278, 109, 276, 109, 107, 276, 276, 107, 105, 103, 101, 276, 101, 99, 276, 276, 99, 97, 79, 77, 265, 77, 75, 265, 265, 75, 73, 59, 57, 313, 57, 55, 313, 313, 55, 311, 55, 53, 311, 43, 297, 45, 297, 299, 45, 45, 299, 47, 37, 287, 289, 256, 31, 29, 37, 289, 39, 289, 291, 39, 39, 291, 41, 291, 293, 41, 41, 293, 43, 293, 295, 43, 43, 295, 297, 287, 37, 285, 37, 35, 285, 285, 35, 256, 35, 33, 256, 256, 33, 31, 29, 27, 256, 27, 25, 256, 256, 25, 23, 89, 87, 267, 87, 85, 267, 267, 85, 265, 85, 83, 265, 265, 83, 81, 299, 301, 47, 301, 303, 47, 47, 303, 49, 303, 305, 49, 49, 305, 51, 305, 307, 51, 51, 307, 53, 307, 309, 53, 53, 309, 311, 89, 267, 91, 267, 269, 91, 91, 269, 93, 269, 271, 93, 93, 271, 95, 271, 273, 95, 95, 273, 97, 273, 274, 97, 97, 274, 276, 172, 174, 254, 174, 176, 254, 283, 281, 315, 281, 318, 315, 315, 318, 317, 230, 116, 318, 116, 118, 318, 318, 118, 120, 120, 122, 318, 122, 124, 318, 318, 124, 126, 224, 226, 318, 226, 228, 318, 318, 228, 230, 126, 128, 318, 128, 130, 318, 318, 130, 132, 182, 255, 180, 255, 254, 180, 180, 254, 178, 254, 176, 178, 182, 184, 255, 184, 186, 255, 255, 186, 188, 188, 190, 255, 190, 192, 255, 255, 192, 194, 222, 224, 277, 224, 318, 277, 277, 318, 279, 318, 281, 279, 132, 134, 318, 134, 136, 318, 318, 136, 319, 136, 138, 319, 138, 140, 319, 140, 142, 319, 319, 142, 144, 277, 214, 216, 160, 320, 158, 320, 321, 158, 158, 321, 156, 321, 322, 156, 156, 322, 154, 164, 323, 162, 323, 324, 162, 162, 324, 160, 324, 325, 160, 160, 325, 320, 172, 254, 170, 254, 326, 170, 170, 326, 168, 326, 327, 168, 168, 327, 166, 327, 328, 166, 166, 328, 164, 328, 329, 164, 164, 329, 323, 200, 260, 198, 260, 255, 198, 198, 255, 196, 255, 194, 196, 214, 277, 212, 277, 275, 212, 212, 275, 263, 322, 330, 154, 330, 331, 154, 154, 331, 152, 331, 332, 152, 152, 332, 150, 332, 333, 150, 150, 333, 148, 333, 319, 148, 148, 319, 146, 319, 144, 146, 200, 202, 260, 202, 204, 260, 260, 204, 261, 204, 206, 261, 261, 206, 262, 206, 208, 262, 262, 208, 263, 208, 210, 263, 263, 210, 212, 216, 218, 277, 218, 220, 277, 277, 220, 222, 236, 319, 333, 236, 333, 246, 333, 332, 246, 246, 332, 240, 332, 331, 240, 240, 331, 241, 331, 330, 241, 241, 330, 243, 330, 322, 243, 243, 322, 244, 322, 321, 244, 244, 321, 245, 321, 320, 245, 245, 320, 238, 320, 325, 238, 238, 325, 239, 325, 324, 239, 239, 324, 247, 324, 323, 247, 247, 323, 248, 323, 329, 248, 248, 329, 249, 329, 328, 249, 249, 328, 250, 328, 327, 250, 250, 327, 251, 327, 326, 251, 251, 326, 237, 326, 254, 237, 237, 254, 233]
            rel material:binding = </Looks/Clip>
            point3f[] points = [(-0.015, 0.193, 0.021), (-0.015, 0.185, 0.021), (-0.014783762, 0.193, 0.021011725), (-0.014783762, 0.185, 0.021011725), (-0.014570059, 0.193, 0.02104676), (-0.014570059, 0.185, 0.02104676), (-0.014361397, 0.193, 0.021104693), (-0.014361397, 0.185, 0.021104693), (-0.014160221, 0.193, 0.021184849), (-0.014160221, 0.185, 0.021184849), (-0.013968892, 0.193, 0.021286286), (-0.013968892, 0.185, 0.021286286), (-0.013789652, 0.193, 0.021407815), (-0.013789652, 0.185, 0.021407815), (-0.013624601, 0.193, 0.021548009), (-0.013624601, 0.185, 0.021548009), (-0.013475676, 0.193, 0.021705227), (-0.013475676, 0.185, 0.021705227), (-0.013344622, 0.193, 0.021877626), (-0.013344622, 0.185, 0.021877626), (-0.013232976, 0.193, 0.022063183), (-0.013232976, 0.185, 0.022063183), (-0.0131420465, 0.193, 0.022259723), (-0.0131420465, 0.185, 0.022259723), (-0.0130729, 0.193, 0.022464942), (-0.0130729, 0.185, 0.022464942), (-0.013026346, 0.193, 0.022676436), (-0.013026346, 0.185, 0.022676436), (-0.013002933, 0.193, 0.022891723), (-0.013002933, 0.185, 0.022891723), (-0.013002933, 0.193, 0.023108276), (-0.013002933, 0.185, 0.023108276), (-0.013026346, 0.193, 0.023323564), (-0.013026346, 0.185, 0.023323564), (-0.0130729, 0.193, 0.023535056), (-0.0130729, 0.185, 0.023535056), (-0.0131420465, 0.193, 0.023740277), (-0.0131420465, 0.185, 0.023740277), (-0.013232976, 0.193, 0.023936817), (-0.013232976, 0.185, 0.023936817), (-0.013344622, 0.193, 0.024122374), (-0.013344622, 0.185, 0.024122374), (-0.013475676, 0.193, 0.024294773), (-0.013475676, 0.185, 0.024294773), (-0.013624601, 0.193, 0.024451992), (-0.013624601, 0.185, 0.024451992), (-0.013789652, 0.193, 0.024592185), (-0.013789652, 0.185, 0.024592185), (-0.013968892, 0.193, 0.024713714), (-0.013968892, 0.185, 0.024713714), (-0.014160221, 0.193, 0.024815151), (-0.014160221, 0.185, 0.024815151), (-0.014361397, 0.193, 0.024895307), (-0.014361397, 0.185, 0.024895307), (-0.014570059, 0.193, 0.02495324), (-0.014570059, 0.185, 0.02495324), (-0.014783762, 0.193, 0.024988277), (-0.014783762, 0.185, 0.024988277), (-0.015, 0.193, 0.025), (-0.015, 0.185, 0.025), (-0.015216238, 0.193, 0.024988277), (-0.015216238, 0.185, 0.024988277), (-0.015429941, 0.193, 0.02495324), (-0.015429941, 0.185, 0.02495324), (-0.015638603, 0.193, 0.024895307), (-0.015638603, 0.185, 0.024895307), (-0.015839778, 0.193, 0.024815151), (-0.015839778, 0.185, 0.024815151), (-0.016031107, 0.193, 0.024713714), (-0.016031107, 0.185, 0.024713714), (-0.01621035, 0.193, 0.024592185), (-0.01621035, 0.185, 0.024592185), (-0.016375398, 0.193, 0.024451992), (-0.016375398, 0.185, 0.024451992), (-0.016524324, 0.193, 0.024294773), (-0.016524324, 0.185, 0.024294773), (-0.016655378, 0.193, 0.024122374), (-0.016655378, 0.185, 0.024122374), (-0.016767025, 0.193, 0.023936817), (-0.016767025, 0.185, 0.023936817), (-0.016857954, 0.193, 0.023740277), (-0.016857954, 0.185, 0.023740277), (-0.0169271, 0.193, 0.023535056), (-0.0169271, 0.185, 0.023535056), (-0.016973654, 0.193, 0.023323564), (-0.016973654, 0.185, 0.023323564), (-0.016997067, 0.193, 0.023108276), (-0.016997067, 0.185, 0.023108276), (-0.016997067, 0.193, 0.022891723), (-0.016997067, 0.185, 0.022891723), (-0.016973654, 0.193, 0.022676436), (-0.016973654, 0.185, 0.022676436), (-0.0169271, 0.193, 0.022464942), (-0.0169271, 0.185, 0.022464942), (-0.016857954, 0.193, 0.022259723), (-0.016857954, 0.185, 0.022259723), (-0.016767025, 0.193, 0.022063183), (-0.016767025, 0.185, 0.022063183), (-0.016655378, 0.193, 0.021877626), (-0.016655378, 0.185, 0.021877626), (-0.016524324, 0.193, 0.021705227), (-0.016524324, 0.185, 0.021705227), (-0.016375398, 0.193, 0.021548009), (-0.016375398, 0.185, 0.021548009), (-0.01621035, 0.193, 0.021407815), (-0.01621035, 0.185, 0.021407815), (-0.016031107, 0.193, 0.021286286), (-0.016031107, 0.185, 0.021286286), (-0.015839778, 0.193, 0.021184849), (-0.015839778, 0.185, 0.021184849), (-0.015638603, 0.193, 0.021104693), (-0.015638603, 0.185, 0.021104693), (-0.015429941, 0.193, 0.02104676), (-0.015429941, 0.185, 0.02104676), (-0.015216238, 0.193, 0.021011725), (-0.015216238, 0.185, 0.021011725), (-0.015, 0.215, 0.021), (-0.015, 0.207, 0.021), (-0.014783762, 0.215, 0.021011725), (-0.014783762, 0.207, 0.021011725), (-0.014570059, 0.215, 0.02104676), (-0.014570059, 0.207, 0.02104676), (-0.014361397, 0.215, 0.021104693), (-0.014361397, 0.207, 0.021104693), (-0.014160221, 0.215, 0.021184849), (-0.014160221, 0.207, 0.021184849), (-0.013968892, 0.215, 0.021286286), (-0.013968892, 0.207, 0.021286286), (-0.013789652, 0.215, 0.021407815), (-0.013789652, 0.207, 0.021407815), (-0.013624601, 0.215, 0.021548009), (-0.013624601, 0.207, 0.021548009), (-0.013475676, 0.215, 0.021705227), (-0.013475676, 0.207, 0.021705227), (-0.013344622, 0.215, 0.021877626), (-0.013344622, 0.207, 0.021877626), (-0.013232976, 0.215, 0.022063183), (-0.013232976, 0.207, 0.022063183), (-0.0131420465, 0.215, 0.022259723), (-0.0131420465, 0.207, 0.022259723), (-0.0130729, 0.215, 0.022464942), (-0.0130729, 0.207, 0.022464942), (-0.013026346, 0.215, 0.022676436), (-0.013026346, 0.207, 0.022676436), (-0.013002933, 0.215, 0.022891723), (-0.013002933, 0.207, 0.022891723), (-0.013002933, 0.215, 0.023108276), (-0.013002933, 0.207, 0.023108276), (-0.013026346, 0.215, 0.023323564), (-0.013026346, 0.207, 0.023323564), (-0.0130729, 0.215, 0.023535056), (-0.0130729, 0.207, 0.023535056), (-0.0131420465, 0.215, 0.023740277), (-0.0131420465, 0.207, 0.023740277), (-0.013232976, 0.215, 0.023936817), (-0.013232976, 0.207, 0.023936817), (-0.013344622, 0.215, 0.024122374), (-0.013344622, 0.207, 0.024122374), (-0.013475676, 0.215, 0.024294773), (-0.013475676, 0.207, 0.024294773), (-0.013624601, 0.215, 0.024451992), (-0.013624601, 0.207, 0.024451992), (-0.013789652, 0.215, 0.024592185), (-0.013789652, 0.207, 0.024592185), (-0.013968892, 0.215, 0.024713714), (-0.013968892, 0.207, 0.024713714), (-0.014160221, 0.215, 0.024815151), (-0.014160221, 0.207, 0.024815151), (-0.014361397, 0.215, 0.024895307), (-0.014361397, 0.207, 0.024895307), (-0.014570059, 0.215, 0.02495324), (-0.014570059, 0.207, 0.02495324), (-0.014783762, 0.215, 0.024988277), (-0.014783762, 0.207, 0.024988277), (-0.015, 0.215, 0.025), (-0.015, 0.207, 0.025), (-0.015216238, 0.215, 0.024988277), (-0.015216238, 0.207, 0.024988277), (-0.015429941, 0.215, 0.02495324), (-0.015429941, 0.207, 0.02495324), (-0.015638603, 0.215, 0.024895307), (-0.015638603, 0.207, 0.024895307), (-0.015839778, 0.215, 0.024815151), (-0.015839778, 0.207, 0.024815151), (-0.016031107, 0.215, 0.024713714), (-0.016031107, 0.207, 0.024713714), (-0.01621035, 0.215, 0.024592185), (-0.01621035, 0.207, 0.024592185), (-0.016375398, 0.215, 0.024451992), (-0.016375398, 0.207, 0.024451992), (-0.016524324, 0.215, 0.024294773), (-0.016524324, 0.207, 0.024294773), (-0.016655378, 0.215, 0.024122374), (-0.016655378, 0.207, 0.024122374), (-0.016767025, 0.215, 0.023936817), (-0.016767025, 0.207, 0.023936817), (-0.016857954, 0.215, 0.023740277), (-0.016857954, 0.207, 0.023740277), (-0.0169271, 0.215, 0.023535056), (-0.0169271, 0.207, 0.023535056), (-0.016973654, 0.215, 0.023323564), (-0.016973654, 0.207, 0.023323564), (-0.016997067, 0.215, 0.023108276), (-0.016997067, 0.207, 0.023108276), (-0.016997067, 0.215, 0.022891723), (-0.016997067, 0.207, 0.022891723), (-0.016973654, 0.215, 0.022676436), (-0.016973654, 0.207, 0.022676436), (-0.0169271, 0.215, 0.022464942), (-0.0169271, 0.207, 0.022464942), (-0.016857954, 0.215, 0.022259723), (-0.016857954, 0.207, 0.022259723), (-0.016767025, 0.215, 0.022063183), (-0.016767025, 0.207, 0.022063183), (-0.016655378, 0.215, 0.021877626), (-0.016655378, 0.207, 0.021877626), (-0.016524324, 0.215, 0.021705227), (-0.016524324, 0.207, 0.021705227), (-0.016375398, 0.215, 0.021548009), (-0.016375398, 0.207, 0.021548009), (-0.01621035, 0.215, 0.021407815), (-0.01621035, 0.207, 0.021407815), (-0.016031107, 0.215, 0.021286286), (-0.016031107, 0.207, 0.021286286), (-0.015839778, 0.215, 0.021184849), (-0.015839778, 0.207, 0.021184849), (-0.015638603, 0.215, 0.021104693), (-0.015638603, 0.207, 0.021104693), (-0.015429941, 0.215, 0.02104676), (-0.015429941, 0.207, 0.02104676), (-0.015216238, 0.215, 0.021011725), (-0.015216238, 0.207, 0.021011725), (-0.01, 0.207, 0.012), (-0.0139999995, 0.207, 0.028), (-0.03, 0.207, 0.028), (-0.042791244, 0.207, 0.012), (-0.01, 0.207, 0.024), (-0.013581886, 0.207, 0.027978087), (-0.011027421, 0.207, 0.026676523), (-0.011323477, 0.207, 0.026972579), (-0.01008741, 0.207, 0.024831647), (-0.010195774, 0.207, 0.025236068), (-0.032685265, 0.207, 0.023331586), (-0.0103458185, 0.207, 0.025626946), (-0.010535899, 0.207, 0.026), (-0.010763932, 0.207, 0.02635114), (-0.010021913, 0.207, 0.024418114), (-0.011648859, 0.207, 0.027236069), (-0.012, 0.207, 0.027464101), (-0.0123730535, 0.207, 0.027654182), (-0.012763932, 0.207, 0.027804226), (-0.013168354, 0.207, 0.02791259), (-0.03947861, 0.207, 0.014992946), (-0.03585707, 0.207, 0.018979069), (-0.0139999995, 0.215, 0.028), (-0.03, 0.215, 0.028), (-0.01, 0.185, 0.024), (-0.01, 0.185, 0.012), (-0.01, 0.193, 0.024), (-0.01, 0.193, 0.012), (-0.032685265, 0.215, 0.023331586), (-0.03585707, 0.215, 0.018979069), (-0.03947861, 0.215, 0.014992946), (-0.043507878, 0.215, 0.011419465), (-0.042791244, 0.193, 0.012), (-0.03, 0.185, 0.028), (-0.03, 0.193, 0.028), (-0.032685265, 0.185, 0.023331586), (-0.032685265, 0.193, 0.023331586), (-0.03585707, 0.185, 0.018979069), (-0.03585707, 0.193, 0.018979069), (-0.03947861, 0.185, 0.014992946), (-0.03947861, 0.193, 0.014992946), (-0.043507878, 0.185, 0.011419465), (-0.047898117, 0.185, 0.008300084), (-0.047898117, 0.215, 0.008300084), (-0.0525984, 0.185, 0.005670994), (-0.0525984, 0.215, 0.005670994), (-0.057554185, 0.185, 0.0035626972), (-0.057554185, 0.215, 0.0035626972), (-0.06270798, 0.185, 0.0019996546), (-0.06270798, 0.215, 0.0019996546), (-0.068, 0.185, 0.001), (-0.068, 0.215, 0.001), (-0.010021913, 0.193, 0.024418114), (-0.010021913, 0.185, 0.024418114), (-0.01008741, 0.193, 0.024831647), (-0.01008741, 0.185, 0.024831647), (-0.010195774, 0.193, 0.025236068), (-0.010195774, 0.185, 0.025236068), (-0.0103458185, 0.193, 0.025626946), (-0.0103458185, 0.185, 0.025626946), (-0.010535899, 0.193, 0.026), (-0.010535899, 0.185, 0.026), (-0.010763932, 0.193, 0.02635114), (-0.010763932, 0.185, 0.02635114), (-0.011027421, 0.193, 0.026676523), (-0.011027421, 0.185, 0.026676523), (-0.011323477, 0.193, 0.026972579), (-0.011323477, 0.185, 0.026972579), (-0.011648859, 0.193, 0.027236069), (-0.011648859, 0.185, 0.027236069), (-0.012, 0.193, 0.027464101), (-0.012, 0.185, 0.027464101), (-0.0123730535, 0.193, 0.027654182), (-0.0123730535, 0.185, 0.027654182), (-0.012763932, 0.193, 0.027804226), (-0.012763932, 0.185, 0.027804226), (-0.013168354, 0.193, 0.02791259), (-0.013168354, 0.185, 0.02791259), (-0.013581886, 0.193, 0.027978087), (-0.013581886, 0.185, 0.027978087), (-0.0139999995, 0.193, 0.028), (-0.0139999995, 0.185, 0.028), (0.032, 0.185, 0.001), (0.032, 0.215, 0.001), (0.016000003, 0.185, 0.012), (0.016000003, 0.215, 0.012), (-0.01, 0.215, 0.012), (-0.01, 0.215, 0.024), (-0.011027421, 0.215, 0.026676523), (-0.010763932, 0.215, 0.02635114), (-0.010535899, 0.215, 0.026), (-0.012, 0.215, 0.027464101), (-0.011648859, 0.215, 0.027236069), (-0.011323477, 0.215, 0.026972579), (-0.013581886, 0.215, 0.027978087), (-0.013168354, 0.215, 0.02791259), (-0.012763932, 0.215, 0.027804226), (-0.0123730535, 0.215, 0.027654182), (-0.0103458185, 0.215, 0.025626946), (-0.010195774, 0.215, 0.025236068), (-0.01008741, 0.215, 0.024831647), (-0.010021913, 0.215, 0.024418114)]
            color3f[] primvars:displayColor = [(0.55, 0.58, 0.61)]
            uniform token subdivisionScheme = "none"
        }
    }

    def Xform "FixedReceiver"
    {
        quatf xformOp:orient = (1, 0, 0, 0)
        float3 xformOp:translate = (0, -0.018, 0.024)
        uniform token[] xformOpOrder = ["xformOp:translate", "xformOp:orient"]

        def Mesh "cradle_floor" (
            prepend apiSchemas = ["MaterialBindingAPI"]
            customData = {
                bool newton_collision = 1
            }
        )
        {
            int[] faceVertexCounts = [3, 3, 3, 3, 3, 3, 3, 3, 3, 3, 3, 3]
            int[] faceVertexIndices = [1, 3, 0, 4, 1, 0, 0, 3, 2, 2, 4, 0, 1, 7, 3, 5, 1, 4, 5, 7, 1, 3, 7, 2, 6, 4, 2, 2, 7, 6, 6, 5, 4, 7, 5, 6]
            rel material:binding = </Looks/M_080b0d>
            point3f[] points = [(-0.025, -0.002, -0.0025), (-0.025, -0.002, 0.0025), (-0.025, 0.038, -0.0025), (-0.025, 0.038, 0.0025), (0.025, -0.002, -0.0025), (0.025, -0.002, 0.0025), (0.025, 0.038, -0.0025), (0.025, 0.038, 0.0025)]
            color3f[] primvars:displayColor = [(0.035, 0.045, 0.052)]
            uniform token subdivisionScheme = "none"
        }

        def Mesh "left_guide" (
            prepend apiSchemas = ["MaterialBindingAPI"]
            customData = {
                bool newton_collision = 1
            }
        )
        {
            int[] faceVertexCounts = [3, 3, 3, 3, 3, 3, 3, 3, 3, 3, 3, 3]
            int[] faceVertexIndices = [1, 3, 0, 4, 1, 0, 0, 3, 2, 2, 4, 0, 1, 7, 3, 5, 1, 4, 5, 7, 1, 3, 7, 2, 6, 4, 2, 2, 7, 6, 6, 5, 4, 7, 5, 6]
            rel material:binding = </Looks/M_080b0d>
            point3f[] points = [(-0.0255, 0.0005, 0), (-0.0255, 0.0005, 0.01), (-0.0255, 0.0355, 0), (-0.0255, 0.0355, 0.01), (-0.0225, 0.0005, 0), (-0.0225, 0.0005, 0.01), (-0.0225, 0.0355, 0), (-0.0225, 0.0355, 0.01)]
            color3f[] primvars:displayColor = [(0.035, 0.045, 0.052)]
            uniform token subdivisionScheme = "none"
        }

        def Mesh "right_guide" (
            prepend apiSchemas = ["MaterialBindingAPI"]
            customData = {
                bool newton_collision = 1
            }
        )
        {
            int[] faceVertexCounts = [3, 3, 3, 3, 3, 3, 3, 3, 3, 3, 3, 3]
            int[] faceVertexIndices = [1, 3, 0, 4, 1, 0, 0, 3, 2, 2, 4, 0, 1, 7, 3, 5, 1, 4, 5, 7, 1, 3, 7, 2, 6, 4, 2, 2, 7, 6, 6, 5, 4, 7, 5, 6]
            rel material:binding = </Looks/M_080b0d>
            point3f[] points = [(0.0225, 0.0005, 0), (0.0225, 0.0005, 0.01), (0.0225, 0.0355, 0), (0.0225, 0.0355, 0.01), (0.0255, 0.0005, 0), (0.0255, 0.0005, 0.01), (0.0255, 0.0355, 0), (0.0255, 0.0355, 0.01)]
            color3f[] primvars:displayColor = [(0.035, 0.045, 0.052)]
            uniform token subdivisionScheme = "none"
        }

        def Mesh "front_stop" (
            prepend apiSchemas = ["MaterialBindingAPI"]
            customData = {
                bool newton_collision = 1
            }
        )
        {
            int[] faceVertexCounts = [3, 3, 3, 3, 3, 3, 3, 3, 3, 3, 3, 3]
            int[] faceVertexIndices = [1, 3, 0, 4, 1, 0, 0, 3, 2, 2, 4, 0, 1, 7, 3, 5, 1, 4, 5, 7, 1, 3, 7, 2, 6, 4, 2, 2, 7, 6, 6, 5, 4, 7, 5, 6]
            rel material:binding = </Looks/M_080b0d>
            point3f[] points = [(-0.0215, 0.002, 0), (-0.0215, 0.002, 0.01), (-0.0215, 0.004, 0), (-0.0215, 0.004, 0.01), (0.0215, 0.002, 0), (0.0215, 0.002, 0.01), (0.0215, 0.004, 0), (0.0215, 0.004, 0.01)]
            color3f[] primvars:displayColor = [(0.035, 0.045, 0.052)]
            uniform token subdivisionScheme = "none"
        }

        def Mesh "rear_stop" (
            prepend apiSchemas = ["MaterialBindingAPI"]
            customData = {
                bool newton_collision = 1
            }
        )
        {
            int[] faceVertexCounts = [3, 3, 3, 3, 3, 3, 3, 3, 3, 3, 3, 3]
            int[] faceVertexIndices = [1, 3, 0, 4, 1, 0, 0, 3, 2, 2, 4, 0, 1, 7, 3, 5, 1, 4, 5, 7, 1, 3, 7, 2, 6, 4, 2, 2, 7, 6, 6, 5, 4, 7, 5, 6]
            rel material:binding = </Looks/M_080b0d>
            point3f[] points = [(-0.0215, 0.0335, 0), (-0.0215, 0.0335, 0.01), (-0.0215, 0.0355, 0), (-0.0215, 0.0355, 0.01), (0.0215, 0.0335, 0), (0.0215, 0.0335, 0.01), (0.0215, 0.0355, 0), (0.0215, 0.0355, 0.01)]
            color3f[] primvars:displayColor = [(0.035, 0.045, 0.052)]
            uniform token subdivisionScheme = "none"
        }

        def Mesh "guide_screw_m1" (
            prepend apiSchemas = ["MaterialBindingAPI"]
            customData = {
                bool newton_collision = 0
            }
        )
        {
            int[] faceVertexCounts = [3, 3, 3, 3, 3, 3, 3, 3, 3, 3, 3, 3, 3, 3, 3, 3, 3, 3, 3, 3, 3, 3, 3, 3, 3, 3, 3, 3, 3, 3, 3, 3, 3, 3, 3, 3, 3, 3, 3, 3, 3, 3, 3, 3, 3, 3, 3, 3, 3, 3, 3, 3, 3, 3, 3, 3, 3, 3, 3, 3, 3, 3, 3, 3, 3, 3, 3, 3, 3, 3, 3, 3, 3, 3, 3, 3, 3, 3, 3, 3, 3, 3, 3, 3, 3, 3, 3, 3, 3, 3, 3, 3, 3, 3, 3, 3, 3, 3, 3, 3, 3, 3, 3, 3, 3, 3, 3, 3, 3, 3, 3, 3, 3, 3, 3, 3, 3, 3, 3, 3, 3, 3, 3, 3, 3, 3, 3, 3]
            int[] faceVertexIndices = [1, 0, 4, 1, 4, 2, 2, 4, 5, 2, 5, 3, 4, 0, 6, 4, 6, 5, 5, 6, 7, 5, 7, 3, 6, 0, 8, 6, 8, 7, 7, 8, 9, 7, 9, 3, 8, 0, 10, 8, 10, 9, 9, 10, 11, 9, 11, 3, 10, 0, 12, 10, 12, 11, 11, 12, 13, 11, 13, 3, 12, 0, 14, 12, 14, 13, 13, 14, 15, 13, 15, 3, 14, 0, 16, 14, 16, 15, 15, 16, 17, 15, 17, 3, 16, 0, 18, 16, 18, 17, 17, 18, 19, 17, 19, 3, 18, 0, 20, 18, 20, 19, 19, 20, 21, 19, 21, 3, 20, 0, 22, 20, 22, 21, 21, 22, 23, 21, 23, 3, 22, 0, 24, 22, 24, 23, 23, 24, 25, 23, 25, 3, 24, 0, 26, 24, 26, 25, 25, 26, 27, 25, 27, 3, 26, 0, 28, 26, 28, 27, 27, 28, 29, 27, 29, 3, 28, 0, 30, 28, 30, 29, 29, 30, 31, 29, 31, 3, 30, 0, 32, 30, 32, 31, 31, 32, 33, 31, 33, 3, 32, 0, 34, 32, 34, 33, 33, 34, 35, 33, 35, 3, 34, 0, 36, 34, 36, 35, 35, 36, 37, 35, 37, 3, 36, 0, 38, 36, 38, 37, 37, 38, 39, 37, 39, 3, 38, 0, 40, 38, 40, 39, 39, 40, 41, 39, 41, 3, 40, 0, 42, 40, 42, 41, 41, 42, 43, 41, 43, 3, 42, 0, 44, 42, 44, 43, 43, 44, 45, 43, 45, 3, 44, 0, 46, 44, 46, 45, 45, 46, 47, 45, 47, 3, 46, 0, 48, 46, 48, 47, 47, 48, 49, 47, 49, 3, 48, 0, 50, 48, 50, 49, 49, 50, 51, 49, 51, 3, 50, 0, 52, 50, 52, 51, 51, 52, 53, 51, 53, 3, 52, 0, 54, 52, 54, 53, 53, 54, 55, 53, 55, 3, 54, 0, 56, 54, 56, 55, 55, 56, 57, 55, 57, 3, 56, 0, 58, 56, 58, 57, 57, 58, 59, 57, 59, 3, 58, 0, 60, 58, 60, 59, 59, 60, 61, 59, 61, 3, 60, 0, 62, 60, 62, 61, 61, 62, 63, 61, 63, 3, 62, 0, 64, 62, 64, 63, 63, 64, 65, 63, 65, 3, 64, 0, 1, 64, 1, 65, 65, 1, 2, 65, 2, 3]
            rel material:binding = </Looks/M_9ea8b2>
            point3f[] points = [(-0.024, 0.008, 0.0103), (-0.0215, 0.008, 0.0103), (-0.0215, 0.008, 0.0113), (-0.024, 0.008, 0.0113), (-0.021548036, 0.008487726, 0.0103), (-0.021548036, 0.008487726, 0.0113), (-0.021690302, 0.008956709, 0.0103), (-0.021690302, 0.008956709, 0.0113), (-0.021921325, 0.0093889255, 0.0103), (-0.021921325, 0.0093889255, 0.0113), (-0.022232233, 0.009767767, 0.0103), (-0.022232233, 0.009767767, 0.0113), (-0.022611074, 0.010078674, 0.0103), (-0.022611074, 0.010078674, 0.0113), (-0.023043292, 0.010309699, 0.0103), (-0.023043292, 0.010309699, 0.0113), (-0.023512274, 0.010451963, 0.0103), (-0.023512274, 0.010451963, 0.0113), (-0.024, 0.0105, 0.0103), (-0.024, 0.0105, 0.0113), (-0.024487726, 0.010451963, 0.0103), (-0.024487726, 0.010451963, 0.0113), (-0.024956709, 0.010309699, 0.0103), (-0.024956709, 0.010309699, 0.0113), (-0.025388926, 0.010078674, 0.0103), (-0.025388926, 0.010078674, 0.0113), (-0.025767768, 0.009767767, 0.0103), (-0.025767768, 0.009767767, 0.0113), (-0.026078675, 0.0093889255, 0.0103), (-0.026078675, 0.0093889255, 0.0113), (-0.026309699, 0.008956709, 0.0103), (-0.026309699, 0.008956709, 0.0113), (-0.026451964, 0.008487726, 0.0103), (-0.026451964, 0.008487726, 0.0113), (-0.0265, 0.008, 0.0103), (-0.0265, 0.008, 0.0113), (-0.026451964, 0.007512274, 0.0103), (-0.026451964, 0.007512274, 0.0113), (-0.026309699, 0.0070432913, 0.0103), (-0.026309699, 0.0070432913, 0.0113), (-0.026078675, 0.0066110743, 0.0103), (-0.026078675, 0.0066110743, 0.0113), (-0.025767768, 0.0062322333, 0.0103), (-0.025767768, 0.0062322333, 0.0113), (-0.025388926, 0.005921326, 0.0103), (-0.025388926, 0.005921326, 0.0113), (-0.024956709, 0.0056903013, 0.0103), (-0.024956709, 0.0056903013, 0.0113), (-0.024487726, 0.0055480367, 0.0103), (-0.024487726, 0.0055480367, 0.0113), (-0.024, 0.0055, 0.0103), (-0.024, 0.0055, 0.0113), (-0.023512274, 0.0055480367, 0.0103), (-0.023512274, 0.0055480367, 0.0113), (-0.023043292, 0.0056903013, 0.0103), (-0.023043292, 0.0056903013, 0.0113), (-0.022611074, 0.005921326, 0.0103), (-0.022611074, 0.005921326, 0.0113), (-0.022232233, 0.0062322333, 0.0103), (-0.022232233, 0.0062322333, 0.0113), (-0.021921325, 0.0066110743, 0.0103), (-0.021921325, 0.0066110743, 0.0113), (-0.021690302, 0.0070432913, 0.0103), (-0.021690302, 0.0070432913, 0.0113), (-0.021548036, 0.007512274, 0.0103), (-0.021548036, 0.007512274, 0.0113)]
            color3f[] primvars:displayColor = [(0.62, 0.66, 0.7)]
            uniform token subdivisionScheme = "none"
        }

        def Mesh "guide_screw_1" (
            prepend apiSchemas = ["MaterialBindingAPI"]
            customData = {
                bool newton_collision = 0
            }
        )
        {
            int[] faceVertexCounts = [3, 3, 3, 3, 3, 3, 3, 3, 3, 3, 3, 3, 3, 3, 3, 3, 3, 3, 3, 3, 3, 3, 3, 3, 3, 3, 3, 3, 3, 3, 3, 3, 3, 3, 3, 3, 3, 3, 3, 3, 3, 3, 3, 3, 3, 3, 3, 3, 3, 3, 3, 3, 3, 3, 3, 3, 3, 3, 3, 3, 3, 3, 3, 3, 3, 3, 3, 3, 3, 3, 3, 3, 3, 3, 3, 3, 3, 3, 3, 3, 3, 3, 3, 3, 3, 3, 3, 3, 3, 3, 3, 3, 3, 3, 3, 3, 3, 3, 3, 3, 3, 3, 3, 3, 3, 3, 3, 3, 3, 3, 3, 3, 3, 3, 3, 3, 3, 3, 3, 3, 3, 3, 3, 3, 3, 3, 3, 3]
            int[] faceVertexIndices = [1, 0, 4, 1, 4, 2, 2, 4, 5, 2, 5, 3, 4, 0, 6, 4, 6, 5, 5, 6, 7, 5, 7, 3, 6, 0, 8, 6, 8, 7, 7, 8, 9, 7, 9, 3, 8, 0, 10, 8, 10, 9, 9, 10, 11, 9, 11, 3, 10, 0, 12, 10, 12, 11, 11, 12, 13, 11, 13, 3, 12, 0, 14, 12, 14, 13, 13, 14, 15, 13, 15, 3, 14, 0, 16, 14, 16, 15, 15, 16, 17, 15, 17, 3, 16, 0, 18, 16, 18, 17, 17, 18, 19, 17, 19, 3, 18, 0, 20, 18, 20, 19, 19, 20, 21, 19, 21, 3, 20, 0, 22, 20, 22, 21, 21, 22, 23, 21, 23, 3, 22, 0, 24, 22, 24, 23, 23, 24, 25, 23, 25, 3, 24, 0, 26, 24, 26, 25, 25, 26, 27, 25, 27, 3, 26, 0, 28, 26, 28, 27, 27, 28, 29, 27, 29, 3, 28, 0, 30, 28, 30, 29, 29, 30, 31, 29, 31, 3, 30, 0, 32, 30, 32, 31, 31, 32, 33, 31, 33, 3, 32, 0, 34, 32, 34, 33, 33, 34, 35, 33, 35, 3, 34, 0, 36, 34, 36, 35, 35, 36, 37, 35, 37, 3, 36, 0, 38, 36, 38, 37, 37, 38, 39, 37, 39, 3, 38, 0, 40, 38, 40, 39, 39, 40, 41, 39, 41, 3, 40, 0, 42, 40, 42, 41, 41, 42, 43, 41, 43, 3, 42, 0, 44, 42, 44, 43, 43, 44, 45, 43, 45, 3, 44, 0, 46, 44, 46, 45, 45, 46, 47, 45, 47, 3, 46, 0, 48, 46, 48, 47, 47, 48, 49, 47, 49, 3, 48, 0, 50, 48, 50, 49, 49, 50, 51, 49, 51, 3, 50, 0, 52, 50, 52, 51, 51, 52, 53, 51, 53, 3, 52, 0, 54, 52, 54, 53, 53, 54, 55, 53, 55, 3, 54, 0, 56, 54, 56, 55, 55, 56, 57, 55, 57, 3, 56, 0, 58, 56, 58, 57, 57, 58, 59, 57, 59, 3, 58, 0, 60, 58, 60, 59, 59, 60, 61, 59, 61, 3, 60, 0, 62, 60, 62, 61, 61, 62, 63, 61, 63, 3, 62, 0, 64, 62, 64, 63, 63, 64, 65, 63, 65, 3, 64, 0, 1, 64, 1, 65, 65, 1, 2, 65, 2, 3]
            rel material:binding = </Looks/M_9ea8b2>
            point3f[] points = [(0.024, 0.008, 0.0103), (0.0265, 0.008, 0.0103), (0.0265, 0.008, 0.0113), (0.024, 0.008, 0.0113), (0.026451964, 0.008487726, 0.0103), (0.026451964, 0.008487726, 0.0113), (0.026309699, 0.008956709, 0.0103), (0.026309699, 0.008956709, 0.0113), (0.026078675, 0.0093889255, 0.0103), (0.026078675, 0.0093889255, 0.0113), (0.025767768, 0.009767767, 0.0103), (0.025767768, 0.009767767, 0.0113), (0.025388926, 0.010078674, 0.0103), (0.025388926, 0.010078674, 0.0113), (0.024956709, 0.010309699, 0.0103), (0.024956709, 0.010309699, 0.0113), (0.024487726, 0.010451963, 0.0103), (0.024487726, 0.010451963, 0.0113), (0.024, 0.0105, 0.0103), (0.024, 0.0105, 0.0113), (0.023512274, 0.010451963, 0.0103), (0.023512274, 0.010451963, 0.0113), (0.023043292, 0.010309699, 0.0103), (0.023043292, 0.010309699, 0.0113), (0.022611074, 0.010078674, 0.0103), (0.022611074, 0.010078674, 0.0113), (0.022232233, 0.009767767, 0.0103), (0.022232233, 0.009767767, 0.0113), (0.021921325, 0.0093889255, 0.0103), (0.021921325, 0.0093889255, 0.0113), (0.021690302, 0.008956709, 0.0103), (0.021690302, 0.008956709, 0.0113), (0.021548036, 0.008487726, 0.0103), (0.021548036, 0.008487726, 0.0113), (0.0215, 0.008, 0.0103), (0.0215, 0.008, 0.0113), (0.021548036, 0.007512274, 0.0103), (0.021548036, 0.007512274, 0.0113), (0.021690302, 0.0070432913, 0.0103), (0.021690302, 0.0070432913, 0.0113), (0.021921325, 0.0066110743, 0.0103), (0.021921325, 0.0066110743, 0.0113), (0.022232233, 0.0062322333, 0.0103), (0.022232233, 0.0062322333, 0.0113), (0.022611074, 0.005921326, 0.0103), (0.022611074, 0.005921326, 0.0113), (0.023043292, 0.0056903013, 0.0103), (0.023043292, 0.0056903013, 0.0113), (0.023512274, 0.0055480367, 0.0103), (0.023512274, 0.0055480367, 0.0113), (0.024, 0.0055, 0.0103), (0.024, 0.0055, 0.0113), (0.024487726, 0.0055480367, 0.0103), (0.024487726, 0.0055480367, 0.0113), (0.024956709, 0.0056903013, 0.0103), (0.024956709, 0.0056903013, 0.0113), (0.025388926, 0.005921326, 0.0103), (0.025388926, 0.005921326, 0.0113), (0.025767768, 0.0062322333, 0.0103), (0.025767768, 0.0062322333, 0.0113), (0.026078675, 0.0066110743, 0.0103), (0.026078675, 0.0066110743, 0.0113), (0.026309699, 0.0070432913, 0.0103), (0.026309699, 0.0070432913, 0.0113), (0.026451964, 0.007512274, 0.0103), (0.026451964, 0.007512274, 0.0113)]
            color3f[] primvars:displayColor = [(0.62, 0.66, 0.7)]
            uniform token subdivisionScheme = "none"
        }

        def Mesh "front_latch_face" (
            prepend apiSchemas = ["MaterialBindingAPI"]
            customData = {
                bool newton_collision = 0
            }
        )
        {
            int[] faceVertexCounts = [3, 3, 3, 3, 3, 3, 3, 3, 3, 3, 3, 3]
            int[] faceVertexIndices = [1, 3, 0, 4, 1, 0, 0, 3, 2, 2, 4, 0, 1, 7, 3, 5, 1, 4, 5, 7, 1, 3, 7, 2, 6, 4, 2, 2, 7, 6, 6, 5, 4, 7, 5, 6]
            rel material:binding = </Looks/M_080b0d>
            point3f[] points = [(-0.0045, -0.004, 0.0005), (-0.0045, -0.004, 0.0055), (-0.0045, -0.002, 0.0005), (-0.0045, -0.002, 0.0055), (0.0045, -0.004, 0.0005), (0.0045, -0.004, 0.0055), (0.0045, -0.002, 0.0005), (0.0045, -0.002, 0.0055)]
            color3f[] primvars:displayColor = [(0.035, 0.045, 0.052)]
            uniform token subdivisionScheme = "none"
        }

        def Mesh "latch_indicator" (
            prepend apiSchemas = ["MaterialBindingAPI"]
            customData = {
                bool newton_collision = 0
            }
        )
        {
            int[] faceVertexCounts = [3, 3, 3, 3, 3, 3, 3, 3, 3, 3, 3, 3]
            int[] faceVertexIndices = [1, 3, 0, 4, 1, 0, 0, 3, 2, 2, 4, 0, 1, 7, 3, 5, 1, 4, 5, 7, 1, 3, 7, 2, 6, 4, 2, 2, 7, 6, 6, 5, 4, 7, 5, 6]
            rel material:binding = </Looks/M_9ea8b2>
            point3f[] points = [(-0.0015, -0.0044, 0.0021), (-0.0015, -0.0044, 0.0039), (-0.0015, -0.004, 0.0021), (-0.0015, -0.004, 0.0039), (0.0015, -0.0044, 0.0021), (0.0015, -0.0044, 0.0039), (0.0015, -0.004, 0.0021), (0.0015, -0.004, 0.0039)]
            color3f[] primvars:displayColor = [(0.62, 0.66, 0.7)]
            uniform token subdivisionScheme = "none"
        }
    }

    def Xform "CableEndPlug"
    {
        quatf xformOp:orient = (0.9767479, 0.21439166, -0.0000046699874, 4.05794e-7)
        float3 xformOp:translate = (-0.000003035263, 0.008353383, 0.08596698)
        uniform token[] xformOpOrder = ["xformOp:translate", "xformOp:orient"]

        def Mesh "housing" (
            prepend apiSchemas = ["MaterialBindingAPI"]
            customData = {
                bool newton_collision = 1
            }
        )
        {
            int[] faceVertexCounts = [3, 3, 3, 3, 3, 3, 3, 3, 3, 3, 3, 3]
            int[] faceVertexIndices = [1, 3, 0, 4, 1, 0, 0, 3, 2, 2, 4, 0, 1, 7, 3, 5, 1, 4, 5, 7, 1, 3, 7, 2, 6, 4, 2, 2, 7, 6, 6, 5, 4, 7, 5, 6]
            rel material:binding = </Looks/M_b7bfc4>
            point3f[] points = [(-0.021, -0.0135, -0.004), (-0.021, -0.0135, 0.004), (-0.021, 0.0135, -0.004), (-0.021, 0.0135, 0.004), (0.021, -0.0135, -0.004), (0.021, -0.0135, 0.004), (0.021, 0.0135, -0.004), (0.021, 0.0135, 0.004)]
            color3f[] primvars:displayColor = [(0.72, 0.75, 0.77)]
            uniform token subdivisionScheme = "none"
        }

        def Mesh "top_ridge" (
            prepend apiSchemas = ["MaterialBindingAPI"]
            customData = {
                bool newton_collision = 0
            }
        )
        {
            int[] faceVertexCounts = [3, 3, 3, 3, 3, 3, 3, 3, 3, 3, 3, 3]
            int[] faceVertexIndices = [1, 3, 0, 4, 1, 0, 0, 3, 2, 2, 4, 0, 1, 7, 3, 5, 1, 4, 5, 7, 1, 3, 7, 2, 6, 4, 2, 2, 7, 6, 6, 5, 4, 7, 5, 6]
            rel material:binding = </Looks/M_b7bfc4>
            point3f[] points = [(-0.0215, -0.013, 0.004), (-0.0215, -0.013, 0.006), (-0.0215, -0.011, 0.004), (-0.0215, -0.011, 0.006), (0.0215, -0.013, 0.004), (0.0215, -0.013, 0.006), (0.0215, -0.011, 0.004), (0.0215, -0.011, 0.006)]
            color3f[] primvars:displayColor = [(0.72, 0.75, 0.77)]
            uniform token subdivisionScheme = "none"
        }

        def Mesh "rear_ridge" (
            prepend apiSchemas = ["MaterialBindingAPI"]
            customData = {
                bool newton_collision = 0
            }
        )
        {
            int[] faceVertexCounts = [3, 3, 3, 3, 3, 3, 3, 3, 3, 3, 3, 3]
            int[] faceVertexIndices = [1, 3, 0, 4, 1, 0, 0, 3, 2, 2, 4, 0, 1, 7, 3, 5, 1, 4, 5, 7, 1, 3, 7, 2, 6, 4, 2, 2, 7, 6, 6, 5, 4, 7, 5, 6]
            rel material:binding = </Looks/M_b7bfc4>
            point3f[] points = [(-0.0215, 0.011, 0.004), (-0.0215, 0.011, 0.006), (-0.0215, 0.013, 0.004), (-0.0215, 0.013, 0.006), (0.0215, 0.011, 0.004), (0.0215, 0.011, 0.006), (0.0215, 0.013, 0.004), (0.0215, 0.013, 0.006)]
            color3f[] primvars:displayColor = [(0.72, 0.75, 0.77)]
            uniform token subdivisionScheme = "none"
        }

        def Mesh "blue_wire_support" (
            prepend apiSchemas = ["MaterialBindingAPI"]
            customData = {
                bool newton_collision = 0
            }
        )
        {
            int[] faceVertexCounts = [3, 3, 3, 3, 3, 3, 3, 3, 3, 3, 3, 3]
            int[] faceVertexIndices = [1, 3, 0, 4, 1, 0, 0, 3, 2, 2, 4, 0, 1, 7, 3, 5, 1, 4, 5, 7, 1, 3, 7, 2, 6, 4, 2, 2, 7, 6, 6, 5, 4, 7, 5, 6]
            rel material:binding = </Looks/M_0b309e>
            point3f[] points = [(-0.01, 0.006, 0.004), (-0.01, 0.006, 0.011), (-0.01, 0.012, 0.004), (-0.01, 0.012, 0.011), (0.01, 0.006, 0.004), (0.01, 0.006, 0.011), (0.01, 0.012, 0.004), (0.01, 0.012, 0.011)]
            color3f[] primvars:displayColor = [(0.045, 0.19, 0.62)]
            uniform token subdivisionScheme = "none"
        }

        def Mesh "end_key_m1" (
            prepend apiSchemas = ["MaterialBindingAPI"]
            customData = {
                bool newton_collision = 1
            }
        )
        {
            int[] faceVertexCounts = [3, 3, 3, 3, 3, 3, 3, 3, 3, 3, 3, 3]
            int[] faceVertexIndices = [1, 3, 0, 4, 1, 0, 0, 3, 2, 2, 4, 0, 1, 7, 3, 5, 1, 4, 5, 7, 1, 3, 7, 2, 6, 4, 2, 2, 7, 6, 6, 5, 4, 7, 5, 6]
            rel material:binding = </Looks/M_b7bfc4>
            point3f[] points = [(-0.022, -0.0075, -0.002), (-0.022, -0.0075, 0.002), (-0.022, 0.0075, -0.002), (-0.022, 0.0075, 0.002), (-0.021, -0.0075, -0.002), (-0.021, -0.0075, 0.002), (-0.021, 0.0075, -0.002), (-0.021, 0.0075, 0.002)]
            color3f[] primvars:displayColor = [(0.72, 0.75, 0.77)]
            uniform token subdivisionScheme = "none"
        }

        def Mesh "grip_ear_m1" (
            prepend apiSchemas = ["MaterialBindingAPI"]
            customData = {
                bool newton_collision = 0
            }
        )
        {
            int[] faceVertexCounts = [3, 3, 3, 3, 3, 3, 3, 3, 3, 3, 3, 3]
            int[] faceVertexIndices = [1, 3, 0, 4, 1, 0, 0, 3, 2, 2, 4, 0, 1, 7, 3, 5, 1, 4, 5, 7, 1, 3, 7, 2, 6, 4, 2, 2, 7, 6, 6, 5, 4, 7, 5, 6]
            rel material:binding = </Looks/M_b7bfc4>
            point3f[] points = [(-0.0235, -0.003, 0.004), (-0.0235, -0.003, 0.006), (-0.0235, 0.003, 0.004), (-0.0235, 0.003, 0.006), (-0.0205, -0.003, 0.004), (-0.0205, -0.003, 0.006), (-0.0205, 0.003, 0.004), (-0.0205, 0.003, 0.006)]
            color3f[] primvars:displayColor = [(0.72, 0.75, 0.77)]
            uniform token subdivisionScheme = "none"
        }

        def Mesh "end_key_1" (
            prepend apiSchemas = ["MaterialBindingAPI"]
            customData = {
                bool newton_collision = 1
            }
        )
        {
            int[] faceVertexCounts = [3, 3, 3, 3, 3, 3, 3, 3, 3, 3, 3, 3]
            int[] faceVertexIndices = [1, 3, 0, 4, 1, 0, 0, 3, 2, 2, 4, 0, 1, 7, 3, 5, 1, 4, 5, 7, 1, 3, 7, 2, 6, 4, 2, 2, 7, 6, 6, 5, 4, 7, 5, 6]
            rel material:binding = </Looks/M_b7bfc4>
            point3f[] points = [(0.021, -0.0075, -0.002), (0.021, -0.0075, 0.002), (0.021, 0.0075, -0.002), (0.021, 0.0075, 0.002), (0.022, -0.0075, -0.002), (0.022, -0.0075, 0.002), (0.022, 0.0075, -0.002), (0.022, 0.0075, 0.002)]
            color3f[] primvars:displayColor = [(0.72, 0.75, 0.77)]
            uniform token subdivisionScheme = "none"
        }

        def Mesh "grip_ear_1" (
            prepend apiSchemas = ["MaterialBindingAPI"]
            customData = {
                bool newton_collision = 0
            }
        )
        {
            int[] faceVertexCounts = [3, 3, 3, 3, 3, 3, 3, 3, 3, 3, 3, 3]
            int[] faceVertexIndices = [1, 3, 0, 4, 1, 0, 0, 3, 2, 2, 4, 0, 1, 7, 3, 5, 1, 4, 5, 7, 1, 3, 7, 2, 6, 4, 2, 2, 7, 6, 6, 5, 4, 7, 5, 6]
            rel material:binding = </Looks/M_b7bfc4>
            point3f[] points = [(0.0205, -0.003, 0.004), (0.0205, -0.003, 0.006), (0.0205, 0.003, 0.004), (0.0205, 0.003, 0.006), (0.0235, -0.003, 0.004), (0.0235, -0.003, 0.006), (0.0235, 0.003, 0.004), (0.0235, 0.003, 0.006)]
            color3f[] primvars:displayColor = [(0.72, 0.75, 0.77)]
            uniform token subdivisionScheme = "none"
        }

        def Mesh "contact_recess_00" (
            prepend apiSchemas = ["MaterialBindingAPI"]
            customData = {
                bool newton_collision = 0
            }
        )
        {
            int[] faceVertexCounts = [3, 3, 3, 3, 3, 3, 3, 3, 3, 3, 3, 3]
            int[] faceVertexIndices = [1, 3, 0, 4, 1, 0, 0, 3, 2, 2, 4, 0, 1, 7, 3, 5, 1, 4, 5, 7, 1, 3, 7, 2, 6, 4, 2, 2, 7, 6, 6, 5, 4, 7, 5, 6]
            rel material:binding = </Looks/M_18191c>
            point3f[] points = [(-0.0177, -0.005, 0.00405), (-0.0177, -0.005, 0.00425), (-0.0177, -0.001, 0.00405), (-0.0177, -0.001, 0.00425), (-0.0165, -0.005, 0.00405), (-0.0165, -0.005, 0.00425), (-0.0165, -0.001, 0.00405), (-0.0165, -0.001, 0.00425)]
            color3f[] primvars:displayColor = [(0.095, 0.1, 0.11)]
            uniform token subdivisionScheme = "none"
        }

        def Mesh "contact_tip_00" (
            prepend apiSchemas = ["MaterialBindingAPI"]
            customData = {
                bool newton_collision = 0
            }
        )
        {
            int[] faceVertexCounts = [3, 3, 3, 3, 3, 3, 3, 3, 3, 3, 3, 3]
            int[] faceVertexIndices = [1, 3, 0, 4, 1, 0, 0, 3, 2, 2, 4, 0, 1, 7, 3, 5, 1, 4, 5, 7, 1, 3, 7, 2, 6, 4, 2, 2, 7, 6, 6, 5, 4, 7, 5, 6]
            rel material:binding = </Looks/M_99844c>
            point3f[] points = [(-0.017375, -0.004, 0.00419), (-0.017375, -0.004, 0.00441), (-0.017375, -0.002, 0.00419), (-0.017375, -0.002, 0.00441), (-0.016825, -0.004, 0.00419), (-0.016825, -0.004, 0.00441), (-0.016825, -0.002, 0.00419), (-0.016825, -0.002, 0.00441)]
            color3f[] primvars:displayColor = [(0.6, 0.52, 0.3)]
            uniform token subdivisionScheme = "none"
        }

        def Mesh "contact_recess_01" (
            prepend apiSchemas = ["MaterialBindingAPI"]
            customData = {
                bool newton_collision = 0
            }
        )
        {
            int[] faceVertexCounts = [3, 3, 3, 3, 3, 3, 3, 3, 3, 3, 3, 3]
            int[] faceVertexIndices = [1, 3, 0, 4, 1, 0, 0, 3, 2, 2, 4, 0, 1, 7, 3, 5, 1, 4, 5, 7, 1, 3, 7, 2, 6, 4, 2, 2, 7, 6, 6, 5, 4, 7, 5, 6]
            rel material:binding = </Looks/M_18191c>
            point3f[] points = [(-0.0159, -0.005, 0.00405), (-0.0159, -0.005, 0.00425), (-0.0159, -0.001, 0.00405), (-0.0159, -0.001, 0.00425), (-0.0147, -0.005, 0.00405), (-0.0147, -0.005, 0.00425), (-0.0147, -0.001, 0.00405), (-0.0147, -0.001, 0.00425)]
            color3f[] primvars:displayColor = [(0.095, 0.1, 0.11)]
            uniform token subdivisionScheme = "none"
        }

        def Mesh "contact_tip_01" (
            prepend apiSchemas = ["MaterialBindingAPI"]
            customData = {
                bool newton_collision = 0
            }
        )
        {
            int[] faceVertexCounts = [3, 3, 3, 3, 3, 3, 3, 3, 3, 3, 3, 3]
            int[] faceVertexIndices = [1, 3, 0, 4, 1, 0, 0, 3, 2, 2, 4, 0, 1, 7, 3, 5, 1, 4, 5, 7, 1, 3, 7, 2, 6, 4, 2, 2, 7, 6, 6, 5, 4, 7, 5, 6]
            rel material:binding = </Looks/M_99844c>
            point3f[] points = [(-0.015575, -0.004, 0.00419), (-0.015575, -0.004, 0.00441), (-0.015575, -0.002, 0.00419), (-0.015575, -0.002, 0.00441), (-0.015025, -0.004, 0.00419), (-0.015025, -0.004, 0.00441), (-0.015025, -0.002, 0.00419), (-0.015025, -0.002, 0.00441)]
            color3f[] primvars:displayColor = [(0.6, 0.52, 0.3)]
            uniform token subdivisionScheme = "none"
        }

        def Mesh "contact_recess_02" (
            prepend apiSchemas = ["MaterialBindingAPI"]
            customData = {
                bool newton_collision = 0
            }
        )
        {
            int[] faceVertexCounts = [3, 3, 3, 3, 3, 3, 3, 3, 3, 3, 3, 3]
            int[] faceVertexIndices = [1, 3, 0, 4, 1, 0, 0, 3, 2, 2, 4, 0, 1, 7, 3, 5, 1, 4, 5, 7, 1, 3, 7, 2, 6, 4, 2, 2, 7, 6, 6, 5, 4, 7, 5, 6]
            rel material:binding = </Looks/M_18191c>
            point3f[] points = [(-0.0141, -0.005, 0.00405), (-0.0141, -0.005, 0.00425), (-0.0141, -0.001, 0.00405), (-0.0141, -0.001, 0.00425), (-0.0129, -0.005, 0.00405), (-0.0129, -0.005, 0.00425), (-0.0129, -0.001, 0.00405), (-0.0129, -0.001, 0.00425)]
            color3f[] primvars:displayColor = [(0.095, 0.1, 0.11)]
            uniform token subdivisionScheme = "none"
        }

        def Mesh "contact_tip_02" (
            prepend apiSchemas = ["MaterialBindingAPI"]
            customData = {
                bool newton_collision = 0
            }
        )
        {
            int[] faceVertexCounts = [3, 3, 3, 3, 3, 3, 3, 3, 3, 3, 3, 3]
            int[] faceVertexIndices = [1, 3, 0, 4, 1, 0, 0, 3, 2, 2, 4, 0, 1, 7, 3, 5, 1, 4, 5, 7, 1, 3, 7, 2, 6, 4, 2, 2, 7, 6, 6, 5, 4, 7, 5, 6]
            rel material:binding = </Looks/M_99844c>
            point3f[] points = [(-0.013775, -0.004, 0.00419), (-0.013775, -0.004, 0.00441), (-0.013775, -0.002, 0.00419), (-0.013775, -0.002, 0.00441), (-0.013225, -0.004, 0.00419), (-0.013225, -0.004, 0.00441), (-0.013225, -0.002, 0.00419), (-0.013225, -0.002, 0.00441)]
            color3f[] primvars:displayColor = [(0.6, 0.52, 0.3)]
            uniform token subdivisionScheme = "none"
        }

        def Mesh "contact_recess_03" (
            prepend apiSchemas = ["MaterialBindingAPI"]
            customData = {
                bool newton_collision = 0
            }
        )
        {
            int[] faceVertexCounts = [3, 3, 3, 3, 3, 3, 3, 3, 3, 3, 3, 3]
            int[] faceVertexIndices = [1, 3, 0, 4, 1, 0, 0, 3, 2, 2, 4, 0, 1, 7, 3, 5, 1, 4, 5, 7, 1, 3, 7, 2, 6, 4, 2, 2, 7, 6, 6, 5, 4, 7, 5, 6]
            rel material:binding = </Looks/M_18191c>
            point3f[] points = [(-0.0123, -0.005, 0.00405), (-0.0123, -0.005, 0.00425), (-0.0123, -0.001, 0.00405), (-0.0123, -0.001, 0.00425), (-0.0111, -0.005, 0.00405), (-0.0111, -0.005, 0.00425), (-0.0111, -0.001, 0.00405), (-0.0111, -0.001, 0.00425)]
            color3f[] primvars:displayColor = [(0.095, 0.1, 0.11)]
            uniform token subdivisionScheme = "none"
        }

        def Mesh "contact_tip_03" (
            prepend apiSchemas = ["MaterialBindingAPI"]
            customData = {
                bool newton_collision = 0
            }
        )
        {
            int[] faceVertexCounts = [3, 3, 3, 3, 3, 3, 3, 3, 3, 3, 3, 3]
            int[] faceVertexIndices = [1, 3, 0, 4, 1, 0, 0, 3, 2, 2, 4, 0, 1, 7, 3, 5, 1, 4, 5, 7, 1, 3, 7, 2, 6, 4, 2, 2, 7, 6, 6, 5, 4, 7, 5, 6]
            rel material:binding = </Looks/M_99844c>
            point3f[] points = [(-0.011975, -0.004, 0.00419), (-0.011975, -0.004, 0.00441), (-0.011975, -0.002, 0.00419), (-0.011975, -0.002, 0.00441), (-0.011425, -0.004, 0.00419), (-0.011425, -0.004, 0.00441), (-0.011425, -0.002, 0.00419), (-0.011425, -0.002, 0.00441)]
            color3f[] primvars:displayColor = [(0.6, 0.52, 0.3)]
            uniform token subdivisionScheme = "none"
        }

        def Mesh "contact_recess_04" (
            prepend apiSchemas = ["MaterialBindingAPI"]
            customData = {
                bool newton_collision = 0
            }
        )
        {
            int[] faceVertexCounts = [3, 3, 3, 3, 3, 3, 3, 3, 3, 3, 3, 3]
            int[] faceVertexIndices = [1, 3, 0, 4, 1, 0, 0, 3, 2, 2, 4, 0, 1, 7, 3, 5, 1, 4, 5, 7, 1, 3, 7, 2, 6, 4, 2, 2, 7, 6, 6, 5, 4, 7, 5, 6]
            rel material:binding = </Looks/M_18191c>
            point3f[] points = [(-0.0105, -0.005, 0.00405), (-0.0105, -0.005, 0.00425), (-0.0105, -0.001, 0.00405), (-0.0105, -0.001, 0.00425), (-0.0093, -0.005, 0.00405), (-0.0093, -0.005, 0.00425), (-0.0093, -0.001, 0.00405), (-0.0093, -0.001, 0.00425)]
            color3f[] primvars:displayColor = [(0.095, 0.1, 0.11)]
            uniform token subdivisionScheme = "none"
        }

        def Mesh "contact_tip_04" (
            prepend apiSchemas = ["MaterialBindingAPI"]
            customData = {
                bool newton_collision = 0
            }
        )
        {
            int[] faceVertexCounts = [3, 3, 3, 3, 3, 3, 3, 3, 3, 3, 3, 3]
            int[] faceVertexIndices = [1, 3, 0, 4, 1, 0, 0, 3, 2, 2, 4, 0, 1, 7, 3, 5, 1, 4, 5, 7, 1, 3, 7, 2, 6, 4, 2, 2, 7, 6, 6, 5, 4, 7, 5, 6]
            rel material:binding = </Looks/M_99844c>
            point3f[] points = [(-0.010175, -0.004, 0.00419), (-0.010175, -0.004, 0.00441), (-0.010175, -0.002, 0.00419), (-0.010175, -0.002, 0.00441), (-0.009625, -0.004, 0.00419), (-0.009625, -0.004, 0.00441), (-0.009625, -0.002, 0.00419), (-0.009625, -0.002, 0.00441)]
            color3f[] primvars:displayColor = [(0.6, 0.52, 0.3)]
            uniform token subdivisionScheme = "none"
        }

        def Mesh "contact_recess_05" (
            prepend apiSchemas = ["MaterialBindingAPI"]
            customData = {
                bool newton_collision = 0
            }
        )
        {
            int[] faceVertexCounts = [3, 3, 3, 3, 3, 3, 3, 3, 3, 3, 3, 3]
            int[] faceVertexIndices = [1, 3, 0, 4, 1, 0, 0, 3, 2, 2, 4, 0, 1, 7, 3, 5, 1, 4, 5, 7, 1, 3, 7, 2, 6, 4, 2, 2, 7, 6, 6, 5, 4, 7, 5, 6]
            rel material:binding = </Looks/M_18191c>
            point3f[] points = [(-0.0087, -0.005, 0.00405), (-0.0087, -0.005, 0.00425), (-0.0087, -0.001, 0.00405), (-0.0087, -0.001, 0.00425), (-0.0075, -0.005, 0.00405), (-0.0075, -0.005, 0.00425), (-0.0075, -0.001, 0.00405), (-0.0075, -0.001, 0.00425)]
            color3f[] primvars:displayColor = [(0.095, 0.1, 0.11)]
            uniform token subdivisionScheme = "none"
        }

        def Mesh "contact_tip_05" (
            prepend apiSchemas = ["MaterialBindingAPI"]
            customData = {
                bool newton_collision = 0
            }
        )
        {
            int[] faceVertexCounts = [3, 3, 3, 3, 3, 3, 3, 3, 3, 3, 3, 3]
            int[] faceVertexIndices = [1, 3, 0, 4, 1, 0, 0, 3, 2, 2, 4, 0, 1, 7, 3, 5, 1, 4, 5, 7, 1, 3, 7, 2, 6, 4, 2, 2, 7, 6, 6, 5, 4, 7, 5, 6]
            rel material:binding = </Looks/M_99844c>
            point3f[] points = [(-0.008375, -0.004, 0.00419), (-0.008375, -0.004, 0.00441), (-0.008375, -0.002, 0.00419), (-0.008375, -0.002, 0.00441), (-0.007825, -0.004, 0.00419), (-0.007825, -0.004, 0.00441), (-0.007825, -0.002, 0.00419), (-0.007825, -0.002, 0.00441)]
            color3f[] primvars:displayColor = [(0.6, 0.52, 0.3)]
            uniform token subdivisionScheme = "none"
        }

        def Mesh "contact_recess_06" (
            prepend apiSchemas = ["MaterialBindingAPI"]
            customData = {
                bool newton_collision = 0
            }
        )
        {
            int[] faceVertexCounts = [3, 3, 3, 3, 3, 3, 3, 3, 3, 3, 3, 3]
            int[] faceVertexIndices = [1, 3, 0, 4, 1, 0, 0, 3, 2, 2, 4, 0, 1, 7, 3, 5, 1, 4, 5, 7, 1, 3, 7, 2, 6, 4, 2, 2, 7, 6, 6, 5, 4, 7, 5, 6]
            rel material:binding = </Looks/M_18191c>
            point3f[] points = [(-0.0069, -0.005, 0.00405), (-0.0069, -0.005, 0.00425), (-0.0069, -0.001, 0.00405), (-0.0069, -0.001, 0.00425), (-0.0057, -0.005, 0.00405), (-0.0057, -0.005, 0.00425), (-0.0057, -0.001, 0.00405), (-0.0057, -0.001, 0.00425)]
            color3f[] primvars:displayColor = [(0.095, 0.1, 0.11)]
            uniform token subdivisionScheme = "none"
        }

        def Mesh "contact_tip_06" (
            prepend apiSchemas = ["MaterialBindingAPI"]
            customData = {
                bool newton_collision = 0
            }
        )
        {
            int[] faceVertexCounts = [3, 3, 3, 3, 3, 3, 3, 3, 3, 3, 3, 3]
            int[] faceVertexIndices = [1, 3, 0, 4, 1, 0, 0, 3, 2, 2, 4, 0, 1, 7, 3, 5, 1, 4, 5, 7, 1, 3, 7, 2, 6, 4, 2, 2, 7, 6, 6, 5, 4, 7, 5, 6]
            rel material:binding = </Looks/M_99844c>
            point3f[] points = [(-0.006575, -0.004, 0.00419), (-0.006575, -0.004, 0.00441), (-0.006575, -0.002, 0.00419), (-0.006575, -0.002, 0.00441), (-0.006025, -0.004, 0.00419), (-0.006025, -0.004, 0.00441), (-0.006025, -0.002, 0.00419), (-0.006025, -0.002, 0.00441)]
            color3f[] primvars:displayColor = [(0.6, 0.52, 0.3)]
            uniform token subdivisionScheme = "none"
        }

        def Mesh "contact_recess_07" (
            prepend apiSchemas = ["MaterialBindingAPI"]
            customData = {
                bool newton_collision = 0
            }
        )
        {
            int[] faceVertexCounts = [3, 3, 3, 3, 3, 3, 3, 3, 3, 3, 3, 3]
            int[] faceVertexIndices = [1, 3, 0, 4, 1, 0, 0, 3, 2, 2, 4, 0, 1, 7, 3, 5, 1, 4, 5, 7, 1, 3, 7, 2, 6, 4, 2, 2, 7, 6, 6, 5, 4, 7, 5, 6]
            rel material:binding = </Looks/M_18191c>
            point3f[] points = [(-0.0051, -0.005, 0.00405), (-0.0051, -0.005, 0.00425), (-0.0051, -0.001, 0.00405), (-0.0051, -0.001, 0.00425), (-0.0039, -0.005, 0.00405), (-0.0039, -0.005, 0.00425), (-0.0039, -0.001, 0.00405), (-0.0039, -0.001, 0.00425)]
            color3f[] primvars:displayColor = [(0.095, 0.1, 0.11)]
            uniform token subdivisionScheme = "none"
        }

        def Mesh "contact_tip_07" (
            prepend apiSchemas = ["MaterialBindingAPI"]
            customData = {
                bool newton_collision = 0
            }
        )
        {
            int[] faceVertexCounts = [3, 3, 3, 3, 3, 3, 3, 3, 3, 3, 3, 3]
            int[] faceVertexIndices = [1, 3, 0, 4, 1, 0, 0, 3, 2, 2, 4, 0, 1, 7, 3, 5, 1, 4, 5, 7, 1, 3, 7, 2, 6, 4, 2, 2, 7, 6, 6, 5, 4, 7, 5, 6]
            rel material:binding = </Looks/M_99844c>
            point3f[] points = [(-0.004775, -0.004, 0.00419), (-0.004775, -0.004, 0.00441), (-0.004775, -0.002, 0.00419), (-0.004775, -0.002, 0.00441), (-0.004225, -0.004, 0.00419), (-0.004225, -0.004, 0.00441), (-0.004225, -0.002, 0.00419), (-0.004225, -0.002, 0.00441)]
            color3f[] primvars:displayColor = [(0.6, 0.52, 0.3)]
            uniform token subdivisionScheme = "none"
        }

        def Mesh "contact_recess_08" (
            prepend apiSchemas = ["MaterialBindingAPI"]
            customData = {
                bool newton_collision = 0
            }
        )
        {
            int[] faceVertexCounts = [3, 3, 3, 3, 3, 3, 3, 3, 3, 3, 3, 3]
            int[] faceVertexIndices = [1, 3, 0, 4, 1, 0, 0, 3, 2, 2, 4, 0, 1, 7, 3, 5, 1, 4, 5, 7, 1, 3, 7, 2, 6, 4, 2, 2, 7, 6, 6, 5, 4, 7, 5, 6]
            rel material:binding = </Looks/M_18191c>
            point3f[] points = [(-0.0033, -0.005, 0.00405), (-0.0033, -0.005, 0.00425), (-0.0033, -0.001, 0.00405), (-0.0033, -0.001, 0.00425), (-0.0021, -0.005, 0.00405), (-0.0021, -0.005, 0.00425), (-0.0021, -0.001, 0.00405), (-0.0021, -0.001, 0.00425)]
            color3f[] primvars:displayColor = [(0.095, 0.1, 0.11)]
            uniform token subdivisionScheme = "none"
        }

        def Mesh "contact_tip_08" (
            prepend apiSchemas = ["MaterialBindingAPI"]
            customData = {
                bool newton_collision = 0
            }
        )
        {
            int[] faceVertexCounts = [3, 3, 3, 3, 3, 3, 3, 3, 3, 3, 3, 3]
            int[] faceVertexIndices = [1, 3, 0, 4, 1, 0, 0, 3, 2, 2, 4, 0, 1, 7, 3, 5, 1, 4, 5, 7, 1, 3, 7, 2, 6, 4, 2, 2, 7, 6, 6, 5, 4, 7, 5, 6]
            rel material:binding = </Looks/M_99844c>
            point3f[] points = [(-0.002975, -0.004, 0.00419), (-0.002975, -0.004, 0.00441), (-0.002975, -0.002, 0.00419), (-0.002975, -0.002, 0.00441), (-0.002425, -0.004, 0.00419), (-0.002425, -0.004, 0.00441), (-0.002425, -0.002, 0.00419), (-0.002425, -0.002, 0.00441)]
            color3f[] primvars:displayColor = [(0.6, 0.52, 0.3)]
            uniform token subdivisionScheme = "none"
        }

        def Mesh "contact_recess_09" (
            prepend apiSchemas = ["MaterialBindingAPI"]
            customData = {
                bool newton_collision = 0
            }
        )
        {
            int[] faceVertexCounts = [3, 3, 3, 3, 3, 3, 3, 3, 3, 3, 3, 3]
            int[] faceVertexIndices = [1, 3, 0, 4, 1, 0, 0, 3, 2, 2, 4, 0, 1, 7, 3, 5, 1, 4, 5, 7, 1, 3, 7, 2, 6, 4, 2, 2, 7, 6, 6, 5, 4, 7, 5, 6]
            rel material:binding = </Looks/M_18191c>
            point3f[] points = [(-0.0015, -0.005, 0.00405), (-0.0015, -0.005, 0.00425), (-0.0015, -0.001, 0.00405), (-0.0015, -0.001, 0.00425), (-0.0003, -0.005, 0.00405), (-0.0003, -0.005, 0.00425), (-0.0003, -0.001, 0.00405), (-0.0003, -0.001, 0.00425)]
            color3f[] primvars:displayColor = [(0.095, 0.1, 0.11)]
            uniform token subdivisionScheme = "none"
        }

        def Mesh "contact_tip_09" (
            prepend apiSchemas = ["MaterialBindingAPI"]
            customData = {
                bool newton_collision = 0
            }
        )
        {
            int[] faceVertexCounts = [3, 3, 3, 3, 3, 3, 3, 3, 3, 3, 3, 3]
            int[] faceVertexIndices = [1, 3, 0, 4, 1, 0, 0, 3, 2, 2, 4, 0, 1, 7, 3, 5, 1, 4, 5, 7, 1, 3, 7, 2, 6, 4, 2, 2, 7, 6, 6, 5, 4, 7, 5, 6]
            rel material:binding = </Looks/M_99844c>
            point3f[] points = [(-0.001175, -0.004, 0.00419), (-0.001175, -0.004, 0.00441), (-0.001175, -0.002, 0.00419), (-0.001175, -0.002, 0.00441), (-0.000625, -0.004, 0.00419), (-0.000625, -0.004, 0.00441), (-0.000625, -0.002, 0.00419), (-0.000625, -0.002, 0.00441)]
            color3f[] primvars:displayColor = [(0.6, 0.52, 0.3)]
            uniform token subdivisionScheme = "none"
        }

        def Mesh "contact_recess_10" (
            prepend apiSchemas = ["MaterialBindingAPI"]
            customData = {
                bool newton_collision = 0
            }
        )
        {
            int[] faceVertexCounts = [3, 3, 3, 3, 3, 3, 3, 3, 3, 3, 3, 3]
            int[] faceVertexIndices = [1, 3, 0, 4, 1, 0, 0, 3, 2, 2, 4, 0, 1, 7, 3, 5, 1, 4, 5, 7, 1, 3, 7, 2, 6, 4, 2, 2, 7, 6, 6, 5, 4, 7, 5, 6]
            rel material:binding = </Looks/M_18191c>
            point3f[] points = [(0.0003, -0.005, 0.00405), (0.0003, -0.005, 0.00425), (0.0003, -0.001, 0.00405), (0.0003, -0.001, 0.00425), (0.0015, -0.005, 0.00405), (0.0015, -0.005, 0.00425), (0.0015, -0.001, 0.00405), (0.0015, -0.001, 0.00425)]
            color3f[] primvars:displayColor = [(0.095, 0.1, 0.11)]
            uniform token subdivisionScheme = "none"
        }

        def Mesh "contact_tip_10" (
            prepend apiSchemas = ["MaterialBindingAPI"]
            customData = {
                bool newton_collision = 0
            }
        )
        {
            int[] faceVertexCounts = [3, 3, 3, 3, 3, 3, 3, 3, 3, 3, 3, 3]
            int[] faceVertexIndices = [1, 3, 0, 4, 1, 0, 0, 3, 2, 2, 4, 0, 1, 7, 3, 5, 1, 4, 5, 7, 1, 3, 7, 2, 6, 4, 2, 2, 7, 6, 6, 5, 4, 7, 5, 6]
            rel material:binding = </Looks/M_99844c>
            point3f[] points = [(0.000625, -0.004, 0.00419), (0.000625, -0.004, 0.00441), (0.000625, -0.002, 0.00419), (0.000625, -0.002, 0.00441), (0.001175, -0.004, 0.00419), (0.001175, -0.004, 0.00441), (0.001175, -0.002, 0.00419), (0.001175, -0.002, 0.00441)]
            color3f[] primvars:displayColor = [(0.6, 0.52, 0.3)]
            uniform token subdivisionScheme = "none"
        }

        def Mesh "contact_recess_11" (
            prepend apiSchemas = ["MaterialBindingAPI"]
            customData = {
                bool newton_collision = 0
            }
        )
        {
            int[] faceVertexCounts = [3, 3, 3, 3, 3, 3, 3, 3, 3, 3, 3, 3]
            int[] faceVertexIndices = [1, 3, 0, 4, 1, 0, 0, 3, 2, 2, 4, 0, 1, 7, 3, 5, 1, 4, 5, 7, 1, 3, 7, 2, 6, 4, 2, 2, 7, 6, 6, 5, 4, 7, 5, 6]
            rel material:binding = </Looks/M_18191c>
            point3f[] points = [(0.0021, -0.005, 0.00405), (0.0021, -0.005, 0.00425), (0.0021, -0.001, 0.00405), (0.0021, -0.001, 0.00425), (0.0033, -0.005, 0.00405), (0.0033, -0.005, 0.00425), (0.0033, -0.001, 0.00405), (0.0033, -0.001, 0.00425)]
            color3f[] primvars:displayColor = [(0.095, 0.1, 0.11)]
            uniform token subdivisionScheme = "none"
        }

        def Mesh "contact_tip_11" (
            prepend apiSchemas = ["MaterialBindingAPI"]
            customData = {
                bool newton_collision = 0
            }
        )
        {
            int[] faceVertexCounts = [3, 3, 3, 3, 3, 3, 3, 3, 3, 3, 3, 3]
            int[] faceVertexIndices = [1, 3, 0, 4, 1, 0, 0, 3, 2, 2, 4, 0, 1, 7, 3, 5, 1, 4, 5, 7, 1, 3, 7, 2, 6, 4, 2, 2, 7, 6, 6, 5, 4, 7, 5, 6]
            rel material:binding = </Looks/M_99844c>
            point3f[] points = [(0.002425, -0.004, 0.00419), (0.002425, -0.004, 0.00441), (0.002425, -0.002, 0.00419), (0.002425, -0.002, 0.00441), (0.002975, -0.004, 0.00419), (0.002975, -0.004, 0.00441), (0.002975, -0.002, 0.00419), (0.002975, -0.002, 0.00441)]
            color3f[] primvars:displayColor = [(0.6, 0.52, 0.3)]
            uniform token subdivisionScheme = "none"
        }

        def Mesh "contact_recess_12" (
            prepend apiSchemas = ["MaterialBindingAPI"]
            customData = {
                bool newton_collision = 0
            }
        )
        {
            int[] faceVertexCounts = [3, 3, 3, 3, 3, 3, 3, 3, 3, 3, 3, 3]
            int[] faceVertexIndices = [1, 3, 0, 4, 1, 0, 0, 3, 2, 2, 4, 0, 1, 7, 3, 5, 1, 4, 5, 7, 1, 3, 7, 2, 6, 4, 2, 2, 7, 6, 6, 5, 4, 7, 5, 6]
            rel material:binding = </Looks/M_18191c>
            point3f[] points = [(0.0039, -0.005, 0.00405), (0.0039, -0.005, 0.00425), (0.0039, -0.001, 0.00405), (0.0039, -0.001, 0.00425), (0.0051, -0.005, 0.00405), (0.0051, -0.005, 0.00425), (0.0051, -0.001, 0.00405), (0.0051, -0.001, 0.00425)]
            color3f[] primvars:displayColor = [(0.095, 0.1, 0.11)]
            uniform token subdivisionScheme = "none"
        }

        def Mesh "contact_tip_12" (
            prepend apiSchemas = ["MaterialBindingAPI"]
            customData = {
                bool newton_collision = 0
            }
        )
        {
            int[] faceVertexCounts = [3, 3, 3, 3, 3, 3, 3, 3, 3, 3, 3, 3]
            int[] faceVertexIndices = [1, 3, 0, 4, 1, 0, 0, 3, 2, 2, 4, 0, 1, 7, 3, 5, 1, 4, 5, 7, 1, 3, 7, 2, 6, 4, 2, 2, 7, 6, 6, 5, 4, 7, 5, 6]
            rel material:binding = </Looks/M_99844c>
            point3f[] points = [(0.004225, -0.004, 0.00419), (0.004225, -0.004, 0.00441), (0.004225, -0.002, 0.00419), (0.004225, -0.002, 0.00441), (0.004775, -0.004, 0.00419), (0.004775, -0.004, 0.00441), (0.004775, -0.002, 0.00419), (0.004775, -0.002, 0.00441)]
            color3f[] primvars:displayColor = [(0.6, 0.52, 0.3)]
            uniform token subdivisionScheme = "none"
        }

        def Mesh "contact_recess_13" (
            prepend apiSchemas = ["MaterialBindingAPI"]
            customData = {
                bool newton_collision = 0
            }
        )
        {
            int[] faceVertexCounts = [3, 3, 3, 3, 3, 3, 3, 3, 3, 3, 3, 3]
            int[] faceVertexIndices = [1, 3, 0, 4, 1, 0, 0, 3, 2, 2, 4, 0, 1, 7, 3, 5, 1, 4, 5, 7, 1, 3, 7, 2, 6, 4, 2, 2, 7, 6, 6, 5, 4, 7, 5, 6]
            rel material:binding = </Looks/M_18191c>
            point3f[] points = [(0.0057, -0.005, 0.00405), (0.0057, -0.005, 0.00425), (0.0057, -0.001, 0.00405), (0.0057, -0.001, 0.00425), (0.0069, -0.005, 0.00405), (0.0069, -0.005, 0.00425), (0.0069, -0.001, 0.00405), (0.0069, -0.001, 0.00425)]
            color3f[] primvars:displayColor = [(0.095, 0.1, 0.11)]
            uniform token subdivisionScheme = "none"
        }

        def Mesh "contact_tip_13" (
            prepend apiSchemas = ["MaterialBindingAPI"]
            customData = {
                bool newton_collision = 0
            }
        )
        {
            int[] faceVertexCounts = [3, 3, 3, 3, 3, 3, 3, 3, 3, 3, 3, 3]
            int[] faceVertexIndices = [1, 3, 0, 4, 1, 0, 0, 3, 2, 2, 4, 0, 1, 7, 3, 5, 1, 4, 5, 7, 1, 3, 7, 2, 6, 4, 2, 2, 7, 6, 6, 5, 4, 7, 5, 6]
            rel material:binding = </Looks/M_99844c>
            point3f[] points = [(0.006025, -0.004, 0.00419), (0.006025, -0.004, 0.00441), (0.006025, -0.002, 0.00419), (0.006025, -0.002, 0.00441), (0.006575, -0.004, 0.00419), (0.006575, -0.004, 0.00441), (0.006575, -0.002, 0.00419), (0.006575, -0.002, 0.00441)]
            color3f[] primvars:displayColor = [(0.6, 0.52, 0.3)]
            uniform token subdivisionScheme = "none"
        }

        def Mesh "contact_recess_14" (
            prepend apiSchemas = ["MaterialBindingAPI"]
            customData = {
                bool newton_collision = 0
            }
        )
        {
            int[] faceVertexCounts = [3, 3, 3, 3, 3, 3, 3, 3, 3, 3, 3, 3]
            int[] faceVertexIndices = [1, 3, 0, 4, 1, 0, 0, 3, 2, 2, 4, 0, 1, 7, 3, 5, 1, 4, 5, 7, 1, 3, 7, 2, 6, 4, 2, 2, 7, 6, 6, 5, 4, 7, 5, 6]
            rel material:binding = </Looks/M_18191c>
            point3f[] points = [(0.0075, -0.005, 0.00405), (0.0075, -0.005, 0.00425), (0.0075, -0.001, 0.00405), (0.0075, -0.001, 0.00425), (0.0087, -0.005, 0.00405), (0.0087, -0.005, 0.00425), (0.0087, -0.001, 0.00405), (0.0087, -0.001, 0.00425)]
            color3f[] primvars:displayColor = [(0.095, 0.1, 0.11)]
            uniform token subdivisionScheme = "none"
        }

        def Mesh "contact_tip_14" (
            prepend apiSchemas = ["MaterialBindingAPI"]
            customData = {
                bool newton_collision = 0
            }
        )
        {
            int[] faceVertexCounts = [3, 3, 3, 3, 3, 3, 3, 3, 3, 3, 3, 3]
            int[] faceVertexIndices = [1, 3, 0, 4, 1, 0, 0, 3, 2, 2, 4, 0, 1, 7, 3, 5, 1, 4, 5, 7, 1, 3, 7, 2, 6, 4, 2, 2, 7, 6, 6, 5, 4, 7, 5, 6]
            rel material:binding = </Looks/M_99844c>
            point3f[] points = [(0.007825, -0.004, 0.00419), (0.007825, -0.004, 0.00441), (0.007825, -0.002, 0.00419), (0.007825, -0.002, 0.00441), (0.008375, -0.004, 0.00419), (0.008375, -0.004, 0.00441), (0.008375, -0.002, 0.00419), (0.008375, -0.002, 0.00441)]
            color3f[] primvars:displayColor = [(0.6, 0.52, 0.3)]
            uniform token subdivisionScheme = "none"
        }

        def Mesh "contact_recess_15" (
            prepend apiSchemas = ["MaterialBindingAPI"]
            customData = {
                bool newton_collision = 0
            }
        )
        {
            int[] faceVertexCounts = [3, 3, 3, 3, 3, 3, 3, 3, 3, 3, 3, 3]
            int[] faceVertexIndices = [1, 3, 0, 4, 1, 0, 0, 3, 2, 2, 4, 0, 1, 7, 3, 5, 1, 4, 5, 7, 1, 3, 7, 2, 6, 4, 2, 2, 7, 6, 6, 5, 4, 7, 5, 6]
            rel material:binding = </Looks/M_18191c>
            point3f[] points = [(0.0093, -0.005, 0.00405), (0.0093, -0.005, 0.00425), (0.0093, -0.001, 0.00405), (0.0093, -0.001, 0.00425), (0.0105, -0.005, 0.00405), (0.0105, -0.005, 0.00425), (0.0105, -0.001, 0.00405), (0.0105, -0.001, 0.00425)]
            color3f[] primvars:displayColor = [(0.095, 0.1, 0.11)]
            uniform token subdivisionScheme = "none"
        }

        def Mesh "contact_tip_15" (
            prepend apiSchemas = ["MaterialBindingAPI"]
            customData = {
                bool newton_collision = 0
            }
        )
        {
            int[] faceVertexCounts = [3, 3, 3, 3, 3, 3, 3, 3, 3, 3, 3, 3]
            int[] faceVertexIndices = [1, 3, 0, 4, 1, 0, 0, 3, 2, 2, 4, 0, 1, 7, 3, 5, 1, 4, 5, 7, 1, 3, 7, 2, 6, 4, 2, 2, 7, 6, 6, 5, 4, 7, 5, 6]
            rel material:binding = </Looks/M_99844c>
            point3f[] points = [(0.009625, -0.004, 0.00419), (0.009625, -0.004, 0.00441), (0.009625, -0.002, 0.00419), (0.009625, -0.002, 0.00441), (0.010175, -0.004, 0.00419), (0.010175, -0.004, 0.00441), (0.010175, -0.002, 0.00419), (0.010175, -0.002, 0.00441)]
            color3f[] primvars:displayColor = [(0.6, 0.52, 0.3)]
            uniform token subdivisionScheme = "none"
        }

        def Mesh "contact_recess_16" (
            prepend apiSchemas = ["MaterialBindingAPI"]
            customData = {
                bool newton_collision = 0
            }
        )
        {
            int[] faceVertexCounts = [3, 3, 3, 3, 3, 3, 3, 3, 3, 3, 3, 3]
            int[] faceVertexIndices = [1, 3, 0, 4, 1, 0, 0, 3, 2, 2, 4, 0, 1, 7, 3, 5, 1, 4, 5, 7, 1, 3, 7, 2, 6, 4, 2, 2, 7, 6, 6, 5, 4, 7, 5, 6]
            rel material:binding = </Looks/M_18191c>
            point3f[] points = [(0.0111, -0.005, 0.00405), (0.0111, -0.005, 0.00425), (0.0111, -0.001, 0.00405), (0.0111, -0.001, 0.00425), (0.0123, -0.005, 0.00405), (0.0123, -0.005, 0.00425), (0.0123, -0.001, 0.00405), (0.0123, -0.001, 0.00425)]
            color3f[] primvars:displayColor = [(0.095, 0.1, 0.11)]
            uniform token subdivisionScheme = "none"
        }

        def Mesh "contact_tip_16" (
            prepend apiSchemas = ["MaterialBindingAPI"]
            customData = {
                bool newton_collision = 0
            }
        )
        {
            int[] faceVertexCounts = [3, 3, 3, 3, 3, 3, 3, 3, 3, 3, 3, 3]
            int[] faceVertexIndices = [1, 3, 0, 4, 1, 0, 0, 3, 2, 2, 4, 0, 1, 7, 3, 5, 1, 4, 5, 7, 1, 3, 7, 2, 6, 4, 2, 2, 7, 6, 6, 5, 4, 7, 5, 6]
            rel material:binding = </Looks/M_99844c>
            point3f[] points = [(0.011425, -0.004, 0.00419), (0.011425, -0.004, 0.00441), (0.011425, -0.002, 0.00419), (0.011425, -0.002, 0.00441), (0.011975, -0.004, 0.00419), (0.011975, -0.004, 0.00441), (0.011975, -0.002, 0.00419), (0.011975, -0.002, 0.00441)]
            color3f[] primvars:displayColor = [(0.6, 0.52, 0.3)]
            uniform token subdivisionScheme = "none"
        }

        def Mesh "contact_recess_17" (
            prepend apiSchemas = ["MaterialBindingAPI"]
            customData = {
                bool newton_collision = 0
            }
        )
        {
            int[] faceVertexCounts = [3, 3, 3, 3, 3, 3, 3, 3, 3, 3, 3, 3]
            int[] faceVertexIndices = [1, 3, 0, 4, 1, 0, 0, 3, 2, 2, 4, 0, 1, 7, 3, 5, 1, 4, 5, 7, 1, 3, 7, 2, 6, 4, 2, 2, 7, 6, 6, 5, 4, 7, 5, 6]
            rel material:binding = </Looks/M_18191c>
            point3f[] points = [(0.0129, -0.005, 0.00405), (0.0129, -0.005, 0.00425), (0.0129, -0.001, 0.00405), (0.0129, -0.001, 0.00425), (0.0141, -0.005, 0.00405), (0.0141, -0.005, 0.00425), (0.0141, -0.001, 0.00405), (0.0141, -0.001, 0.00425)]
            color3f[] primvars:displayColor = [(0.095, 0.1, 0.11)]
            uniform token subdivisionScheme = "none"
        }

        def Mesh "contact_tip_17" (
            prepend apiSchemas = ["MaterialBindingAPI"]
            customData = {
                bool newton_collision = 0
            }
        )
        {
            int[] faceVertexCounts = [3, 3, 3, 3, 3, 3, 3, 3, 3, 3, 3, 3]
            int[] faceVertexIndices = [1, 3, 0, 4, 1, 0, 0, 3, 2, 2, 4, 0, 1, 7, 3, 5, 1, 4, 5, 7, 1, 3, 7, 2, 6, 4, 2, 2, 7, 6, 6, 5, 4, 7, 5, 6]
            rel material:binding = </Looks/M_99844c>
            point3f[] points = [(0.013225, -0.004, 0.00419), (0.013225, -0.004, 0.00441), (0.013225, -0.002, 0.00419), (0.013225, -0.002, 0.00441), (0.013775, -0.004, 0.00419), (0.013775, -0.004, 0.00441), (0.013775, -0.002, 0.00419), (0.013775, -0.002, 0.00441)]
            color3f[] primvars:displayColor = [(0.6, 0.52, 0.3)]
            uniform token subdivisionScheme = "none"
        }

        def Mesh "contact_recess_18" (
            prepend apiSchemas = ["MaterialBindingAPI"]
            customData = {
                bool newton_collision = 0
            }
        )
        {
            int[] faceVertexCounts = [3, 3, 3, 3, 3, 3, 3, 3, 3, 3, 3, 3]
            int[] faceVertexIndices = [1, 3, 0, 4, 1, 0, 0, 3, 2, 2, 4, 0, 1, 7, 3, 5, 1, 4, 5, 7, 1, 3, 7, 2, 6, 4, 2, 2, 7, 6, 6, 5, 4, 7, 5, 6]
            rel material:binding = </Looks/M_18191c>
            point3f[] points = [(0.0147, -0.005, 0.00405), (0.0147, -0.005, 0.00425), (0.0147, -0.001, 0.00405), (0.0147, -0.001, 0.00425), (0.0159, -0.005, 0.00405), (0.0159, -0.005, 0.00425), (0.0159, -0.001, 0.00405), (0.0159, -0.001, 0.00425)]
            color3f[] primvars:displayColor = [(0.095, 0.1, 0.11)]
            uniform token subdivisionScheme = "none"
        }

        def Mesh "contact_tip_18" (
            prepend apiSchemas = ["MaterialBindingAPI"]
            customData = {
                bool newton_collision = 0
            }
        )
        {
            int[] faceVertexCounts = [3, 3, 3, 3, 3, 3, 3, 3, 3, 3, 3, 3]
            int[] faceVertexIndices = [1, 3, 0, 4, 1, 0, 0, 3, 2, 2, 4, 0, 1, 7, 3, 5, 1, 4, 5, 7, 1, 3, 7, 2, 6, 4, 2, 2, 7, 6, 6, 5, 4, 7, 5, 6]
            rel material:binding = </Looks/M_99844c>
            point3f[] points = [(0.015025, -0.004, 0.00419), (0.015025, -0.004, 0.00441), (0.015025, -0.002, 0.00419), (0.015025, -0.002, 0.00441), (0.015575, -0.004, 0.00419), (0.015575, -0.004, 0.00441), (0.015575, -0.002, 0.00419), (0.015575, -0.002, 0.00441)]
            color3f[] primvars:displayColor = [(0.6, 0.52, 0.3)]
            uniform token subdivisionScheme = "none"
        }

        def Mesh "contact_recess_19" (
            prepend apiSchemas = ["MaterialBindingAPI"]
            customData = {
                bool newton_collision = 0
            }
        )
        {
            int[] faceVertexCounts = [3, 3, 3, 3, 3, 3, 3, 3, 3, 3, 3, 3]
            int[] faceVertexIndices = [1, 3, 0, 4, 1, 0, 0, 3, 2, 2, 4, 0, 1, 7, 3, 5, 1, 4, 5, 7, 1, 3, 7, 2, 6, 4, 2, 2, 7, 6, 6, 5, 4, 7, 5, 6]
            rel material:binding = </Looks/M_18191c>
            point3f[] points = [(0.0165, -0.005, 0.00405), (0.0165, -0.005, 0.00425), (0.0165, -0.001, 0.00405), (0.0165, -0.001, 0.00425), (0.0177, -0.005, 0.00405), (0.0177, -0.005, 0.00425), (0.0177, -0.001, 0.00405), (0.0177, -0.001, 0.00425)]
            color3f[] primvars:displayColor = [(0.095, 0.1, 0.11)]
            uniform token subdivisionScheme = "none"
        }

        def Mesh "contact_tip_19" (
            prepend apiSchemas = ["MaterialBindingAPI"]
            customData = {
                bool newton_collision = 0
            }
        )
        {
            int[] faceVertexCounts = [3, 3, 3, 3, 3, 3, 3, 3, 3, 3, 3, 3]
            int[] faceVertexIndices = [1, 3, 0, 4, 1, 0, 0, 3, 2, 2, 4, 0, 1, 7, 3, 5, 1, 4, 5, 7, 1, 3, 7, 2, 6, 4, 2, 2, 7, 6, 6, 5, 4, 7, 5, 6]
            rel material:binding = </Looks/M_99844c>
            point3f[] points = [(0.016825, -0.004, 0.00419), (0.016825, -0.004, 0.00441), (0.016825, -0.002, 0.00419), (0.016825, -0.002, 0.00441), (0.017375, -0.004, 0.00419), (0.017375, -0.004, 0.00441), (0.017375, -0.002, 0.00419), (0.017375, -0.002, 0.00441)]
            color3f[] primvars:displayColor = [(0.6, 0.52, 0.3)]
            uniform token subdivisionScheme = "none"
        }
    }

    def "Cable_0"
    {
        def Xform "Segment_00"
        {
            quatf xformOp:orient = (0.9158009, -0.40163276, -0.0000040103114, -0.0000024214078)
            float3 xformOp:translate = (-0.0062531787, 0.01334825, 0.10233474)
            uniform token[] xformOpOrder = ["xformOp:translate", "xformOp:orient"]

            def Capsule "Visual" (
                prepend apiSchemas = ["MaterialBindingAPI"]
            )
            {
                uniform token axis = "Z"
                double height = 0.0050241758241758245
                rel material:binding = </Looks/Wire_0>
                color3f[] primvars:displayColor = [(0.85, 0.04, 0.065)]
                double radius = 0.001
            }
        }

        def Xform "Segment_01"
        {
            quatf xformOp:orient = (0.9108809, -0.4126695, 0.00001659296, -0.000026596776)
            float3 xformOp:translate = (-0.0062530106, 0.017084682, 0.105692655)
            uniform token[] xformOpOrder = ["xformOp:translate", "xformOp:orient"]

            def Capsule "Visual" (
                prepend apiSchemas = ["MaterialBindingAPI"]
            )
            {
                uniform token axis = "Z"
                double height = 0.0050241758241758245
                rel material:binding = </Looks/Wire_0>
                color3f[] primvars:displayColor = [(0.85, 0.04, 0.065)]
                double radius = 0.001
            }
        }

        def Xform "Segment_02"
        {
            quatf xformOp:orient = (0.90598834, -0.42330277, 0.00003419698, -0.000048908307)
            float3 xformOp:translate = (-0.006252565, 0.020899953, 0.1089608)
            uniform token[] xformOpOrder = ["xformOp:translate", "xformOp:orient"]

            def Capsule "Visual" (
                prepend apiSchemas = ["MaterialBindingAPI"]
            )
            {
                uniform token axis = "Z"
                double height = 0.0050241758241758245
                rel material:binding = </Looks/Wire_0>
                color3f[] primvars:displayColor = [(0.85, 0.04, 0.065)]
                double radius = 0.001
            }
        }

        def Xform "Segment_03"
        {
            quatf xformOp:orient = (0.9011236, -0.43356222, 0.00004927994, -0.000069525515)
            float3 xformOp:translate = (-0.0062518753, 0.024789583, 0.11214013)
            uniform token[] xformOpOrder = ["xformOp:translate", "xformOp:orient"]

            def Capsule "Visual" (
                prepend apiSchemas = ["MaterialBindingAPI"]
            )
            {
                uniform token axis = "Z"
                double height = 0.0050241758241758245
                rel material:binding = </Looks/Wire_0>
                color3f[] primvars:displayColor = [(0.85, 0.04, 0.065)]
                double radius = 0.001
            }
        }

        def Xform "Segment_04"
        {
            quatf xformOp:orient = (0.8962825, -0.4434836, 0.000061352184, -0.000088872315)
            float3 xformOp:translate = (-0.006250999, 0.028749451, 0.115231566)
            uniform token[] xformOpOrder = ["xformOp:translate", "xformOp:orient"]

            def Capsule "Visual" (
                prepend apiSchemas = ["MaterialBindingAPI"]
            )
            {
                uniform token axis = "Z"
                double height = 0.0050241758241758245
                rel material:binding = </Looks/Wire_0>
                color3f[] primvars:displayColor = [(0.85, 0.04, 0.065)]
                double radius = 0.001
            }
        }

        def Xform "Segment_05"
        {
            quatf xformOp:orient = (0.89146376, -0.45309225, 0.00007225192, -0.00010730395)
            float3 xformOp:translate = (-0.0062499284, 0.03277575, 0.11823601)
            uniform token[] xformOpOrder = ["xformOp:translate", "xformOp:orient"]

            def Capsule "Visual" (
                prepend apiSchemas = ["MaterialBindingAPI"]
            )
            {
                uniform token axis = "Z"
                double height = 0.0050241758241758245
                rel material:binding = </Looks/Wire_0>
                color3f[] primvars:displayColor = [(0.85, 0.04, 0.065)]
                double radius = 0.001
            }
        }

        def Xform "Segment_06"
        {
            quatf xformOp:orient = (0.8866601, -0.4624218, 0.000082675244, -0.00012667564)
            float3 xformOp:translate = (-0.00624876, 0.036865003, 0.12115421)
            uniform token[] xformOpOrder = ["xformOp:translate", "xformOp:orient"]

            def Capsule "Visual" (
                prepend apiSchemas = ["MaterialBindingAPI"]
            )
            {
                uniform token axis = "Z"
                double height = 0.0050241758241758245
                rel material:binding = </Looks/Wire_0>
                color3f[] primvars:displayColor = [(0.85, 0.04, 0.065)]
                double radius = 0.001
            }
        }

        def Xform "Segment_07"
        {
            quatf xformOp:orient = (0.88187116, -0.47149047, 0.000095979456, -0.0001471777)
            float3 xformOp:translate = (-0.006247386, 0.041013937, 0.123986945)
            uniform token[] xformOpOrder = ["xformOp:translate", "xformOp:orient"]

            def Capsule "Visual" (
                prepend apiSchemas = ["MaterialBindingAPI"]
            )
            {
                uniform token axis = "Z"
                double height = 0.0050241758241758245
                rel material:binding = </Looks/Wire_0>
                color3f[] primvars:displayColor = [(0.85, 0.04, 0.065)]
                double radius = 0.001
            }
        }

        def Xform "Segment_08"
        {
            quatf xformOp:orient = (0.8770889, -0.48032826, 0.00011579041, -0.0001734469)
            float3 xformOp:translate = (-0.0062458357, 0.045219567, 0.12673481)
            uniform token[] xformOpOrder = ["xformOp:translate", "xformOp:orient"]

            def Capsule "Visual" (
                prepend apiSchemas = ["MaterialBindingAPI"]
            )
            {
                uniform token axis = "Z"
                double height = 0.0050241758241758245
                rel material:binding = </Looks/Wire_0>
                color3f[] primvars:displayColor = [(0.85, 0.04, 0.065)]
                double radius = 0.001
            }
        }

        def Xform "Segment_09"
        {
            quatf xformOp:orient = (0.87230927, -0.4889545, 0.00014212949, -0.00020258626)
            float3 xformOp:translate = (-0.00624394, 0.04947909, 0.1293984)
            uniform token[] xformOpOrder = ["xformOp:translate", "xformOp:orient"]

            def Capsule "Visual" (
                prepend apiSchemas = ["MaterialBindingAPI"]
            )
            {
                uniform token axis = "Z"
                double height = 0.0050241758241758245
                rel material:binding = </Looks/Wire_0>
                color3f[] primvars:displayColor = [(0.85, 0.04, 0.065)]
                double radius = 0.001
            }
        }

        def Xform "Segment_10"
        {
            quatf xformOp:orient = (0.86752856, -0.4973873, 0.000177734, -0.00024027708)
            float3 xformOp:translate = (-0.0062415046, 0.053789813, 0.13197827)
            uniform token[] xformOpOrder = ["xformOp:translate", "xformOp:orient"]

            def Capsule "Visual" (
                prepend apiSchemas = ["MaterialBindingAPI"]
            )
            {
                uniform token axis = "Z"
                double height = 0.0050241758241758245
                rel material:binding = </Looks/Wire_0>
                color3f[] primvars:displayColor = [(0.85, 0.04, 0.065)]
                double radius = 0.001
            }
        }

        def Xform "Segment_11"
        {
            quatf xformOp:orient = (0.86273307, -0.5056595, 0.00021324008, -0.00027695292)
            float3 xformOp:translate = (-0.006238562, 0.05814942, 0.13447466)
            uniform token[] xformOpOrder = ["xformOp:translate", "xformOp:orient"]

            def Capsule "Visual" (
                prepend apiSchemas = ["MaterialBindingAPI"]
            )
            {
                uniform token axis = "Z"
                double height = 0.0050241758241758245
                rel material:binding = </Looks/Wire_0>
                color3f[] primvars:displayColor = [(0.85, 0.04, 0.065)]
                double radius = 0.001
            }
        }

        def Xform "Segment_12"
        {
            quatf xformOp:orient = (0.85791296, -0.5137951, 0.00024013761, -0.00031372326)
            float3 xformOp:translate = (-0.006234758, 0.06255549, 0.13688806)
            uniform token[] xformOpOrder = ["xformOp:translate", "xformOp:orient"]

            def Capsule "Visual" (
                prepend apiSchemas = ["MaterialBindingAPI"]
            )
            {
                uniform token axis = "Z"
                double height = 0.0050241758241758245
                rel material:binding = </Looks/Wire_0>
                color3f[] primvars:displayColor = [(0.85, 0.04, 0.065)]
                double radius = 0.001
            }
        }

        def Xform "Segment_13"
        {
            quatf xformOp:orient = (0.8530514, -0.5218268, 0.0002444953, -0.00033675533)
            float3 xformOp:translate = (-0.0062306514, 0.06700626, 0.13921799)
            uniform token[] xformOpOrder = ["xformOp:translate", "xformOp:orient"]

            def Capsule "Visual" (
                prepend apiSchemas = ["MaterialBindingAPI"]
            )
            {
                uniform token axis = "Z"
                double height = 0.0050241758241758245
                rel material:binding = </Looks/Wire_0>
                color3f[] primvars:displayColor = [(0.85, 0.04, 0.065)]
                double radius = 0.001
            }
        }

        def Xform "Segment_14"
        {
            quatf xformOp:orient = (0.8481221, -0.5298008, 0.00019978543, -0.00033904513)
            float3 xformOp:translate = (-0.0062262616, 0.07149974, 0.14146432)
            uniform token[] xformOpOrder = ["xformOp:translate", "xformOp:orient"]

            def Capsule "Visual" (
                prepend apiSchemas = ["MaterialBindingAPI"]
            )
            {
                uniform token axis = "Z"
                double height = 0.0050241758241758245
                rel material:binding = </Looks/Wire_0>
                color3f[] primvars:displayColor = [(0.85, 0.04, 0.065)]
                double radius = 0.001
            }
        }

        def Xform "Segment_15"
        {
            quatf xformOp:orient = (0.8431181, -0.5377285, 0.00011070429, -0.00031559187)
            float3 xformOp:translate = (-0.006222478, 0.07603454, 0.14362602)
            uniform token[] xformOpOrder = ["xformOp:translate", "xformOp:orient"]

            def Capsule "Visual" (
                prepend apiSchemas = ["MaterialBindingAPI"]
            )
            {
                uniform token axis = "Z"
                double height = 0.0050241758241758245
                rel material:binding = </Looks/Wire_0>
                color3f[] primvars:displayColor = [(0.85, 0.04, 0.065)]
                double radius = 0.001
            }
        }

        def Xform "Segment_16"
        {
            quatf xformOp:orient = (0.8380157, -0.5456461, -0.00005120168, -0.0002615884)
            float3 xformOp:translate = (-0.0062203957, 0.08060932, 0.1457017)
            uniform token[] xformOpOrder = ["xformOp:translate", "xformOp:orient"]

            def Capsule "Visual" (
                prepend apiSchemas = ["MaterialBindingAPI"]
            )
            {
                uniform token axis = "Z"
                double height = 0.0050241758241758245
                rel material:binding = </Looks/Wire_0>
                color3f[] primvars:displayColor = [(0.85, 0.04, 0.065)]
                double radius = 0.001
            }
        }

        def Xform "Segment_17"
        {
            quatf xformOp:orient = (0.83282405, -0.55353785, -0.00023813601, -0.00019554052)
            float3 xformOp:translate = (-0.006220084, 0.08522244, 0.14769071)
            uniform token[] xformOpOrder = ["xformOp:translate", "xformOp:orient"]

            def Capsule "Visual" (
                prepend apiSchemas = ["MaterialBindingAPI"]
            )
            {
                uniform token axis = "Z"
                double height = 0.0050241758241758245
                rel material:binding = </Looks/Wire_0>
                color3f[] primvars:displayColor = [(0.85, 0.04, 0.065)]
                double radius = 0.001
            }
        }

        def Xform "Segment_18"
        {
            quatf xformOp:orient = (0.82753843, -0.561409, -0.00044171207, -0.00013895247)
            float3 xformOp:translate = (-0.0062235245, 0.089873165, 0.14959043)
            uniform token[] xformOpOrder = ["xformOp:translate", "xformOp:orient"]

            def Capsule "Visual" (
                prepend apiSchemas = ["MaterialBindingAPI"]
            )
            {
                uniform token axis = "Z"
                double height = 0.0050241758241758245
                rel material:binding = </Looks/Wire_0>
                color3f[] primvars:displayColor = [(0.85, 0.04, 0.065)]
                double radius = 0.001
            }
        }

        def Xform "Segment_19"
        {
            quatf xformOp:orient = (0.82218164, -0.5692249, -0.0005853482, -0.00012588364)
            float3 xformOp:translate = (-0.006228573, 0.09455909, 0.15140165)
            uniform token[] xformOpOrder = ["xformOp:translate", "xformOp:orient"]

            def Capsule "Visual" (
                prepend apiSchemas = ["MaterialBindingAPI"]
            )
            {
                uniform token axis = "Z"
                double height = 0.0050241758241758245
                rel material:binding = </Looks/Wire_0>
                color3f[] primvars:displayColor = [(0.85, 0.04, 0.065)]
                double radius = 0.001
            }
        }

        def Xform "Segment_20"
        {
            quatf xformOp:orient = (0.8167879, -0.57693774, -0.00060093094, -0.00021594105)
            float3 xformOp:translate = (-0.006236276, 0.09927952, 0.15312207)
            uniform token[] xformOpOrder = ["xformOp:translate", "xformOp:orient"]

            def Capsule "Visual" (
                prepend apiSchemas = ["MaterialBindingAPI"]
            )
            {
                uniform token axis = "Z"
                double height = 0.0050241758241758245
                rel material:binding = </Looks/Wire_0>
                color3f[] primvars:displayColor = [(0.85, 0.04, 0.065)]
                double radius = 0.001
            }
        }

        def Xform "Segment_21"
        {
            quatf xformOp:orient = (0.81133777, -0.58457744, -0.0004512548, -0.00041679264)
            float3 xformOp:translate = (-0.006242553, 0.10403153, 0.15475348)
            uniform token[] xformOpOrder = ["xformOp:translate", "xformOp:orient"]

            def Capsule "Visual" (
                prepend apiSchemas = ["MaterialBindingAPI"]
            )
            {
                uniform token axis = "Z"
                double height = 0.0050241758241758245
                rel material:binding = </Looks/Wire_0>
                color3f[] primvars:displayColor = [(0.85, 0.04, 0.065)]
                double radius = 0.001
            }
        }

        def Xform "Segment_22"
        {
            quatf xformOp:orient = (0.805862, -0.59210294, -0.000049118233, -0.000791498)
            float3 xformOp:translate = (-0.006245119, 0.10881393, 0.15629575)
            uniform token[] xformOpOrder = ["xformOp:translate", "xformOp:orient"]

            def Capsule "Visual" (
                prepend apiSchemas = ["MaterialBindingAPI"]
            )
            {
                uniform token axis = "Z"
                double height = 0.0050241758241758245
                rel material:binding = </Looks/Wire_0>
                color3f[] primvars:displayColor = [(0.85, 0.04, 0.065)]
                double radius = 0.001
            }
        }

        def Xform "Segment_23"
        {
            quatf xformOp:orient = (0.80026686, -0.5996424, 0.0005342155, -0.0012781905)
            float3 xformOp:translate = (-0.006241094, 0.11362439, 0.15774836)
            uniform token[] xformOpOrder = ["xformOp:translate", "xformOp:orient"]

            def Capsule "Visual" (
                prepend apiSchemas = ["MaterialBindingAPI"]
            )
            {
                uniform token axis = "Z"
                double height = 0.0050241758241758245
                rel material:binding = </Looks/Wire_0>
                color3f[] primvars:displayColor = [(0.85, 0.04, 0.065)]
                double radius = 0.001
            }
        }

        def Xform "Segment_24"
        {
            quatf xformOp:orient = (0.7945044, -0.6072541, 0.0013143648, -0.0018732899)
            float3 xformOp:translate = (-0.0062246164, 0.11846123, 0.15911339)
            uniform token[] xformOpOrder = ["xformOp:translate", "xformOp:orient"]

            def Capsule "Visual" (
                prepend apiSchemas = ["MaterialBindingAPI"]
            )
            {
                uniform token axis = "Z"
                double height = 0.0050241758241758245
                rel material:binding = </Looks/Wire_0>
                color3f[] primvars:displayColor = [(0.85, 0.04, 0.065)]
                double radius = 0.001
            }
        }

        def Xform "Segment_25"
        {
            quatf xformOp:orient = (0.7884423, -0.61510015, 0.002130259, -0.002463132)
            float3 xformOp:translate = (-0.0061980826, 0.12332366, 0.16038407)
            uniform token[] xformOpOrder = ["xformOp:translate", "xformOp:orient"]

            def Capsule "Visual" (
                prepend apiSchemas = ["MaterialBindingAPI"]
            )
            {
                uniform token axis = "Z"
                double height = 0.0050241758241758245
                rel material:binding = </Looks/Wire_0>
                color3f[] primvars:displayColor = [(0.85, 0.04, 0.065)]
                double radius = 0.001
            }
        }

        def Xform "Segment_26"
        {
            quatf xformOp:orient = (0.7819296, -0.6233533, 0.002870108, -0.0029405653)
            float3 xformOp:translate = (-0.0061556315, 0.12821016, 0.16156156)
            uniform token[] xformOpOrder = ["xformOp:translate", "xformOp:orient"]

            def Capsule "Visual" (
                prepend apiSchemas = ["MaterialBindingAPI"]
            )
            {
                uniform token axis = "Z"
                double height = 0.0050241758241758245
                rel material:binding = </Looks/Wire_0>
                color3f[] primvars:displayColor = [(0.85, 0.04, 0.065)]
                double radius = 0.001
            }
        }

        def Xform "Segment_27"
        {
            quatf xformOp:orient = (0.7749184, -0.6320439, 0.0034094583, -0.0032340935)
            float3 xformOp:translate = (-0.006105604, 0.13312079, 0.16263293)
            uniform token[] xformOpOrder = ["xformOp:translate", "xformOp:orient"]

            def Capsule "Visual" (
                prepend apiSchemas = ["MaterialBindingAPI"]
            )
            {
                uniform token axis = "Z"
                double height = 0.0050241758241758245
                rel material:binding = </Looks/Wire_0>
                color3f[] primvars:displayColor = [(0.85, 0.04, 0.065)]
                double radius = 0.001
            }
        }

        def Xform "Segment_28"
        {
            quatf xformOp:orient = (0.7672085, -0.64137983, 0.0035729713, -0.0031939053)
            float3 xformOp:translate = (-0.006047388, 0.1380547, 0.16359432)
            uniform token[] xformOpOrder = ["xformOp:translate", "xformOp:orient"]

            def Capsule "Visual" (
                prepend apiSchemas = ["MaterialBindingAPI"]
            )
            {
                uniform token axis = "Z"
                double height = 0.0050241758241758245
                rel material:binding = </Looks/Wire_0>
                color3f[] primvars:displayColor = [(0.85, 0.04, 0.065)]
                double radius = 0.001
            }
        }

        def Xform "Segment_29"
        {
            quatf xformOp:orient = (0.75893754, -0.65114826, 0.0034046536, -0.0028826392)
            float3 xformOp:translate = (-0.0059901006, 0.14301068, 0.16443275)
            uniform token[] xformOpOrder = ["xformOp:translate", "xformOp:orient"]

            def Capsule "Visual" (
                prepend apiSchemas = ["MaterialBindingAPI"]
            )
            {
                uniform token axis = "Z"
                double height = 0.0050241758241758245
                rel material:binding = </Looks/Wire_0>
                color3f[] primvars:displayColor = [(0.85, 0.04, 0.065)]
                double radius = 0.001
            }
        }

        def Xform "Segment_30"
        {
            quatf xformOp:orient = (0.75007904, -0.6613384, 0.0028312835, -0.0022487496)
            float3 xformOp:translate = (-0.005940756, 0.14798813, 0.1651385)
            uniform token[] xformOpOrder = ["xformOp:translate", "xformOp:orient"]

            def Capsule "Visual" (
                prepend apiSchemas = ["MaterialBindingAPI"]
            )
            {
                uniform token axis = "Z"
                double height = 0.0050241758241758245
                rel material:binding = </Looks/Wire_0>
                color3f[] primvars:displayColor = [(0.85, 0.04, 0.065)]
                double radius = 0.001
            }
        }

        def Xform "Segment_31"
        {
            quatf xformOp:orient = (0.74098325, -0.6715187, 0.0020714113, -0.0014840252)
            float3 xformOp:translate = (-0.005901289, 0.15298274, 0.16570874)
            uniform token[] xformOpOrder = ["xformOp:translate", "xformOp:orient"]

            def Capsule "Visual" (
                prepend apiSchemas = ["MaterialBindingAPI"]
            )
            {
                uniform token axis = "Z"
                double height = 0.0050241758241758245
                rel material:binding = </Looks/Wire_0>
                color3f[] primvars:displayColor = [(0.85, 0.04, 0.065)]
                double radius = 0.001
            }
        }

        def Xform "Segment_32"
        {
            quatf xformOp:orient = (0.7318419, -0.6814731, 0.0012302678, -0.0006981531)
            float3 xformOp:translate = (-0.005881295, 0.15799348, 0.16613473)
            uniform token[] xformOpOrder = ["xformOp:translate", "xformOp:orient"]

            def Capsule "Visual" (
                prepend apiSchemas = ["MaterialBindingAPI"]
            )
            {
                uniform token axis = "Z"
                double height = 0.0050241758241758245
                rel material:binding = </Looks/Wire_0>
                color3f[] primvars:displayColor = [(0.85, 0.04, 0.065)]
                double radius = 0.001
            }
        }

        def Xform "Segment_33"
        {
            quatf xformOp:orient = (0.72293586, -0.69091505, 0.00048541272, -0.000033673867)
            float3 xformOp:translate = (-0.0058722757, 0.16301382, 0.16642782)
            uniform token[] xformOpOrder = ["xformOp:translate", "xformOp:orient"]

            def Capsule "Visual" (
                prepend apiSchemas = ["MaterialBindingAPI"]
            )
            {
                uniform token axis = "Z"
                double height = 0.0050241758241758245
                rel material:binding = </Looks/Wire_0>
                color3f[] primvars:displayColor = [(0.85, 0.04, 0.065)]
                double radius = 0.001
            }
        }

        def Xform "Segment_34"
        {
            quatf xformOp:orient = (0.71455675, -0.6995775, 0.000018975801, 0.00033409096)
            float3 xformOp:translate = (-0.0058807344, 0.16804303, 0.16658533)
            uniform token[] xformOpOrder = ["xformOp:translate", "xformOp:orient"]

            def Capsule "Visual" (
                prepend apiSchemas = ["MaterialBindingAPI"]
            )
            {
                uniform token axis = "Z"
                double height = 0.0050241758241758245
                rel material:binding = </Looks/Wire_0>
                color3f[] primvars:displayColor = [(0.85, 0.04, 0.065)]
                double radius = 0.001
            }
        }

        def Xform "Segment_35"
        {
            quatf xformOp:orient = (0.70668966, -0.7075236, -0.00020055042, 0.00044943704)
            float3 xformOp:translate = (-0.0058935643, 0.17307486, 0.16662596)
            uniform token[] xformOpOrder = ["xformOp:translate", "xformOp:orient"]

            def Capsule "Visual" (
                prepend apiSchemas = ["MaterialBindingAPI"]
            )
            {
                uniform token axis = "Z"
                double height = 0.0050241758241758245
                rel material:binding = </Looks/Wire_0>
                color3f[] primvars:displayColor = [(0.85, 0.04, 0.065)]
                double radius = 0.001
            }
        }

        def Xform "Segment_36"
        {
            quatf xformOp:orient = (0.6994673, -0.71466464, -0.00009802654, 0.00025702335)
            float3 xformOp:translate = (-0.005911048, 0.17810962, 0.16655403)
            uniform token[] xformOpOrder = ["xformOp:translate", "xformOp:orient"]

            def Capsule "Visual" (
                prepend apiSchemas = ["MaterialBindingAPI"]
            )
            {
                uniform token axis = "Z"
                double height = 0.0050241758241758245
                rel material:binding = </Looks/Wire_0>
                color3f[] primvars:displayColor = [(0.85, 0.04, 0.065)]
                double radius = 0.001
            }
        }

        def Xform "Segment_37"
        {
            quatf xformOp:orient = (0.6926021, -0.7213199, 0.000120096534, -0.00004587574)
            float3 xformOp:translate = (-0.0059254505, 0.1831423, 0.16638327)
            uniform token[] xformOpOrder = ["xformOp:translate", "xformOp:orient"]

            def Capsule "Visual" (
                prepend apiSchemas = ["MaterialBindingAPI"]
            )
            {
                uniform token axis = "Z"
                double height = 0.0050241758241758245
                rel material:binding = </Looks/Wire_0>
                color3f[] primvars:displayColor = [(0.85, 0.04, 0.065)]
                double radius = 0.001
            }
        }

        def Xform "Segment_38"
        {
            quatf xformOp:orient = (0.6859637, -0.7276356, 0.00042175179, -0.00038590046)
            float3 xformOp:translate = (-0.005932357, 0.1881739, 0.16612107)
            uniform token[] xformOpOrder = ["xformOp:translate", "xformOp:orient"]

            def Capsule "Visual" (
                prepend apiSchemas = ["MaterialBindingAPI"]
            )
            {
                uniform token axis = "Z"
                double height = 0.0050241758241758245
                rel material:binding = </Looks/Wire_0>
                color3f[] primvars:displayColor = [(0.85, 0.04, 0.065)]
                double radius = 0.001
            }
        }

        def Xform "Segment_39"
        {
            quatf xformOp:orient = (0.67930025, -0.7338599, 0.0006695116, -0.00064988487)
            float3 xformOp:translate = (-0.0059351055, 0.19320013, 0.16576724)
            uniform token[] xformOpOrder = ["xformOp:translate", "xformOp:orient"]

            def Capsule "Visual" (
                prepend apiSchemas = ["MaterialBindingAPI"]
            )
            {
                uniform token axis = "Z"
                double height = 0.0050241758241758245
                rel material:binding = </Looks/Wire_0>
                color3f[] primvars:displayColor = [(0.85, 0.04, 0.065)]
                double radius = 0.001
            }
        }

        def Xform "Segment_40"
        {
            quatf xformOp:orient = (0.6724484, -0.74014324, 0.0008296576, -0.0007583213)
            float3 xformOp:translate = (-0.0059263017, 0.19822137, 0.16532962)
            uniform token[] xformOpOrder = ["xformOp:translate", "xformOp:orient"]

            def Capsule "Visual" (
                prepend apiSchemas = ["MaterialBindingAPI"]
            )
            {
                uniform token axis = "Z"
                double height = 0.0050241758241758245
                rel material:binding = </Looks/Wire_0>
                color3f[] primvars:displayColor = [(0.85, 0.04, 0.065)]
                double radius = 0.001
            }
        }

        def Xform "Segment_41"
        {
            quatf xformOp:orient = (0.6654019, -0.74648446, 0.0009175175, -0.000768567)
            float3 xformOp:translate = (-0.005916227, 0.20323363, 0.1647981)
            uniform token[] xformOpOrder = ["xformOp:translate", "xformOp:orient"]

            def Capsule "Visual" (
                prepend apiSchemas = ["MaterialBindingAPI"]
            )
            {
                uniform token axis = "Z"
                double height = 0.0050241758241758245
                rel material:binding = </Looks/Wire_0>
                color3f[] primvars:displayColor = [(0.85, 0.04, 0.065)]
                double radius = 0.001
            }
        }

        def Xform "Segment_42"
        {
            quatf xformOp:orient = (0.6581317, -0.75290185, 0.00097559456, -0.0006951029)
            float3 xformOp:translate = (-0.005896481, 0.20823596, 0.16418067)
            uniform token[] xformOpOrder = ["xformOp:translate", "xformOp:orient"]

            def Capsule "Visual" (
                prepend apiSchemas = ["MaterialBindingAPI"]
            )
            {
                uniform token axis = "Z"
                double height = 0.0050241758241758245
                rel material:binding = </Looks/Wire_0>
                color3f[] primvars:displayColor = [(0.85, 0.04, 0.065)]
                double radius = 0.001
            }
        }

        def Xform "Segment_43"
        {
            quatf xformOp:orient = (0.65072536, -0.7593123, 0.0010507683, -0.0006330016)
            float3 xformOp:translate = (-0.005876787, 0.21322526, 0.16346622)
            uniform token[] xformOpOrder = ["xformOp:translate", "xformOp:orient"]

            def Capsule "Visual" (
                prepend apiSchemas = ["MaterialBindingAPI"]
            )
            {
                uniform token axis = "Z"
                double height = 0.0050241758241758245
                rel material:binding = </Looks/Wire_0>
                color3f[] primvars:displayColor = [(0.85, 0.04, 0.065)]
                double radius = 0.001
            }
        }

        def Xform "Segment_44"
        {
            quatf xformOp:orient = (0.6431567, -0.76573354, 0.0011787915, -0.00059110747)
            float3 xformOp:translate = (-0.0058515123, 0.21819869, 0.16265997)
            uniform token[] xformOpOrder = ["xformOp:translate", "xformOp:orient"]

            def Capsule "Visual" (
                prepend apiSchemas = ["MaterialBindingAPI"]
            )
            {
                uniform token axis = "Z"
                double height = 0.0050241758241758245
                rel material:binding = </Looks/Wire_0>
                color3f[] primvars:displayColor = [(0.85, 0.04, 0.065)]
                double radius = 0.001
            }
        }

        def Xform "Segment_45"
        {
            quatf xformOp:orient = (0.6353454, -0.77222687, 0.0012941624, -0.0005362378)
            float3 xformOp:translate = (-0.0058256974, 0.2231548, 0.16175453)
            uniform token[] xformOpOrder = ["xformOp:translate", "xformOp:orient"]

            def Capsule "Visual" (
                prepend apiSchemas = ["MaterialBindingAPI"]
            )
            {
                uniform token axis = "Z"
                double height = 0.0050241758241758245
                rel material:binding = </Looks/Wire_0>
                color3f[] primvars:displayColor = [(0.85, 0.04, 0.065)]
                double radius = 0.001
            }
        }

        def Xform "Segment_46"
        {
            quatf xformOp:orient = (0.62708944, -0.77894616, 0.001298385, -0.00031557406)
            float3 xformOp:translate = (-0.005801948, 0.22808759, 0.16074583)
            uniform token[] xformOpOrder = ["xformOp:translate", "xformOp:orient"]

            def Capsule "Visual" (
                prepend apiSchemas = ["MaterialBindingAPI"]
            )
            {
                uniform token axis = "Z"
                double height = 0.0050241758241758245
                rel material:binding = </Looks/Wire_0>
                color3f[] primvars:displayColor = [(0.85, 0.04, 0.065)]
                double radius = 0.001
            }
        }

        def Xform "Segment_47"
        {
            quatf xformOp:orient = (0.6182096, -0.7860126, 0.0010813033, 0.00016055461)
            float3 xformOp:translate = (-0.0057818447, 0.23299661, 0.15962905)
            uniform token[] xformOpOrder = ["xformOp:translate", "xformOp:orient"]

            def Capsule "Visual" (
                prepend apiSchemas = ["MaterialBindingAPI"]
            )
            {
                uniform token axis = "Z"
                double height = 0.0050241758241758245
                rel material:binding = </Looks/Wire_0>
                color3f[] primvars:displayColor = [(0.85, 0.04, 0.065)]
                double radius = 0.001
            }
        }

        def Xform "Segment_48"
        {
            quatf xformOp:orient = (0.6084522, -0.7935896, 0.00047302232, 0.0011183725)
            float3 xformOp:translate = (-0.0057777106, 0.2378717, 0.15838899)
            uniform token[] xformOpOrder = ["xformOp:translate", "xformOp:orient"]

            def Capsule "Visual" (
                prepend apiSchemas = ["MaterialBindingAPI"]
            )
            {
                uniform token axis = "Z"
                double height = 0.0050241758241758245
                rel material:binding = </Looks/Wire_0>
                color3f[] primvars:displayColor = [(0.85, 0.04, 0.065)]
                double radius = 0.001
            }
        }

        def Xform "Segment_49"
        {
            quatf xformOp:orient = (0.5978873, -0.8015763, -0.00048099595, 0.0024730612)
            float3 xformOp:translate = (-0.0057877745, 0.24271314, 0.15702473)
            uniform token[] xformOpOrder = ["xformOp:translate", "xformOp:orient"]

            def Capsule "Visual" (
                prepend apiSchemas = ["MaterialBindingAPI"]
            )
            {
                uniform token axis = "Z"
                double height = 0.0050241758241758245
                rel material:binding = </Looks/Wire_0>
                color3f[] primvars:displayColor = [(0.85, 0.04, 0.065)]
                double radius = 0.001
            }
        }

        def Xform "Segment_50"
        {
            quatf xformOp:orient = (0.5865739, -0.8098826, -0.0018053314, 0.0042323233)
            float3 xformOp:translate = (-0.0058266595, 0.24750856, 0.1555196)
            uniform token[] xformOpOrder = ["xformOp:translate", "xformOp:orient"]

            def Capsule "Visual" (
                prepend apiSchemas = ["MaterialBindingAPI"]
            )
            {
                uniform token axis = "Z"
                double height = 0.0050241758241758245
                rel material:binding = </Looks/Wire_0>
                color3f[] primvars:displayColor = [(0.85, 0.04, 0.065)]
                double radius = 0.001
            }
        }

        def Xform "Segment_51"
        {
            quatf xformOp:orient = (0.5748957, -0.8181975, -0.0032675401, 0.006101234)
            float3 xformOp:translate = (-0.005888728, 0.25225914, 0.1538791)
            uniform token[] xformOpOrder = ["xformOp:translate", "xformOp:orient"]

            def Capsule "Visual" (
                prepend apiSchemas = ["MaterialBindingAPI"]
            )
            {
                uniform token axis = "Z"
                double height = 0.0050241758241758245
                rel material:binding = </Looks/Wire_0>
                color3f[] primvars:displayColor = [(0.85, 0.04, 0.065)]
                double radius = 0.001
            }
        }

        def Xform "Segment_52"
        {
            quatf xformOp:orient = (0.56338, -0.8261488, -0.0046367724, 0.00772456)
            float3 xformOp:translate = (-0.0059791817, 0.25695586, 0.15209904)
            uniform token[] xformOpOrder = ["xformOp:translate", "xformOp:orient"]

            def Capsule "Visual" (
                prepend apiSchemas = ["MaterialBindingAPI"]
            )
            {
                uniform token axis = "Z"
                double height = 0.0050241758241758245
                rel material:binding = </Looks/Wire_0>
                color3f[] primvars:displayColor = [(0.85, 0.04, 0.065)]
                double radius = 0.001
            }
        }

        def Xform "Segment_53"
        {
            quatf xformOp:orient = (0.5523571, -0.8335409, -0.0057109115, 0.008871027)
            float3 xformOp:translate = (-0.00608828, 0.26160222, 0.15019138)
            uniform token[] xformOpOrder = ["xformOp:translate", "xformOp:orient"]

            def Capsule "Visual" (
                prepend apiSchemas = ["MaterialBindingAPI"]
            )
            {
                uniform token axis = "Z"
                double height = 0.0050241758241758245
                rel material:binding = </Looks/Wire_0>
                color3f[] primvars:displayColor = [(0.85, 0.04, 0.065)]
                double radius = 0.001
            }
        }

        def Xform "Segment_54"
        {
            quatf xformOp:orient = (0.5424503, -0.8400158, -0.0061953566, 0.009106676)
            float3 xformOp:translate = (-0.0062064775, 0.26619768, 0.14816914)
            uniform token[] xformOpOrder = ["xformOp:translate", "xformOp:orient"]

            def Capsule "Visual" (
                prepend apiSchemas = ["MaterialBindingAPI"]
            )
            {
                uniform token axis = "Z"
                double height = 0.0050241758241758245
                rel material:binding = </Looks/Wire_0>
                color3f[] primvars:displayColor = [(0.85, 0.04, 0.065)]
                double radius = 0.001
            }
        }

        def Xform "Segment_55"
        {
            quatf xformOp:orient = (0.5335161, -0.84572417, -0.0061522513, 0.008567921)
            float3 xformOp:translate = (-0.0063243774, 0.270747, 0.1460443)
            uniform token[] xformOpOrder = ["xformOp:translate", "xformOp:orient"]

            def Capsule "Visual" (
                prepend apiSchemas = ["MaterialBindingAPI"]
            )
            {
                uniform token axis = "Z"
                double height = 0.0050241758241758245
                rel material:binding = </Looks/Wire_0>
                color3f[] primvars:displayColor = [(0.85, 0.04, 0.065)]
                double radius = 0.001
            }
        }

        def Xform "Segment_56"
        {
            quatf xformOp:orient = (0.5257766, -0.850575, -0.005495076, 0.0071483394)
            float3 xformOp:translate = (-0.0064263903, 0.2752553, 0.14383641)
            uniform token[] xformOpOrder = ["xformOp:translate", "xformOp:orient"]

            def Capsule "Visual" (
                prepend apiSchemas = ["MaterialBindingAPI"]
            )
            {
                uniform token axis = "Z"
                double height = 0.0050241758241758245
                rel material:binding = </Looks/Wire_0>
                color3f[] primvars:displayColor = [(0.85, 0.04, 0.065)]
                double radius = 0.001
            }
        }

        def Xform "Segment_57"
        {
            quatf xformOp:orient = (0.51876885, -0.85488695, -0.004464714, 0.0052236044)
            float3 xformOp:translate = (-0.0065095085, 0.27972504, 0.1415504)
            uniform token[] xformOpOrder = ["xformOp:translate", "xformOp:orient"]

            def Capsule "Visual" (
                prepend apiSchemas = ["MaterialBindingAPI"]
            )
            {
                uniform token axis = "Z"
                double height = 0.0050241758241758245
                rel material:binding = </Looks/Wire_0>
                color3f[] primvars:displayColor = [(0.85, 0.04, 0.065)]
                double radius = 0.001
            }
        }

        def Xform "Segment_58"
        {
            quatf xformOp:orient = (0.5122311, -0.85883623, -0.003217126, 0.0030610845)
            float3 xformOp:translate = (-0.0065632155, 0.28416067, 0.13920039)
            uniform token[] xformOpOrder = ["xformOp:translate", "xformOp:orient"]

            def Capsule "Visual" (
                prepend apiSchemas = ["MaterialBindingAPI"]
            )
            {
                uniform token axis = "Z"
                double height = 0.0050241758241758245
                rel material:binding = </Looks/Wire_0>
                color3f[] primvars:displayColor = [(0.85, 0.04, 0.065)]
                double radius = 0.001
            }
        }

        def Xform "Segment_59"
        {
            quatf xformOp:orient = (0.5057804, -0.86265963, -0.0019401946, 0.0009435946)
            float3 xformOp:translate = (-0.0065918704, 0.2885604, 0.13678338)
            uniform token[] xformOpOrder = ["xformOp:translate", "xformOp:orient"]

            def Capsule "Visual" (
                prepend apiSchemas = ["MaterialBindingAPI"]
            )
            {
                uniform token axis = "Z"
                double height = 0.0050241758241758245
                rel material:binding = </Looks/Wire_0>
                color3f[] primvars:displayColor = [(0.85, 0.04, 0.065)]
                double radius = 0.001
            }
        }

        def Xform "Segment_60"
        {
            quatf xformOp:orient = (0.49898744, -0.8666085, -0.00085350877, -0.00078097754)
            float3 xformOp:translate = (-0.006595176, 0.2929238, 0.13430226)
            uniform token[] xformOpOrder = ["xformOp:translate", "xformOp:orient"]

            def Capsule "Visual" (
                prepend apiSchemas = ["MaterialBindingAPI"]
            )
            {
                uniform token axis = "Z"
                double height = 0.0050241758241758245
                rel material:binding = </Looks/Wire_0>
                color3f[] primvars:displayColor = [(0.85, 0.04, 0.065)]
                double radius = 0.001
            }
        }

        def Xform "Segment_61"
        {
            quatf xformOp:orient = (0.4917927, -0.87070984, 0.000034691122, -0.0021017971)
            float3 xformOp:translate = (-0.0065802042, 0.29724652, 0.131751)
            uniform token[] xformOpOrder = ["xformOp:translate", "xformOp:orient"]

            def Capsule "Visual" (
                prepend apiSchemas = ["MaterialBindingAPI"]
            )
            {
                uniform token axis = "Z"
                double height = 0.0050241758241758245
                rel material:binding = </Looks/Wire_0>
                color3f[] primvars:displayColor = [(0.85, 0.04, 0.065)]
                double radius = 0.001
            }
        }

        def Xform "Segment_62"
        {
            quatf xformOp:orient = (0.48395753, -0.8750866, 0.0006113251, -0.0028729904)
            float3 xformOp:translate = (-0.0065532555, 0.30152422, 0.1291248)
            uniform token[] xformOpOrder = ["xformOp:translate", "xformOp:orient"]

            def Capsule "Visual" (
                prepend apiSchemas = ["MaterialBindingAPI"]
            )
            {
                uniform token axis = "Z"
                double height = 0.0050241758241758245
                rel material:binding = </Looks/Wire_0>
                color3f[] primvars:displayColor = [(0.85, 0.04, 0.065)]
                double radius = 0.001
            }
        }

        def Xform "Segment_63"
        {
            quatf xformOp:orient = (0.475636, -0.8796357, 0.0009795914, -0.0032455614)
            float3 xformOp:translate = (-0.006518916, 0.30575255, 0.1264201)
            uniform token[] xformOpOrder = ["xformOp:translate", "xformOp:orient"]

            def Capsule "Visual" (
                prepend apiSchemas = ["MaterialBindingAPI"]
            )
            {
                uniform token axis = "Z"
                double height = 0.0050241758241758245
                rel material:binding = </Looks/Wire_0>
                color3f[] primvars:displayColor = [(0.85, 0.04, 0.065)]
                double radius = 0.001
            }
        }

        def Xform "Segment_64"
        {
            quatf xformOp:orient = (0.4668572, -0.88432586, 0.0011448625, -0.0032898122)
            float3 xformOp:translate = (-0.0064836517, 0.3099266, 0.12363117)
            uniform token[] xformOpOrder = ["xformOp:translate", "xformOp:orient"]

            def Capsule "Visual" (
                prepend apiSchemas = ["MaterialBindingAPI"]
            )
            {
                uniform token axis = "Z"
                double height = 0.0050241758241758245
                rel material:binding = </Looks/Wire_0>
                color3f[] primvars:displayColor = [(0.85, 0.04, 0.065)]
                double radius = 0.001
            }
        }

        def Xform "Segment_65"
        {
            quatf xformOp:orient = (0.45776165, -0.88906866, 0.001199855, -0.003127132)
            float3 xformOp:translate = (-0.006448346, 0.3140434, 0.12075842)
            uniform token[] xformOpOrder = ["xformOp:translate", "xformOp:orient"]

            def Capsule "Visual" (
                prepend apiSchemas = ["MaterialBindingAPI"]
            )
            {
                uniform token axis = "Z"
                double height = 0.0050241758241758245
                rel material:binding = </Looks/Wire_0>
                color3f[] primvars:displayColor = [(0.85, 0.04, 0.065)]
                double radius = 0.001
            }
        }

        def Xform "Segment_66"
        {
            quatf xformOp:orient = (0.44847125, -0.8937919, 0.0011874837, -0.0028882327)
            float3 xformOp:translate = (-0.006416272, 0.31809965, 0.11779904)
            uniform token[] xformOpOrder = ["xformOp:translate", "xformOp:orient"]

            def Capsule "Visual" (
                prepend apiSchemas = ["MaterialBindingAPI"]
            )
            {
                uniform token axis = "Z"
                double height = 0.0050241758241758245
                rel material:binding = </Looks/Wire_0>
                color3f[] primvars:displayColor = [(0.85, 0.04, 0.065)]
                double radius = 0.001
            }
        }

        def Xform "Segment_67"
        {
            quatf xformOp:orient = (0.4390253, -0.8984703, 0.001144205, -0.0025974943)
            float3 xformOp:translate = (-0.006386673, 0.32209292, 0.114755236)
            uniform token[] xformOpOrder = ["xformOp:translate", "xformOp:orient"]

            def Capsule "Visual" (
                prepend apiSchemas = ["MaterialBindingAPI"]
            )
            {
                uniform token axis = "Z"
                double height = 0.0050241758241758245
                rel material:binding = </Looks/Wire_0>
                color3f[] primvars:displayColor = [(0.85, 0.04, 0.065)]
                double radius = 0.001
            }
        }

        def Xform "Segment_68"
        {
            quatf xformOp:orient = (0.42949808, -0.90306413, 0.0010931039, -0.0023324175)
            float3 xformOp:translate = (-0.0063600903, 0.3260216, 0.11162684)
            uniform token[] xformOpOrder = ["xformOp:translate", "xformOp:orient"]

            def Capsule "Visual" (
                prepend apiSchemas = ["MaterialBindingAPI"]
            )
            {
                uniform token axis = "Z"
                double height = 0.0050241758241758245
                rel material:binding = </Looks/Wire_0>
                color3f[] primvars:displayColor = [(0.85, 0.04, 0.065)]
                double radius = 0.001
            }
        }

        def Xform "Segment_69"
        {
            quatf xformOp:orient = (0.41986445, -0.90758395, 0.0010379619, -0.0020685291)
            float3 xformOp:translate = (-0.006336133, 0.32988304, 0.10841576)
            uniform token[] xformOpOrder = ["xformOp:translate", "xformOp:orient"]

            def Capsule "Visual" (
                prepend apiSchemas = ["MaterialBindingAPI"]
            )
            {
                uniform token axis = "Z"
                double height = 0.0050241758241758245
                rel material:binding = </Looks/Wire_0>
                color3f[] primvars:displayColor = [(0.85, 0.04, 0.065)]
                double radius = 0.001
            }
        }

        def Xform "Segment_70"
        {
            quatf xformOp:orient = (0.41012627, -0.9120264, 0.0009783597, -0.0018238546)
            float3 xformOp:translate = (-0.006314382, 0.33367595, 0.105122805)
            uniform token[] xformOpOrder = ["xformOp:translate", "xformOp:orient"]

            def Capsule "Visual" (
                prepend apiSchemas = ["MaterialBindingAPI"]
            )
            {
                uniform token axis = "Z"
                double height = 0.0050241758241758245
                rel material:binding = </Looks/Wire_0>
                color3f[] primvars:displayColor = [(0.85, 0.04, 0.065)]
                double radius = 0.001
            }
        }

        def Xform "Segment_71"
        {
            quatf xformOp:orient = (0.40026644, -0.9163971, 0.0009152053, -0.0015807705)
            float3 xformOp:translate = (-0.0062951343, 0.33739722, 0.101749085)
            uniform token[] xformOpOrder = ["xformOp:translate", "xformOp:orient"]

            def Capsule "Visual" (
                prepend apiSchemas = ["MaterialBindingAPI"]
            )
            {
                uniform token axis = "Z"
                double height = 0.0050241758241758245
                rel material:binding = </Looks/Wire_0>
                color3f[] primvars:displayColor = [(0.85, 0.04, 0.065)]
                double radius = 0.001
            }
        }

        def Xform "Segment_72"
        {
            quatf xformOp:orient = (0.3902767, -0.9206963, 0.00084207696, -0.001337452)
            float3 xformOp:translate = (-0.0062780934, 0.3410451, 0.09829553)
            uniform token[] xformOpOrder = ["xformOp:translate", "xformOp:orient"]

            def Capsule "Visual" (
                prepend apiSchemas = ["MaterialBindingAPI"]
            )
            {
                uniform token axis = "Z"
                double height = 0.0050241758241758245
                rel material:binding = </Looks/Wire_0>
                color3f[] primvars:displayColor = [(0.85, 0.04, 0.065)]
                double radius = 0.001
            }
        }

        def Xform "Segment_73"
        {
            quatf xformOp:orient = (0.38015875, -0.9249203, 0.00076467224, -0.0010947759)
            float3 xformOp:translate = (-0.006263624, 0.34461674, 0.09476313)
            uniform token[] xformOpOrder = ["xformOp:translate", "xformOp:orient"]

            def Capsule "Visual" (
                prepend apiSchemas = ["MaterialBindingAPI"]
            )
            {
                uniform token axis = "Z"
                double height = 0.0050241758241758245
                rel material:binding = </Looks/Wire_0>
                color3f[] primvars:displayColor = [(0.85, 0.04, 0.065)]
                double radius = 0.001
            }
        }

        def Xform "Segment_74"
        {
            quatf xformOp:orient = (0.36990932, -0.92906725, 0.00068076927, -0.0008555038)
            float3 xformOp:translate = (-0.006251679, 0.34810996, 0.091152824)
            uniform token[] xformOpOrder = ["xformOp:translate", "xformOp:orient"]

            def Capsule "Visual" (
                prepend apiSchemas = ["MaterialBindingAPI"]
            )
            {
                uniform token axis = "Z"
                double height = 0.0050241758241758245
                rel material:binding = </Looks/Wire_0>
                color3f[] primvars:displayColor = [(0.85, 0.04, 0.065)]
                double radius = 0.001
            }
        }

        def Xform "Segment_75"
        {
            quatf xformOp:orient = (0.35955516, -0.9331235, 0.0005963586, -0.00062664074)
            float3 xformOp:translate = (-0.006242267, 0.35152224, 0.08746595)
            uniform token[] xformOpOrder = ["xformOp:translate", "xformOp:orient"]

            def Capsule "Visual" (
                prepend apiSchemas = ["MaterialBindingAPI"]
            )
            {
                uniform token axis = "Z"
                double height = 0.0050241758241758245
                rel material:binding = </Looks/Wire_0>
                color3f[] primvars:displayColor = [(0.85, 0.04, 0.065)]
                double radius = 0.001
            }
        }

        def Xform "Segment_76"
        {
            quatf xformOp:orient = (0.34910107, -0.93708485, 0.00051309325, -0.00041587313)
            float3 xformOp:translate = (-0.0062353476, 0.35485137, 0.083703816)
            uniform token[] xformOpOrder = ["xformOp:translate", "xformOp:orient"]

            def Capsule "Visual" (
                prepend apiSchemas = ["MaterialBindingAPI"]
            )
            {
                uniform token axis = "Z"
                double height = 0.0050241758241758245
                rel material:binding = </Looks/Wire_0>
                color3f[] primvars:displayColor = [(0.85, 0.04, 0.065)]
                double radius = 0.001
            }
        }

        def Xform "Segment_77"
        {
            quatf xformOp:orient = (0.33857247, -0.94094026, 0.00043380732, -0.00022680663)
            float3 xformOp:translate = (-0.0062306337, 0.35809547, 0.079868086)
            uniform token[] xformOpOrder = ["xformOp:translate", "xformOp:orient"]

            def Capsule "Visual" (
                prepend apiSchemas = ["MaterialBindingAPI"]
            )
            {
                uniform token axis = "Z"
                double height = 0.0050241758241758245
                rel material:binding = </Looks/Wire_0>
                color3f[] primvars:displayColor = [(0.85, 0.04, 0.065)]
                double radius = 0.001
            }
        }

        def Xform "Segment_78"
        {
            quatf xformOp:orient = (0.32798478, -0.944683, 0.0003609685, -0.0000656509)
            float3 xformOp:translate = (-0.0062279464, 0.36125255, 0.07596052)
            uniform token[] xformOpOrder = ["xformOp:translate", "xformOp:orient"]

            def Capsule "Visual" (
                prepend apiSchemas = ["MaterialBindingAPI"]
            )
            {
                uniform token axis = "Z"
                double height = 0.0050241758241758245
                rel material:binding = </Looks/Wire_0>
                color3f[] primvars:displayColor = [(0.85, 0.04, 0.065)]
                double radius = 0.001
            }
        }

        def Xform "Segment_79"
        {
            quatf xformOp:orient = (0.31735268, -0.9483076, 0.00029433685, 0.00006871239)
            float3 xformOp:translate = (-0.0062269266, 0.36432102, 0.071983024)
            uniform token[] xformOpOrder = ["xformOp:translate", "xformOp:orient"]

            def Capsule "Visual" (
                prepend apiSchemas = ["MaterialBindingAPI"]
            )
            {
                uniform token axis = "Z"
                double height = 0.0050241758241758245
                rel material:binding = </Looks/Wire_0>
                color3f[] primvars:displayColor = [(0.85, 0.04, 0.065)]
                double radius = 0.001
            }
        }

        def Xform "Segment_80"
        {
            quatf xformOp:orient = (0.30670735, -0.9518038, 0.00023566157, 0.00017424628)
            float3 xformOp:translate = (-0.0062272944, 0.36729947, 0.067937784)
            uniform token[] xformOpOrder = ["xformOp:translate", "xformOp:orient"]

            def Capsule "Visual" (
                prepend apiSchemas = ["MaterialBindingAPI"]
            )
            {
                uniform token axis = "Z"
                double height = 0.0050241758241758245
                rel material:binding = </Looks/Wire_0>
                color3f[] primvars:displayColor = [(0.85, 0.04, 0.065)]
                double radius = 0.001
            }
        }

        def Xform "Segment_81"
        {
            quatf xformOp:orient = (0.29605561, -0.95517075, 0.00018352945, 0.00025341145)
            float3 xformOp:translate = (-0.006228747, 0.37018663, 0.06382692)
            uniform token[] xformOpOrder = ["xformOp:translate", "xformOp:orient"]

            def Capsule "Visual" (
                prepend apiSchemas = ["MaterialBindingAPI"]
            )
            {
                uniform token axis = "Z"
                double height = 0.0050241758241758245
                rel material:binding = </Looks/Wire_0>
                color3f[] primvars:displayColor = [(0.85, 0.04, 0.065)]
                double radius = 0.001
            }
        }

        def Xform "Segment_82"
        {
            quatf xformOp:orient = (0.28542584, -0.9584008, 0.00013886605, 0.00030738013)
            float3 xformOp:translate = (-0.0062309904, 0.37298143, 0.059652872)
            uniform token[] xformOpOrder = ["xformOp:translate", "xformOp:orient"]

            def Capsule "Visual" (
                prepend apiSchemas = ["MaterialBindingAPI"]
            )
            {
                uniform token axis = "Z"
                double height = 0.0050241758241758245
                rel material:binding = </Looks/Wire_0>
                color3f[] primvars:displayColor = [(0.85, 0.04, 0.065)]
                double radius = 0.001
            }
        }

        def Xform "Segment_83"
        {
            quatf xformOp:orient = (0.27484393, -0.9614888, 0.00010027579, 0.00033801104)
            float3 xformOp:translate = (-0.0062337853, 0.37568316, 0.05541798)
            uniform token[] xformOpOrder = ["xformOp:translate", "xformOp:orient"]

            def Capsule "Visual" (
                prepend apiSchemas = ["MaterialBindingAPI"]
            )
            {
                uniform token axis = "Z"
                double height = 0.0050241758241758245
                rel material:binding = </Looks/Wire_0>
                color3f[] primvars:displayColor = [(0.85, 0.04, 0.065)]
                double radius = 0.001
            }
        }

        def Xform "Segment_84"
        {
            quatf xformOp:orient = (0.2643244, -0.96443385, 0.00006828903, 0.00034747605)
            float3 xformOp:translate = (-0.006236878, 0.37829125, 0.051124934)
            uniform token[] xformOpOrder = ["xformOp:translate", "xformOp:orient"]

            def Capsule "Visual" (
                prepend apiSchemas = ["MaterialBindingAPI"]
            )
            {
                uniform token axis = "Z"
                double height = 0.0050241758241758245
                rel material:binding = </Looks/Wire_0>
                color3f[] primvars:displayColor = [(0.85, 0.04, 0.065)]
                double radius = 0.001
            }
        }

        def Xform "Segment_85"
        {
            quatf xformOp:orient = (0.25390193, -0.96722996, 0.000042025862, 0.0003363311)
            float3 xformOp:translate = (-0.006240058, 0.38080552, 0.046776254)
            uniform token[] xformOpOrder = ["xformOp:translate", "xformOp:orient"]

            def Capsule "Visual" (
                prepend apiSchemas = ["MaterialBindingAPI"]
            )
            {
                uniform token axis = "Z"
                double height = 0.0050241758241758245
                rel material:binding = </Looks/Wire_0>
                color3f[] primvars:displayColor = [(0.85, 0.04, 0.065)]
                double radius = 0.001
            }
        }

        def Xform "Segment_86"
        {
            quatf xformOp:orient = (0.24361514, -0.9698719, 0.000021910055, 0.0003062935)
            float3 xformOp:translate = (-0.0062431106, 0.38322607, 0.0423748)
            uniform token[] xformOpOrder = ["xformOp:translate", "xformOp:orient"]

            def Capsule "Visual" (
                prepend apiSchemas = ["MaterialBindingAPI"]
            )
            {
                uniform token axis = "Z"
                double height = 0.0050241758241758245
                rel material:binding = </Looks/Wire_0>
                color3f[] primvars:displayColor = [(0.85, 0.04, 0.065)]
                double radius = 0.001
            }
        }

        def Xform "Segment_87"
        {
            quatf xformOp:orient = (0.2335169, -0.9723527, 0.0000074916447, 0.0002572018)
            float3 xformOp:translate = (-0.0062458296, 0.38555357, 0.037923433)
            uniform token[] xformOpOrder = ["xformOp:translate", "xformOp:orient"]

            def Capsule "Visual" (
                prepend apiSchemas = ["MaterialBindingAPI"]
            )
            {
                uniform token axis = "Z"
                double height = 0.0050241758241758245
                rel material:binding = </Looks/Wire_0>
                color3f[] primvars:displayColor = [(0.85, 0.04, 0.065)]
                double radius = 0.001
            }
        }

        def Xform "Segment_88"
        {
            quatf xformOp:orient = (0.22365187, -0.97466916, -8.683172e-7, 0.00018982937)
            float3 xformOp:translate = (-0.0062480182, 0.3877892, 0.033425245)
            uniform token[] xformOpOrder = ["xformOp:translate", "xformOp:orient"]

            def Capsule "Visual" (
                prepend apiSchemas = ["MaterialBindingAPI"]
            )
            {
                uniform token axis = "Z"
                double height = 0.0050241758241758245
                rel material:binding = </Looks/Wire_0>
                color3f[] primvars:displayColor = [(0.85, 0.04, 0.065)]
                double radius = 0.001
            }
        }

        def Xform "Segment_89"
        {
            quatf xformOp:orient = (0.21408486, -0.9768151, -0.0000034061861, 0.00010399898)
            float3 xformOp:translate = (-0.006249473, 0.38993466, 0.028883357)
            uniform token[] xformOpOrder = ["xformOp:translate", "xformOp:orient"]

            def Capsule "Visual" (
                prepend apiSchemas = ["MaterialBindingAPI"]
            )
            {
                uniform token axis = "Z"
                double height = 0.0050241758241758245
                rel material:binding = </Looks/Wire_0>
                color3f[] primvars:displayColor = [(0.85, 0.04, 0.065)]
                double radius = 0.001
            }
        }

        def Xform "Segment_90"
        {
            quatf xformOp:orient = (0.2048915, -0.9787847, -6.1710005e-11, 1.4238094e-9)
            float3 xformOp:translate = (-0.0062499987, 0.39199245, 0.024301097)
            uniform token[] xformOpOrder = ["xformOp:translate", "xformOp:orient"]

            def Capsule "Visual" (
                prepend apiSchemas = ["MaterialBindingAPI"]
            )
            {
                uniform token axis = "Z"
                double height = 0.0050241758241758245
                rel material:binding = </Looks/Wire_0>
                color3f[] primvars:displayColor = [(0.85, 0.04, 0.065)]
                double radius = 0.001
            }
        }
    }

    def "Cable_1"
    {
        def Xform "Segment_00"
        {
            quatf xformOp:orient = (0.9158009, -0.40163276, -0.0000040099835, -0.0000024215278)
            float3 xformOp:translate = (-0.003753178, 0.013348252, 0.10233477)
            uniform token[] xformOpOrder = ["xformOp:translate", "xformOp:orient"]

            def Capsule "Visual" (
                prepend apiSchemas = ["MaterialBindingAPI"]
            )
            {
                uniform token axis = "Z"
                double height = 0.0050241758241758245
                rel material:binding = </Looks/Wire_1>
                color3f[] primvars:displayColor = [(0.95, 0.06, 0.08)]
                double radius = 0.001
            }
        }

        def Xform "Segment_01"
        {
            quatf xformOp:orient = (0.9108618, -0.41271168, 0.0000030824597, -0.00002218672)
            float3 xformOp:translate = (-0.003753085, 0.017084908, 0.10569255)
            uniform token[] xformOpOrder = ["xformOp:translate", "xformOp:orient"]

            def Capsule "Visual" (
                prepend apiSchemas = ["MaterialBindingAPI"]
            )
            {
                uniform token axis = "Z"
                double height = 0.0050241758241758245
                rel material:binding = </Looks/Wire_1>
                color3f[] primvars:displayColor = [(0.95, 0.06, 0.08)]
                double radius = 0.001
            }
        }

        def Xform "Segment_02"
        {
            quatf xformOp:orient = (0.90595675, -0.42337027, 0.000016710435, -0.00004443891)
            float3 xformOp:translate = (-0.0037528018, 0.02090064, 0.10896028)
            uniform token[] xformOpOrder = ["xformOp:translate", "xformOp:orient"]

            def Capsule "Visual" (
                prepend apiSchemas = ["MaterialBindingAPI"]
            )
            {
                uniform token axis = "Z"
                double height = 0.0050241758241758245
                rel material:binding = </Looks/Wire_1>
                color3f[] primvars:displayColor = [(0.95, 0.06, 0.08)]
                double radius = 0.001
            }
        }

        def Xform "Segment_03"
        {
            quatf xformOp:orient = (0.9010863, -0.43364003, 0.000037153048, -0.00006917338)
            float3 xformOp:translate = (-0.0037522595, 0.02479085, 0.11213902)
            uniform token[] xformOpOrder = ["xformOp:translate", "xformOp:orient"]

            def Capsule "Visual" (
                prepend apiSchemas = ["MaterialBindingAPI"]
            )
            {
                uniform token axis = "Z"
                double height = 0.0050241758241758245
                rel material:binding = </Looks/Wire_1>
                color3f[] primvars:displayColor = [(0.95, 0.06, 0.08)]
                double radius = 0.001
            }
        }

        def Xform "Segment_04"
        {
            quatf xformOp:orient = (0.8962445, -0.44356036, 0.00006395945, -0.000096743905)
            float3 xformOp:translate = (-0.0037514092, 0.02875132, 0.11522982)
            uniform token[] xformOpOrder = ["xformOp:translate", "xformOp:orient"]

            def Capsule "Visual" (
                prepend apiSchemas = ["MaterialBindingAPI"]
            )
            {
                uniform token axis = "Z"
                double height = 0.0050241758241758245
                rel material:binding = </Looks/Wire_1>
                color3f[] primvars:displayColor = [(0.95, 0.06, 0.08)]
                double radius = 0.001
            }
        }

        def Xform "Segment_05"
        {
            quatf xformOp:orient = (0.89142984, -0.45315894, 0.00009843895, -0.00012719254)
            float3 xformOp:translate = (-0.0037501475, 0.03277817, 0.11823366)
            uniform token[] xformOpOrder = ["xformOp:translate", "xformOp:orient"]

            def Capsule "Visual" (
                prepend apiSchemas = ["MaterialBindingAPI"]
            )
            {
                uniform token axis = "Z"
                double height = 0.0050241758241758245
                rel material:binding = </Looks/Wire_1>
                color3f[] primvars:displayColor = [(0.95, 0.06, 0.08)]
                double radius = 0.001
            }
        }

        def Xform "Segment_06"
        {
            quatf xformOp:orient = (0.886634, -0.46247172, 0.00014111029, -0.00016216545)
            float3 xformOp:translate = (-0.003748469, 0.036867883, 0.12115136)
            uniform token[] xformOpOrder = ["xformOp:translate", "xformOp:orient"]

            def Capsule "Visual" (
                prepend apiSchemas = ["MaterialBindingAPI"]
            )
            {
                uniform token axis = "Z"
                double height = 0.0050241758241758245
                rel material:binding = </Looks/Wire_1>
                color3f[] primvars:displayColor = [(0.95, 0.06, 0.08)]
                double radius = 0.001
            }
        }

        def Xform "Segment_07"
        {
            quatf xformOp:orient = (0.88185453, -0.4715214, 0.00019377314, -0.00020107042)
            float3 xformOp:translate = (-0.0037461862, 0.04101715, 0.123983756)
            uniform token[] xformOpOrder = ["xformOp:translate", "xformOp:orient"]

            def Capsule "Visual" (
                prepend apiSchemas = ["MaterialBindingAPI"]
            )
            {
                uniform token axis = "Z"
                double height = 0.0050241758241758245
                rel material:binding = </Looks/Wire_1>
                color3f[] primvars:displayColor = [(0.95, 0.06, 0.08)]
                double radius = 0.001
            }
        }

        def Xform "Segment_08"
        {
            quatf xformOp:orient = (0.87708354, -0.4803379, 0.00025926039, -0.00024795884)
            float3 xformOp:translate = (-0.0037432527, 0.04522298, 0.12673147)
            uniform token[] xformOpOrder = ["xformOp:translate", "xformOp:orient"]

            def Capsule "Visual" (
                prepend apiSchemas = ["MaterialBindingAPI"]
            )
            {
                uniform token axis = "Z"
                double height = 0.0050241758241758245
                rel material:binding = </Looks/Wire_1>
                color3f[] primvars:displayColor = [(0.95, 0.06, 0.08)]
                double radius = 0.001
            }
        }

        def Xform "Segment_09"
        {
            quatf xformOp:orient = (0.8723186, -0.48893777, 0.00033508486, -0.00029871357)
            float3 xformOp:translate = (-0.0037394522, 0.049482547, 0.12939513)
            uniform token[] xformOpOrder = ["xformOp:translate", "xformOp:orient"]

            def Capsule "Visual" (
                prepend apiSchemas = ["MaterialBindingAPI"]
            )
            {
                uniform token axis = "Z"
                double height = 0.0050241758241758245
                rel material:binding = </Looks/Wire_1>
                color3f[] primvars:displayColor = [(0.95, 0.06, 0.08)]
                double radius = 0.001
            }
        }

        def Xform "Segment_10"
        {
            quatf xformOp:orient = (0.86755115, -0.49734774, 0.00042232318, -0.00035789647)
            float3 xformOp:translate = (-0.0037345614, 0.05379317, 0.13197531)
            uniform token[] xformOpOrder = ["xformOp:translate", "xformOp:orient"]

            def Capsule "Visual" (
                prepend apiSchemas = ["MaterialBindingAPI"]
            )
            {
                uniform token axis = "Z"
                double height = 0.0050241758241758245
                rel material:binding = </Looks/Wire_1>
                color3f[] primvars:displayColor = [(0.95, 0.06, 0.08)]
                double radius = 0.001
            }
        }

        def Xform "Segment_11"
        {
            quatf xformOp:orient = (0.8627724, -0.5055921, 0.00050888985, -0.00041465738)
            float3 xformOp:translate = (-0.0037286144, 0.058152538, 0.1344723)
            uniform token[] xformOpOrder = ["xformOp:translate", "xformOp:orient"]

            def Capsule "Visual" (
                prepend apiSchemas = ["MaterialBindingAPI"]
            )
            {
                uniform token axis = "Z"
                double height = 0.0050241758241758245
                rel material:binding = </Looks/Wire_1>
                color3f[] primvars:displayColor = [(0.95, 0.06, 0.08)]
                double radius = 0.001
            }
        }

        def Xform "Segment_12"
        {
            quatf xformOp:orient = (0.85796773, -0.5137031, 0.0005836153, -0.00046838427)
            float3 xformOp:translate = (-0.003721288, 0.06255823, 0.13688654)
            uniform token[] xformOpOrder = ["xformOp:translate", "xformOp:orient"]

            def Capsule "Visual" (
                prepend apiSchemas = ["MaterialBindingAPI"]
            )
            {
                uniform token axis = "Z"
                double height = 0.0050241758241758245
                rel material:binding = </Looks/Wire_1>
                color3f[] primvars:displayColor = [(0.95, 0.06, 0.08)]
                double radius = 0.001
            }
        }

        def Xform "Segment_13"
        {
            quatf xformOp:orient = (0.8531223, -0.5217105, 0.00063017505, -0.0005041691)
            float3 xformOp:translate = (-0.0037131975, 0.06700849, 0.13921757)
            uniform token[] xformOpOrder = ["xformOp:translate", "xformOp:orient"]

            def Capsule "Visual" (
                prepend apiSchemas = ["MaterialBindingAPI"]
            )
            {
                uniform token axis = "Z"
                double height = 0.0050241758241758245
                rel material:binding = </Looks/Wire_1>
                color3f[] primvars:displayColor = [(0.95, 0.06, 0.08)]
                double radius = 0.001
            }
        }

        def Xform "Segment_14"
        {
            quatf xformOp:orient = (0.8482085, -0.5296619, 0.0006194939, -0.00051330496)
            float3 xformOp:translate = (-0.0037044608, 0.07150135, 0.14146529)
            uniform token[] xformOpOrder = ["xformOp:translate", "xformOp:orient"]

            def Capsule "Visual" (
                prepend apiSchemas = ["MaterialBindingAPI"]
            )
            {
                uniform token axis = "Z"
                double height = 0.0050241758241758245
                rel material:binding = </Looks/Wire_1>
                color3f[] primvars:displayColor = [(0.95, 0.06, 0.08)]
                double radius = 0.001
            }
        }

        def Xform "Segment_15"
        {
            quatf xformOp:orient = (0.84321606, -0.53757447, 0.0005539072, -0.0004897468)
            float3 xformOp:translate = (-0.0036960745, 0.076035455, 0.14362858)
            uniform token[] xformOpOrder = ["xformOp:translate", "xformOp:orient"]

            def Capsule "Visual" (
                prepend apiSchemas = ["MaterialBindingAPI"]
            )
            {
                uniform token axis = "Z"
                double height = 0.0050241758241758245
                rel material:binding = </Looks/Wire_1>
                color3f[] primvars:displayColor = [(0.95, 0.06, 0.08)]
                double radius = 0.001
            }
        }

        def Xform "Segment_16"
        {
            quatf xformOp:orient = (0.8381226, -0.5454817, 0.0004028815, -0.00042720753)
            float3 xformOp:translate = (-0.0036892889, 0.08060949, 0.14570601)
            uniform token[] xformOpOrder = ["xformOp:translate", "xformOp:orient"]

            def Capsule "Visual" (
                prepend apiSchemas = ["MaterialBindingAPI"]
            )
            {
                uniform token axis = "Z"
                double height = 0.0050241758241758245
                rel material:binding = </Looks/Wire_1>
                color3f[] primvars:displayColor = [(0.95, 0.06, 0.08)]
                double radius = 0.001
            }
        }

        def Xform "Segment_17"
        {
            quatf xformOp:orient = (0.83293873, -0.5533653, 0.00021126251, -0.0003428313)
            float3 xformOp:translate = (-0.003684332, 0.08522185, 0.14769691)
            uniform token[] xformOpOrder = ["xformOp:translate", "xformOp:orient"]

            def Capsule "Visual" (
                prepend apiSchemas = ["MaterialBindingAPI"]
            )
            {
                uniform token axis = "Z"
                double height = 0.0050241758241758245
                rel material:binding = </Looks/Wire_1>
                color3f[] primvars:displayColor = [(0.95, 0.06, 0.08)]
                double radius = 0.001
            }
        }

        def Xform "Segment_18"
        {
            quatf xformOp:orient = (0.82765925, -0.5612309, -0.0000151611575, -0.0002561862)
            float3 xformOp:translate = (-0.0036833996, 0.0898718, 0.14959863)
            uniform token[] xformOpOrder = ["xformOp:translate", "xformOp:orient"]

            def Capsule "Visual" (
                prepend apiSchemas = ["MaterialBindingAPI"]
            )
            {
                uniform token axis = "Z"
                double height = 0.0050241758241758245
                rel material:binding = </Looks/Wire_1>
                color3f[] primvars:displayColor = [(0.95, 0.06, 0.08)]
                double radius = 0.001
            }
        }

        def Xform "Segment_19"
        {
            quatf xformOp:orient = (0.82230216, -0.5690511, -0.00020262804, -0.00020016599)
            float3 xformOp:translate = (-0.003684573, 0.09455699, 0.15141186)
            uniform token[] xformOpOrder = ["xformOp:translate", "xformOp:orient"]

            def Capsule "Visual" (
                prepend apiSchemas = ["MaterialBindingAPI"]
            )
            {
                uniform token axis = "Z"
                double height = 0.0050241758241758245
                rel material:binding = </Looks/Wire_1>
                color3f[] primvars:displayColor = [(0.95, 0.06, 0.08)]
                double radius = 0.001
            }
        }

        def Xform "Segment_20"
        {
            quatf xformOp:orient = (0.81690377, -0.576774, -0.0002877741, -0.00023101266)
            float3 xformOp:translate = (-0.0036891813, 0.099276714, 0.15313421)
            uniform token[] xformOpOrder = ["xformOp:translate", "xformOp:orient"]

            def Capsule "Visual" (
                prepend apiSchemas = ["MaterialBindingAPI"]
            )
            {
                uniform token axis = "Z"
                double height = 0.0050241758241758245
                rel material:binding = </Looks/Wire_1>
                color3f[] primvars:displayColor = [(0.95, 0.06, 0.08)]
                double radius = 0.001
            }
        }

        def Xform "Segment_21"
        {
            quatf xformOp:orient = (0.8114409, -0.58443445, -0.00023266741, -0.00035764906)
            float3 xformOp:translate = (-0.0036934395, 0.104028106, 0.15476741)
            uniform token[] xformOpOrder = ["xformOp:translate", "xformOp:orient"]

            def Capsule "Visual" (
                prepend apiSchemas = ["MaterialBindingAPI"]
            )
            {
                uniform token axis = "Z"
                double height = 0.0050241758241758245
                rel material:binding = </Looks/Wire_1>
                color3f[] primvars:displayColor = [(0.95, 0.06, 0.08)]
                double radius = 0.001
            }
        }

        def Xform "Segment_22"
        {
            quatf xformOp:orient = (0.8059474, -0.59198695, 0.000044970213, -0.00064005476)
            float3 xformOp:translate = (-0.0036953806, 0.10880996, 0.15631118)
            uniform token[] xformOpOrder = ["xformOp:translate", "xformOp:orient"]

            def Capsule "Visual" (
                prepend apiSchemas = ["MaterialBindingAPI"]
            )
            {
                uniform token axis = "Z"
                double height = 0.0050241758241758245
                rel material:binding = </Looks/Wire_1>
                color3f[] primvars:displayColor = [(0.95, 0.06, 0.08)]
                double radius = 0.001
            }
        }

        def Xform "Segment_23"
        {
            quatf xformOp:orient = (0.8003207, -0.5995712, 0.00048393276, -0.0010237923)
            float3 xformOp:translate = (-0.003692416, 0.11362004, 0.15776491)
            uniform token[] xformOpOrder = ["xformOp:translate", "xformOp:orient"]

            def Capsule "Visual" (
                prepend apiSchemas = ["MaterialBindingAPI"]
            )
            {
                uniform token axis = "Z"
                double height = 0.0050241758241758245
                rel material:binding = </Looks/Wire_1>
                color3f[] primvars:displayColor = [(0.95, 0.06, 0.08)]
                double radius = 0.001
            }
        }

        def Xform "Segment_24"
        {
            quatf xformOp:orient = (0.7945163, -0.60723996, 0.0011009967, -0.0015073059)
            float3 xformOp:translate = (-0.0036788846, 0.11845667, 0.15913044)
            uniform token[] xformOpOrder = ["xformOp:translate", "xformOp:orient"]

            def Capsule "Visual" (
                prepend apiSchemas = ["MaterialBindingAPI"]
            )
            {
                uniform token axis = "Z"
                double height = 0.0050241758241758245
                rel material:binding = </Looks/Wire_1>
                color3f[] primvars:displayColor = [(0.95, 0.06, 0.08)]
                double radius = 0.001
            }
        }

        def Xform "Segment_25"
        {
            quatf xformOp:orient = (0.7883994, -0.615158, 0.0017559879, -0.0019914026)
            float3 xformOp:translate = (-0.0036572684, 0.12331912, 0.16040084)
            uniform token[] xformOpOrder = ["xformOp:translate", "xformOp:orient"]

            def Capsule "Visual" (
                prepend apiSchemas = ["MaterialBindingAPI"]
            )
            {
                uniform token axis = "Z"
                double height = 0.0050241758241758245
                rel material:binding = </Looks/Wire_1>
                color3f[] primvars:displayColor = [(0.95, 0.06, 0.08)]
                double radius = 0.001
            }
        }

        def Xform "Segment_26"
        {
            quatf xformOp:orient = (0.78182155, -0.6234934, 0.0023511958, -0.0023810256)
            float3 xformOp:translate = (-0.0036215421, 0.12820582, 0.16157708)
            uniform token[] xformOpOrder = ["xformOp:translate", "xformOp:orient"]

            def Capsule "Visual" (
                prepend apiSchemas = ["MaterialBindingAPI"]
            )
            {
                uniform token axis = "Z"
                double height = 0.0050241758241758245
                rel material:binding = </Looks/Wire_1>
                color3f[] primvars:displayColor = [(0.95, 0.06, 0.08)]
                double radius = 0.001
            }
        }

        def Xform "Segment_27"
        {
            quatf xformOp:orient = (0.7747343, -0.63227534, 0.002785102, -0.0026201867)
            float3 xformOp:translate = (-0.003579679, 0.13311689, 0.1626461)
            uniform token[] xformOpOrder = ["xformOp:translate", "xformOp:orient"]

            def Capsule "Visual" (
                prepend apiSchemas = ["MaterialBindingAPI"]
            )
            {
                uniform token axis = "Z"
                double height = 0.0050241758241758245
                rel material:binding = </Looks/Wire_1>
                color3f[] primvars:displayColor = [(0.95, 0.06, 0.08)]
                double radius = 0.001
            }
        }

        def Xform "Segment_28"
        {
            quatf xformOp:orient = (0.7669561, -0.6416878, 0.0029068354, -0.0025793181)
            float3 xformOp:translate = (-0.0035303743, 0.1380513, 0.16360404)
            uniform token[] xformOpOrder = ["xformOp:translate", "xformOp:orient"]

            def Capsule "Visual" (
                prepend apiSchemas = ["MaterialBindingAPI"]
            )
            {
                uniform token axis = "Z"
                double height = 0.0050241758241758245
                rel material:binding = </Looks/Wire_1>
                color3f[] primvars:displayColor = [(0.95, 0.06, 0.08)]
                double radius = 0.001
            }
        }

        def Xform "Segment_29"
        {
            quatf xformOp:orient = (0.7586182, -0.6515255, 0.002769094, -0.0023266263)
            float3 xformOp:translate = (-0.0034818607, 0.14300787, 0.16443801)
            uniform token[] xformOpOrder = ["xformOp:translate", "xformOp:orient"]

            def Capsule "Visual" (
                prepend apiSchemas = ["MaterialBindingAPI"]
            )
            {
                uniform token axis = "Z"
                double height = 0.0050241758241758245
                rel material:binding = </Looks/Wire_1>
                color3f[] primvars:displayColor = [(0.95, 0.06, 0.08)]
                double radius = 0.001
            }
        }

        def Xform "Segment_30"
        {
            quatf xformOp:orient = (0.7497219, -0.66174656, 0.0023161743, -0.0018245167)
            float3 xformOp:translate = (-0.0034400856, 0.14798579, 0.16513857)
            uniform token[] xformOpOrder = ["xformOp:translate", "xformOp:orient"]

            def Capsule "Visual" (
                prepend apiSchemas = ["MaterialBindingAPI"]
            )
            {
                uniform token axis = "Z"
                double height = 0.0050241758241758245
                rel material:binding = </Looks/Wire_1>
                color3f[] primvars:displayColor = [(0.95, 0.06, 0.08)]
                double radius = 0.001
            }
        }

        def Xform "Segment_31"
        {
            quatf xformOp:orient = (0.740612, -0.6719296, 0.0017453496, -0.0012483229)
            float3 xformOp:translate = (-0.003405955, 0.15298073, 0.16570331)
            uniform token[] xformOpOrder = ["xformOp:translate", "xformOp:orient"]

            def Capsule "Visual" (
                prepend apiSchemas = ["MaterialBindingAPI"]
            )
            {
                uniform token axis = "Z"
                double height = 0.0050241758241758245
                rel material:binding = </Looks/Wire_1>
                color3f[] primvars:displayColor = [(0.95, 0.06, 0.08)]
                double radius = 0.001
            }
        }

        def Xform "Segment_32"
        {
            quatf xformOp:orient = (0.7315032, -0.68183666, 0.0011666815, -0.00070820976)
            float3 xformOp:translate = (-0.003388145, 0.1579915, 0.16612403)
            uniform token[] xformOpOrder = ["xformOp:translate", "xformOp:orient"]

            def Capsule "Visual" (
                prepend apiSchemas = ["MaterialBindingAPI"]
            )
            {
                uniform token axis = "Z"
                double height = 0.0050241758241758245
                rel material:binding = </Looks/Wire_1>
                color3f[] primvars:displayColor = [(0.95, 0.06, 0.08)]
                double radius = 0.001
            }
        }

        def Xform "Segment_33"
        {
            quatf xformOp:orient = (0.72266316, -0.69119996, 0.0007185604, -0.00031667645)
            float3 xformOp:translate = (-0.0033774718, 0.16301166, 0.16641264)
            uniform token[] xformOpOrder = ["xformOp:translate", "xformOp:orient"]

            def Capsule "Visual" (
                prepend apiSchemas = ["MaterialBindingAPI"]
            )
            {
                uniform token axis = "Z"
                double height = 0.0050241758241758245
                rel material:binding = </Looks/Wire_1>
                color3f[] primvars:displayColor = [(0.95, 0.06, 0.08)]
                double radius = 0.001
            }
        }

        def Xform "Segment_34"
        {
            quatf xformOp:orient = (0.7143856, -0.699752, 0.0005636093, -0.00022252498)
            float3 xformOp:translate = (-0.0033801668, 0.16804041, 0.16656694)
            uniform token[] xformOpOrder = ["xformOp:translate", "xformOp:orient"]

            def Capsule "Visual" (
                prepend apiSchemas = ["MaterialBindingAPI"]
            )
            {
                uniform token axis = "Z"
                double height = 0.0050241758241758245
                rel material:binding = </Looks/Wire_1>
                color3f[] primvars:displayColor = [(0.95, 0.06, 0.08)]
                double radius = 0.001
            }
        }

        def Xform "Segment_35"
        {
            quatf xformOp:orient = (0.7066412, -0.7075718, 0.0006269743, -0.00034807593)
            float3 xformOp:translate = (-0.003383289, 0.17307168, 0.166606)
            uniform token[] xformOpOrder = ["xformOp:translate", "xformOp:orient"]

            def Capsule "Visual" (
                prepend apiSchemas = ["MaterialBindingAPI"]
            )
            {
                uniform token axis = "Z"
                double height = 0.0050241758241758245
                rel material:binding = </Looks/Wire_1>
                color3f[] primvars:displayColor = [(0.95, 0.06, 0.08)]
                double radius = 0.001
            }
        }

        def Xform "Segment_36"
        {
            quatf xformOp:orient = (0.6995504, -0.7145823, 0.0009389186, -0.00069375336)
            float3 xformOp:translate = (-0.003387921, 0.17810576, 0.16653436)
            uniform token[] xformOpOrder = ["xformOp:translate", "xformOp:orient"]

            def Capsule "Visual" (
                prepend apiSchemas = ["MaterialBindingAPI"]
            )
            {
                uniform token axis = "Z"
                double height = 0.0050241758241758245
                rel material:binding = </Looks/Wire_1>
                color3f[] primvars:displayColor = [(0.95, 0.06, 0.08)]
                double radius = 0.001
            }
        }

        def Xform "Segment_37"
        {
            quatf xformOp:orient = (0.69280505, -0.72112316, 0.0012577769, -0.0010378949)
            float3 xformOp:translate = (-0.0033876898, 0.18313779, 0.16636564)
            uniform token[] xformOpOrder = ["xformOp:translate", "xformOp:orient"]

            def Capsule "Visual" (
                prepend apiSchemas = ["MaterialBindingAPI"]
            )
            {
                uniform token axis = "Z"
                double height = 0.0050241758241758245
                rel material:binding = </Looks/Wire_1>
                color3f[] primvars:displayColor = [(0.95, 0.06, 0.08)]
                double radius = 0.001
            }
        }

        def Xform "Segment_38"
        {
            quatf xformOp:orient = (0.6862647, -0.7273493, 0.0015158242, -0.0012630643)
            float3 xformOp:translate = (-0.0033800602, 0.18816872, 0.16610701)
            uniform token[] xformOpOrder = ["xformOp:translate", "xformOp:orient"]

            def Capsule "Visual" (
                prepend apiSchemas = ["MaterialBindingAPI"]
            )
            {
                uniform token axis = "Z"
                double height = 0.0050241758241758245
                rel material:binding = </Looks/Wire_1>
                color3f[] primvars:displayColor = [(0.95, 0.06, 0.08)]
                double radius = 0.001
            }
        }

        def Xform "Segment_39"
        {
            quatf xformOp:orient = (0.6796693, -0.73351586, 0.0015887821, -0.0012817321)
            float3 xformOp:translate = (-0.003370359, 0.1931944, 0.16575786)
            uniform token[] xformOpOrder = ["xformOp:translate", "xformOp:orient"]

            def Capsule "Visual" (
                prepend apiSchemas = ["MaterialBindingAPI"]
            )
            {
                uniform token axis = "Z"
                double height = 0.0050241758241758245
                rel material:binding = </Looks/Wire_1>
                color3f[] primvars:displayColor = [(0.95, 0.06, 0.08)]
                double radius = 0.001
            }
        }

        def Xform "Segment_40"
        {
            quatf xformOp:orient = (0.6728564, -0.7397711, 0.0014280766, -0.000997389)
            float3 xformOp:translate = (-0.0033531934, 0.19821517, 0.16532567)
            uniform token[] xformOpOrder = ["xformOp:translate", "xformOp:orient"]

            def Capsule "Visual" (
                prepend apiSchemas = ["MaterialBindingAPI"]
            )
            {
                uniform token axis = "Z"
                double height = 0.0050241758241758245
                rel material:binding = </Looks/Wire_1>
                color3f[] primvars:displayColor = [(0.95, 0.06, 0.08)]
                double radius = 0.001
            }
        }

        def Xform "Segment_41"
        {
            quatf xformOp:orient = (0.665832, -0.7461007, 0.0011067432, -0.0005370666)
            float3 xformOp:translate = (-0.0033404587, 0.20322709, 0.16479993)
            uniform token[] xformOpOrder = ["xformOp:translate", "xformOp:orient"]

            def Capsule "Visual" (
                prepend apiSchemas = ["MaterialBindingAPI"]
            )
            {
                uniform token axis = "Z"
                double height = 0.0050241758241758245
                rel material:binding = </Looks/Wire_1>
                color3f[] primvars:displayColor = [(0.95, 0.06, 0.08)]
                double radius = 0.001
            }
        }

        def Xform "Segment_42"
        {
            quatf xformOp:orient = (0.65857786, -0.7525124, 0.00069875416, 0.00004882686)
            float3 xformOp:translate = (-0.0033247105, 0.20822915, 0.16418847)
            uniform token[] xformOpOrder = ["xformOp:translate", "xformOp:orient"]

            def Capsule "Visual" (
                prepend apiSchemas = ["MaterialBindingAPI"]
            )
            {
                uniform token axis = "Z"
                double height = 0.0050241758241758245
                rel material:binding = </Looks/Wire_1>
                color3f[] primvars:displayColor = [(0.95, 0.06, 0.08)]
                double radius = 0.001
            }
        }

        def Xform "Segment_43"
        {
            quatf xformOp:orient = (0.6511855, -0.7589183, 0.00032841577, 0.00058033987)
            float3 xformOp:translate = (-0.003315769, 0.21321833, 0.16348015)
            uniform token[] xformOpOrder = ["xformOp:translate", "xformOp:orient"]

            def Capsule "Visual" (
                prepend apiSchemas = ["MaterialBindingAPI"]
            )
            {
                uniform token axis = "Z"
                double height = 0.0050241758241758245
                rel material:binding = </Looks/Wire_1>
                color3f[] primvars:displayColor = [(0.95, 0.06, 0.08)]
                double radius = 0.001
            }
        }

        def Xform "Segment_44"
        {
            quatf xformOp:orient = (0.64365906, -0.7653117, 0.00010792986, 0.0009632592)
            float3 xformOp:translate = (-0.0033069632, 0.21819179, 0.16268034)
            uniform token[] xformOpOrder = ["xformOp:translate", "xformOp:orient"]

            def Capsule "Visual" (
                prepend apiSchemas = ["MaterialBindingAPI"]
            )
            {
                uniform token axis = "Z"
                double height = 0.0050241758241758245
                rel material:binding = </Looks/Wire_1>
                color3f[] primvars:displayColor = [(0.95, 0.06, 0.08)]
                double radius = 0.001
            }
        }

        def Xform "Segment_45"
        {
            quatf xformOp:orient = (0.63590634, -0.7717654, 0.000014631117, 0.001186002)
            float3 xformOp:translate = (-0.0033013942, 0.22314814, 0.1617819)
            uniform token[] xformOpOrder = ["xformOp:translate", "xformOp:orient"]

            def Capsule "Visual" (
                prepend apiSchemas = ["MaterialBindingAPI"]
            )
            {
                uniform token axis = "Z"
                double height = 0.0050241758241758245
                rel material:binding = </Looks/Wire_1>
                color3f[] primvars:displayColor = [(0.95, 0.06, 0.08)]
                double radius = 0.001
            }
        }

        def Xform "Segment_46"
        {
            quatf xformOp:orient = (0.627736, -0.7784253, 0.000030261794, 0.001312275)
            float3 xformOp:translate = (-0.0032988128, 0.22808154, 0.16078107)
            uniform token[] xformOpOrder = ["xformOp:translate", "xformOp:orient"]

            def Capsule "Visual" (
                prepend apiSchemas = ["MaterialBindingAPI"]
            )
            {
                uniform token axis = "Z"
                double height = 0.0050241758241758245
                rel material:binding = </Looks/Wire_1>
                color3f[] primvars:displayColor = [(0.95, 0.06, 0.08)]
                double radius = 0.001
            }
        }

        def Xform "Segment_47"
        {
            quatf xformOp:orient = (0.6189482, -0.78543043, 0.000010650196, 0.0014685938)
            float3 xformOp:translate = (-0.003297598, 0.23299155, 0.15967317)
            uniform token[] xformOpOrder = ["xformOp:translate", "xformOp:orient"]

            def Capsule "Visual" (
                prepend apiSchemas = ["MaterialBindingAPI"]
            )
            {
                uniform token axis = "Z"
                double height = 0.0050241758241758245
                rel material:binding = </Looks/Wire_1>
                color3f[] primvars:displayColor = [(0.95, 0.06, 0.08)]
                double radius = 0.001
            }
        }

        def Xform "Segment_48"
        {
            quatf xformOp:orient = (0.60927564, -0.79295635, -0.00018982188, 0.0018605001)
            float3 xformOp:translate = (-0.003306964, 0.23786812, 0.15844297)
            uniform token[] xformOpOrder = ["xformOp:translate", "xformOp:orient"]

            def Capsule "Visual" (
                prepend apiSchemas = ["MaterialBindingAPI"]
            )
            {
                uniform token axis = "Z"
                double height = 0.0050241758241758245
                rel material:binding = </Looks/Wire_1>
                color3f[] primvars:displayColor = [(0.95, 0.06, 0.08)]
                double radius = 0.001
            }
        }

        def Xform "Segment_49"
        {
            quatf xformOp:orient = (0.59877074, -0.80091625, -0.0006220726, 0.0025102668)
            float3 xformOp:translate = (-0.0033226106, 0.24271151, 0.1570893)
            uniform token[] xformOpOrder = ["xformOp:translate", "xformOp:orient"]

            def Capsule "Visual" (
                prepend apiSchemas = ["MaterialBindingAPI"]
            )
            {
                uniform token axis = "Z"
                double height = 0.0050241758241758245
                rel material:binding = </Looks/Wire_1>
                color3f[] primvars:displayColor = [(0.95, 0.06, 0.08)]
                double radius = 0.001
            }
        }

        def Xform "Segment_50"
        {
            quatf xformOp:orient = (0.5874668, -0.80923957, -0.0013605539, 0.0035064563)
            float3 xformOp:translate = (-0.0033578184, 0.2475094, 0.15559497)
            uniform token[] xformOpOrder = ["xformOp:translate", "xformOp:orient"]

            def Capsule "Visual" (
                prepend apiSchemas = ["MaterialBindingAPI"]
            )
            {
                uniform token axis = "Z"
                double height = 0.0050241758241758245
                rel material:binding = </Looks/Wire_1>
                color3f[] primvars:displayColor = [(0.95, 0.06, 0.08)]
                double radius = 0.001
            }
        }

        def Xform "Segment_51"
        {
            quatf xformOp:orient = (0.5757345, -0.8176204, -0.0022606712, 0.004656398)
            float3 xformOp:translate = (-0.0034067906, 0.2522627, 0.15396476)
            uniform token[] xformOpOrder = ["xformOp:translate", "xformOp:orient"]

            def Capsule "Visual" (
                prepend apiSchemas = ["MaterialBindingAPI"]
            )
            {
                uniform token axis = "Z"
                double height = 0.0050241758241758245
                rel material:binding = </Looks/Wire_1>
                color3f[] primvars:displayColor = [(0.95, 0.06, 0.08)]
                double radius = 0.001
            }
        }

        def Xform "Segment_52"
        {
            quatf xformOp:orient = (0.5640857, -0.8256903, -0.003172698, 0.0057335035)
            float3 xformOp:translate = (-0.0034759913, 0.2569623, 0.15219362)
            uniform token[] xformOpOrder = ["xformOp:translate", "xformOp:orient"]

            def Capsule "Visual" (
                prepend apiSchemas = ["MaterialBindingAPI"]
            )
            {
                uniform token axis = "Z"
                double height = 0.0050241758241758245
                rel material:binding = </Looks/Wire_1>
                color3f[] primvars:displayColor = [(0.95, 0.06, 0.08)]
                double radius = 0.001
            }
        }

        def Xform "Segment_53"
        {
            quatf xformOp:orient = (0.55285054, -0.83324564, -0.003917304, 0.0065285116)
            float3 xformOp:translate = (-0.003557901, 0.26161107, 0.15029266)
            uniform token[] xformOpOrder = ["xformOp:translate", "xformOp:orient"]

            def Capsule "Visual" (
                prepend apiSchemas = ["MaterialBindingAPI"]
            )
            {
                uniform token axis = "Z"
                double height = 0.0050241758241758245
                rel material:binding = </Looks/Wire_1>
                color3f[] primvars:displayColor = [(0.95, 0.06, 0.08)]
                double radius = 0.001
            }
        }

        def Xform "Segment_54"
        {
            quatf xformOp:orient = (0.54265624, -0.83991754, -0.004254236, 0.0066896486)
            float3 xformOp:translate = (-0.0036458103, 0.26620802, 0.14827423)
            uniform token[] xformOpOrder = ["xformOp:translate", "xformOp:orient"]

            def Capsule "Visual" (
                prepend apiSchemas = ["MaterialBindingAPI"]
            )
            {
                uniform token axis = "Z"
                double height = 0.0050241758241758245
                rel material:binding = </Looks/Wire_1>
                color3f[] primvars:displayColor = [(0.95, 0.06, 0.08)]
                double radius = 0.001
            }
        }

        def Xform "Segment_55"
        {
            quatf xformOp:orient = (0.5333894, -0.84583604, -0.0042059165, 0.006290025)
            float3 xformOp:translate = (-0.0037333143, 0.2707574, 0.14614975)
            uniform token[] xformOpOrder = ["xformOp:translate", "xformOp:orient"]

            def Capsule "Visual" (
                prepend apiSchemas = ["MaterialBindingAPI"]
            )
            {
                uniform token axis = "Z"
                double height = 0.0050241758241758245
                rel material:binding = </Looks/Wire_1>
                color3f[] primvars:displayColor = [(0.95, 0.06, 0.08)]
                double radius = 0.001
            }
        }

        def Xform "Segment_56"
        {
            quatf xformOp:orient = (0.52528894, -0.85089993, -0.0036870479, 0.0052147117)
            float3 xformOp:translate = (-0.003807367, 0.27526397, 0.14393865)
            uniform token[] xformOpOrder = ["xformOp:translate", "xformOp:orient"]

            def Capsule "Visual" (
                prepend apiSchemas = ["MaterialBindingAPI"]
            )
            {
                uniform token axis = "Z"
                double height = 0.0050241758241758245
                rel material:binding = </Looks/Wire_1>
                color3f[] primvars:displayColor = [(0.95, 0.06, 0.08)]
                double radius = 0.001
            }
        }

        def Xform "Segment_57"
        {
            quatf xformOp:orient = (0.51791936, -0.85541636, -0.0028824615, 0.0037560733)
            float3 xformOp:translate = (-0.0038669903, 0.27972987, 0.14164576)
            uniform token[] xformOpOrder = ["xformOp:translate", "xformOp:orient"]

            def Capsule "Visual" (
                prepend apiSchemas = ["MaterialBindingAPI"]
            )
            {
                uniform token axis = "Z"
                double height = 0.0050241758241758245
                rel material:binding = </Looks/Wire_1>
                color3f[] primvars:displayColor = [(0.95, 0.06, 0.08)]
                double radius = 0.001
            }
        }

        def Xform "Segment_58"
        {
            quatf xformOp:orient = (0.51104504, -0.8595492, -0.001912007, 0.0021148925)
            float3 xformOp:translate = (-0.0039027925, 0.2841596, 0.13928539)
            uniform token[] xformOpOrder = ["xformOp:translate", "xformOp:orient"]

            def Capsule "Visual" (
                prepend apiSchemas = ["MaterialBindingAPI"]
            )
            {
                uniform token axis = "Z"
                double height = 0.0050241758241758245
                rel material:binding = </Looks/Wire_1>
                color3f[] primvars:displayColor = [(0.95, 0.06, 0.08)]
                double radius = 0.001
            }
        }

        def Xform "Segment_59"
        {
            quatf xformOp:orient = (0.504304, -0.8635256, -0.0009297203, 0.0005272178)
            float3 xformOp:translate = (-0.003919595, 0.28855142, 0.13685502)
            uniform token[] xformOpOrder = ["xformOp:translate", "xformOp:orient"]

            def Capsule "Visual" (
                prepend apiSchemas = ["MaterialBindingAPI"]
            )
            {
                uniform token axis = "Z"
                double height = 0.0050241758241758245
                rel material:binding = </Looks/Wire_1>
                color3f[] primvars:displayColor = [(0.95, 0.06, 0.08)]
                double radius = 0.001
            }
        }

        def Xform "Segment_60"
        {
            quatf xformOp:orient = (0.4972901, -0.867584, -0.000116379815, -0.0007236266)
            float3 xformOp:translate = (-0.003916895, 0.29290533, 0.13435814)
            uniform token[] xformOpOrder = ["xformOp:translate", "xformOp:orient"]

            def Capsule "Visual" (
                prepend apiSchemas = ["MaterialBindingAPI"]
            )
            {
                uniform token axis = "Z"
                double height = 0.0050241758241758245
                rel material:binding = </Looks/Wire_1>
                color3f[] primvars:displayColor = [(0.95, 0.06, 0.08)]
                double radius = 0.001
            }
        }

        def Xform "Segment_61"
        {
            quatf xformOp:orient = (0.48993284, -0.8717586, 0.00052265264, -0.0016283698)
            float3 xformOp:translate = (-0.0039011552, 0.29721716, 0.13178943)
            uniform token[] xformOpOrder = ["xformOp:translate", "xformOp:orient"]

            def Capsule "Visual" (
                prepend apiSchemas = ["MaterialBindingAPI"]
            )
            {
                uniform token axis = "Z"
                double height = 0.0050241758241758245
                rel material:binding = </Looks/Wire_1>
                color3f[] primvars:displayColor = [(0.95, 0.06, 0.08)]
                double radius = 0.001
            }
        }

        def Xform "Segment_62"
        {
            quatf xformOp:orient = (0.4820132, -0.8761611, 0.0008939315, -0.0020697927)
            float3 xformOp:translate = (-0.00387789, 0.30148304, 0.12914479)
            uniform token[] xformOpOrder = ["xformOp:translate", "xformOp:orient"]

            def Capsule "Visual" (
                prepend apiSchemas = ["MaterialBindingAPI"]
            )
            {
                uniform token axis = "Z"
                double height = 0.0050241758241758245
                rel material:binding = </Looks/Wire_1>
                color3f[] primvars:displayColor = [(0.95, 0.06, 0.08)]
                double radius = 0.001
            }
        }

        def Xform "Segment_63"
        {
            quatf xformOp:orient = (0.4736703, -0.88069886, 0.0010891915, -0.0021820557)
            float3 xformOp:translate = (-0.0038508107, 0.30569896, 0.1264214)
            uniform token[] xformOpOrder = ["xformOp:translate", "xformOp:orient"]

            def Capsule "Visual" (
                prepend apiSchemas = ["MaterialBindingAPI"]
            )
            {
                uniform token axis = "Z"
                double height = 0.0050241758241758245
                rel material:binding = </Looks/Wire_1>
                color3f[] primvars:displayColor = [(0.95, 0.06, 0.08)]
                double radius = 0.001
            }
        }

        def Xform "Segment_64"
        {
            quatf xformOp:orient = (0.464941, -0.88533866, 0.0011169247, -0.0020346742)
            float3 xformOp:translate = (-0.0038256142, 0.3098605, 0.12361426)
            uniform token[] xformOpOrder = ["xformOp:translate", "xformOp:orient"]

            def Capsule "Visual" (
                prepend apiSchemas = ["MaterialBindingAPI"]
            )
            {
                uniform token axis = "Z"
                double height = 0.0050241758241758245
                rel material:binding = </Looks/Wire_1>
                color3f[] primvars:displayColor = [(0.95, 0.06, 0.08)]
                double radius = 0.001
            }
        }

        def Xform "Segment_65"
        {
            quatf xformOp:orient = (0.4559498, -0.89000326, 0.0010601783, -0.0017368963)
            float3 xformOp:translate = (-0.0038024718, 0.31396493, 0.12072433)
            uniform token[] xformOpOrder = ["xformOp:translate", "xformOp:orient"]

            def Capsule "Visual" (
                prepend apiSchemas = ["MaterialBindingAPI"]
            )
            {
                uniform token axis = "Z"
                double height = 0.0050241758241758245
                rel material:binding = </Looks/Wire_1>
                color3f[] primvars:displayColor = [(0.95, 0.06, 0.08)]
                double radius = 0.001
            }
        }

        def Xform "Segment_66"
        {
            quatf xformOp:orient = (0.44681573, -0.8946245, 0.00095982087, -0.0014100298)
            float3 xformOp:translate = (-0.0037840798, 0.31800944, 0.117749296)
            uniform token[] xformOpOrder = ["xformOp:translate", "xformOp:orient"]

            def Capsule "Visual" (
                prepend apiSchemas = ["MaterialBindingAPI"]
            )
            {
                uniform token axis = "Z"
                double height = 0.0050241758241758245
                rel material:binding = </Looks/Wire_1>
                color3f[] primvars:displayColor = [(0.95, 0.06, 0.08)]
                double radius = 0.001
            }
        }

        def Xform "Segment_67"
        {
            quatf xformOp:orient = (0.4375612, -0.8991877, 0.0008481873, -0.0010749612)
            float3 xformOp:translate = (-0.0037691589, 0.32199192, 0.11469171)
            uniform token[] xformOpOrder = ["xformOp:translate", "xformOp:orient"]

            def Capsule "Visual" (
                prepend apiSchemas = ["MaterialBindingAPI"]
            )
            {
                uniform token axis = "Z"
                double height = 0.0050241758241758245
                rel material:binding = </Looks/Wire_1>
                color3f[] primvars:displayColor = [(0.95, 0.06, 0.08)]
                double radius = 0.001
            }
        }

        def Xform "Segment_68"
        {
            quatf xformOp:orient = (0.42826787, -0.90365124, 0.0007471767, -0.00080283626)
            float3 xformOp:translate = (-0.0037577979, 0.32591107, 0.11155169)
            uniform token[] xformOpOrder = ["xformOp:translate", "xformOp:orient"]

            def Capsule "Visual" (
                prepend apiSchemas = ["MaterialBindingAPI"]
            )
            {
                uniform token axis = "Z"
                double height = 0.0050241758241758245
                rel material:binding = </Looks/Wire_1>
                color3f[] primvars:displayColor = [(0.95, 0.06, 0.08)]
                double radius = 0.001
            }
        }

        def Xform "Segment_69"
        {
            quatf xformOp:orient = (0.41889766, -0.90803313, 0.00065856474, -0.0005678006)
            float3 xformOp:translate = (-0.003749179, 0.32976454, 0.108331345)
            uniform token[] xformOpOrder = ["xformOp:translate", "xformOp:orient"]

            def Capsule "Visual" (
                prepend apiSchemas = ["MaterialBindingAPI"]
            )
            {
                uniform token axis = "Z"
                double height = 0.0050241758241758245
                rel material:binding = </Looks/Wire_1>
                color3f[] primvars:displayColor = [(0.95, 0.06, 0.08)]
                double radius = 0.001
            }
        }

        def Xform "Segment_70"
        {
            quatf xformOp:orient = (0.40945575, -0.91232973, 0.000581725, -0.00038446538)
            float3 xformOp:translate = (-0.0037424974, 0.33355138, 0.10503167)
            uniform token[] xformOpOrder = ["xformOp:translate", "xformOp:orient"]

            def Capsule "Visual" (
                prepend apiSchemas = ["MaterialBindingAPI"]
            )
            {
                uniform token axis = "Z"
                double height = 0.0050241758241758245
                rel material:binding = </Looks/Wire_1>
                color3f[] primvars:displayColor = [(0.95, 0.06, 0.08)]
                double radius = 0.001
            }
        }

        def Xform "Segment_71"
        {
            quatf xformOp:orient = (0.39990273, -0.9165575, 0.00051494455, -0.00023120656)
            float3 xformOp:translate = (-0.003737693, 0.33726868, 0.10165385)
            uniform token[] xformOpOrder = ["xformOp:translate", "xformOp:orient"]

            def Capsule "Visual" (
                prepend apiSchemas = ["MaterialBindingAPI"]
            )
            {
                uniform token axis = "Z"
                double height = 0.0050241758241758245
                rel material:binding = </Looks/Wire_1>
                color3f[] primvars:displayColor = [(0.95, 0.06, 0.08)]
                double radius = 0.001
            }
        }

        def Xform "Segment_72"
        {
            quatf xformOp:orient = (0.39022905, -0.9207178, 0.00045111027, -0.000102087644)
            float3 xformOp:translate = (-0.0037341644, 0.34091496, 0.09819876)
            uniform token[] xformOpOrder = ["xformOp:translate", "xformOp:orient"]

            def Capsule "Visual" (
                prepend apiSchemas = ["MaterialBindingAPI"]
            )
            {
                uniform token axis = "Z"
                double height = 0.0050241758241758245
                rel material:binding = </Looks/Wire_1>
                color3f[] primvars:displayColor = [(0.95, 0.06, 0.08)]
                double radius = 0.001
            }
        }

        def Xform "Segment_73"
        {
            quatf xformOp:orient = (0.38041887, -0.9248143, 0.00039288145, 0.0000076255756)
            float3 xformOp:translate = (-0.0037320205, 0.34448728, 0.094667286)
            uniform token[] xformOpOrder = ["xformOp:translate", "xformOp:orient"]

            def Capsule "Visual" (
                prepend apiSchemas = ["MaterialBindingAPI"]
            )
            {
                uniform token axis = "Z"
                double height = 0.0050241758241758245
                rel material:binding = </Looks/Wire_1>
                color3f[] primvars:displayColor = [(0.95, 0.06, 0.08)]
                double radius = 0.001
            }
        }

        def Xform "Segment_74"
        {
            quatf xformOp:orient = (0.3704693, -0.9288447, 0.0003364564, 0.000101174)
            float3 xformOp:translate = (-0.0037310224, 0.34798357, 0.091060184)
            uniform token[] xformOpOrder = ["xformOp:translate", "xformOp:orient"]

            def Capsule "Visual" (
                prepend apiSchemas = ["MaterialBindingAPI"]
            )
            {
                uniform token axis = "Z"
                double height = 0.0050241758241758245
                rel material:binding = </Looks/Wire_1>
                color3f[] primvars:displayColor = [(0.95, 0.06, 0.08)]
                double radius = 0.001
            }
        }

        def Xform "Segment_75"
        {
            quatf xformOp:orient = (0.36038026, -0.9328054, 0.00028523413, 0.00017662825)
            float3 xformOp:translate = (-0.0037310515, 0.35140124, 0.08737851)
            uniform token[] xformOpOrder = ["xformOp:translate", "xformOp:orient"]

            def Capsule "Visual" (
                prepend apiSchemas = ["MaterialBindingAPI"]
            )
            {
                uniform token axis = "Z"
                double height = 0.0050241758241758245
                rel material:binding = </Looks/Wire_1>
                color3f[] primvars:displayColor = [(0.95, 0.06, 0.08)]
                double radius = 0.001
            }
        }

        def Xform "Segment_76"
        {
            quatf xformOp:orient = (0.35016438, -0.9366883, 0.00023916383, 0.00023244797)
            float3 xformOp:translate = (-0.003731997, 0.3547379, 0.083623216)
            uniform token[] xformOpOrder = ["xformOp:translate", "xformOp:orient"]

            def Capsule "Visual" (
                prepend apiSchemas = ["MaterialBindingAPI"]
            )
            {
                uniform token axis = "Z"
                double height = 0.0050241758241758245
                rel material:binding = </Looks/Wire_1>
                color3f[] primvars:displayColor = [(0.95, 0.06, 0.08)]
                double radius = 0.001
            }
        }

        def Xform "Segment_77"
        {
            quatf xformOp:orient = (0.3398273, -0.94048786, 0.00019910173, 0.00026893895)
            float3 xformOp:translate = (-0.0037335623, 0.35799134, 0.079795614)
            uniform token[] xformOpOrder = ["xformOp:translate", "xformOp:orient"]

            def Capsule "Visual" (
                prepend apiSchemas = ["MaterialBindingAPI"]
            )
            {
                uniform token axis = "Z"
                double height = 0.0050241758241758245
                rel material:binding = </Looks/Wire_1>
                color3f[] primvars:displayColor = [(0.95, 0.06, 0.08)]
                double radius = 0.001
            }
        }

        def Xform "Segment_78"
        {
            quatf xformOp:orient = (0.32938337, -0.9441963, 0.0001660901, 0.00028514463)
            float3 xformOp:translate = (-0.0037356035, 0.36115932, 0.07589707)
            uniform token[] xformOpOrder = ["xformOp:translate", "xformOp:orient"]

            def Capsule "Visual" (
                prepend apiSchemas = ["MaterialBindingAPI"]
            )
            {
                uniform token axis = "Z"
                double height = 0.0050241758241758245
                rel material:binding = </Looks/Wire_1>
                color3f[] primvars:displayColor = [(0.95, 0.06, 0.08)]
                double radius = 0.001
            }
        }

        def Xform "Segment_79"
        {
            quatf xformOp:orient = (0.31884444, -0.947807, 0.00013861031, 0.000284466)
            float3 xformOp:translate = (-0.0037378464, 0.36423984, 0.07192909)
            uniform token[] xformOpOrder = ["xformOp:translate", "xformOp:orient"]

            def Capsule "Visual" (
                prepend apiSchemas = ["MaterialBindingAPI"]
            )
            {
                uniform token axis = "Z"
                double height = 0.0050241758241758245
                rel material:binding = </Looks/Wire_1>
                color3f[] primvars:displayColor = [(0.95, 0.06, 0.08)]
                double radius = 0.001
            }
        }

        def Xform "Segment_80"
        {
            quatf xformOp:orient = (0.30822703, -0.95131284, 0.000117256, 0.00026915772)
            float3 xformOp:translate = (-0.0037401237, 0.36723098, 0.06789342)
            uniform token[] xformOpOrder = ["xformOp:translate", "xformOp:orient"]

            def Capsule "Visual" (
                prepend apiSchemas = ["MaterialBindingAPI"]
            )
            {
                uniform token axis = "Z"
                double height = 0.0050241758241758245
                rel material:binding = </Looks/Wire_1>
                color3f[] primvars:displayColor = [(0.95, 0.06, 0.08)]
                double radius = 0.001
            }
        }

        def Xform "Segment_81"
        {
            quatf xformOp:orient = (0.29753995, -0.95470935, 0.000099641664, 0.00024322019)
            float3 xformOp:translate = (-0.003742286, 0.370131, 0.06379178)
            uniform token[] xformOpOrder = ["xformOp:translate", "xformOp:orient"]

            def Capsule "Visual" (
                prepend apiSchemas = ["MaterialBindingAPI"]
            )
            {
                uniform token axis = "Z"
                double height = 0.0050241758241758245
                rel material:binding = </Looks/Wire_1>
                color3f[] primvars:displayColor = [(0.95, 0.06, 0.08)]
                double radius = 0.001
            }
        }

        def Xform "Segment_82"
        {
            quatf xformOp:orient = (0.28681448, -0.9579862, 0.00008589273, 0.00021082308)
            float3 xformOp:translate = (-0.003744212, 0.3729382, 0.059626255)
            uniform token[] xformOpOrder = ["xformOp:translate", "xformOp:orient"]

            def Capsule "Visual" (
                prepend apiSchemas = ["MaterialBindingAPI"]
            )
            {
                uniform token axis = "Z"
                double height = 0.0050241758241758245
                rel material:binding = </Looks/Wire_1>
                color3f[] primvars:displayColor = [(0.95, 0.06, 0.08)]
                double radius = 0.001
            }
        }

        def Xform "Segment_83"
        {
            quatf xformOp:orient = (0.27607727, -0.9611355, 0.00007386711, 0.00017477316)
            float3 xformOp:translate = (-0.003745862, 0.3756514, 0.055398878)
            uniform token[] xformOpOrder = ["xformOp:translate", "xformOp:orient"]

            def Capsule "Visual" (
                prepend apiSchemas = ["MaterialBindingAPI"]
            )
            {
                uniform token axis = "Z"
                double height = 0.0050241758241758245
                rel material:binding = </Looks/Wire_1>
                color3f[] primvars:displayColor = [(0.95, 0.06, 0.08)]
                double radius = 0.001
            }
        }

        def Xform "Segment_84"
        {
            quatf xformOp:orient = (0.26536068, -0.96414924, 0.00006356149, 0.00013911727)
            float3 xformOp:translate = (-0.0037471948, 0.3782695, 0.05111209)
            uniform token[] xformOpOrder = ["xformOp:translate", "xformOp:orient"]

            def Capsule "Visual" (
                prepend apiSchemas = ["MaterialBindingAPI"]
            )
            {
                uniform token axis = "Z"
                double height = 0.0050241758241758245
                rel material:binding = </Looks/Wire_1>
                color3f[] primvars:displayColor = [(0.95, 0.06, 0.08)]
                double radius = 0.001
            }
        }

        def Xform "Segment_85"
        {
            quatf xformOp:orient = (0.25471905, -0.9670151, 0.00005355739, 0.000104823375)
            float3 xformOp:translate = (-0.003748227, 0.380792, 0.04676834)
            uniform token[] xformOpOrder = ["xformOp:translate", "xformOp:orient"]

            def Capsule "Visual" (
                prepend apiSchemas = ["MaterialBindingAPI"]
            )
            {
                uniform token axis = "Z"
                double height = 0.0050241758241758245
                rel material:binding = </Looks/Wire_1>
                color3f[] primvars:displayColor = [(0.95, 0.06, 0.08)]
                double radius = 0.001
            }
        }

        def Xform "Segment_86"
        {
            quatf xformOp:orient = (0.24419709, -0.96972567, 0.00004391892, 0.00007459719)
            float3 xformOp:translate = (-0.0037489783, 0.38321877, 0.042370487)
            uniform token[] xformOpOrder = ["xformOp:translate", "xformOp:orient"]

            def Capsule "Visual" (
                prepend apiSchemas = ["MaterialBindingAPI"]
            )
            {
                uniform token axis = "Z"
                double height = 0.0050241758241758245
                rel material:binding = </Looks/Wire_1>
                color3f[] primvars:displayColor = [(0.95, 0.06, 0.08)]
                double radius = 0.001
            }
        }

        def Xform "Segment_87"
        {
            quatf xformOp:orient = (0.23387626, -0.9722664, 0.00003380827, 0.000048381273)
            float3 xformOp:translate = (-0.0037494854, 0.38555044, 0.037921466)
            uniform token[] xformOpOrder = ["xformOp:translate", "xformOp:orient"]

            def Capsule "Visual" (
                prepend apiSchemas = ["MaterialBindingAPI"]
            )
            {
                uniform token axis = "Z"
                double height = 0.0050241758241758245
                rel material:binding = </Looks/Wire_1>
                color3f[] primvars:displayColor = [(0.95, 0.06, 0.08)]
                double radius = 0.001
            }
        }

        def Xform "Segment_88"
        {
            quatf xformOp:orient = (0.22381635, -0.9746314, 0.000023337177, 0.000027375469)
            float3 xformOp:translate = (-0.003749795, 0.38778833, 0.033424564)
            uniform token[] xformOpOrder = ["xformOp:translate", "xformOp:orient"]

            def Capsule "Visual" (
                prepend apiSchemas = ["MaterialBindingAPI"]
            )
            {
                uniform token axis = "Z"
                double height = 0.0050241758241758245
                rel material:binding = </Looks/Wire_1>
                color3f[] primvars:displayColor = [(0.95, 0.06, 0.08)]
                double radius = 0.001
            }
        }

        def Xform "Segment_89"
        {
            quatf xformOp:orient = (0.21412411, -0.97680646, 0.00001205034, 0.000011229625)
            float3 xformOp:translate = (-0.0037499503, 0.38993463, 0.028883198)
            uniform token[] xformOpOrder = ["xformOp:translate", "xformOp:orient"]

            def Capsule "Visual" (
                prepend apiSchemas = ["MaterialBindingAPI"]
            )
            {
                uniform token axis = "Z"
                double height = 0.0050241758241758245
                rel material:binding = </Looks/Wire_1>
                color3f[] primvars:displayColor = [(0.95, 0.06, 0.08)]
                double radius = 0.001
            }
        }

        def Xform "Segment_90"
        {
            quatf xformOp:orient = (0.20489152, -0.9787848, 4.171484e-11, 1.2573379e-9)
            float3 xformOp:translate = (-0.0037499992, 0.3919925, 0.02430109)
            uniform token[] xformOpOrder = ["xformOp:translate", "xformOp:orient"]

            def Capsule "Visual" (
                prepend apiSchemas = ["MaterialBindingAPI"]
            )
            {
                uniform token axis = "Z"
                double height = 0.0050241758241758245
                rel material:binding = </Looks/Wire_1>
                color3f[] primvars:displayColor = [(0.95, 0.06, 0.08)]
                double radius = 0.001
            }
        }
    }

    def "Cable_2"
    {
        def Xform "Segment_00"
        {
            quatf xformOp:orient = (0.9158009, -0.40163276, -0.0000040094096, -0.0000024218843)
            float3 xformOp:translate = (-0.0012531767, 0.013348236, 0.102334775)
            uniform token[] xformOpOrder = ["xformOp:translate", "xformOp:orient"]

            def Capsule "Visual" (
                prepend apiSchemas = ["MaterialBindingAPI"]
            )
            {
                uniform token axis = "Z"
                double height = 0.0050241758241758245
                rel material:binding = </Looks/Wire_2>
                color3f[] primvars:displayColor = [(0.78, 0.035, 0.06)]
                double radius = 0.001
            }
        }

        def Xform "Segment_01"
        {
            quatf xformOp:orient = (0.9108566, -0.412723, -0.0000041736002, -0.000016541206)
            float3 xformOp:translate = (-0.0012531226, 0.017084802, 0.10569243)
            uniform token[] xformOpOrder = ["xformOp:translate", "xformOp:orient"]

            def Capsule "Visual" (
                prepend apiSchemas = ["MaterialBindingAPI"]
            )
            {
                uniform token axis = "Z"
                double height = 0.0050241758241758245
                rel material:binding = </Looks/Wire_2>
                color3f[] primvars:displayColor = [(0.78, 0.035, 0.06)]
                double radius = 0.001
            }
        }

        def Xform "Segment_02"
        {
            quatf xformOp:orient = (0.9059449, -0.42339587, 0.0000052404525, -0.00003461969)
            float3 xformOp:translate = (-0.0012529505, 0.020900534, 0.10895991)
            uniform token[] xformOpOrder = ["xformOp:translate", "xformOp:orient"]

            def Capsule "Visual" (
                prepend apiSchemas = ["MaterialBindingAPI"]
            )
            {
                uniform token axis = "Z"
                double height = 0.0050241758241758245
                rel material:binding = </Looks/Wire_2>
                color3f[] primvars:displayColor = [(0.78, 0.035, 0.06)]
                double radius = 0.001
            }
        }

        def Xform "Segment_03"
        {
            quatf xformOp:orient = (0.90106803, -0.43367797, 0.000024376286, -0.000056553075)
            float3 xformOp:translate = (-0.00125256, 0.024790835, 0.11213829)
            uniform token[] xformOpOrder = ["xformOp:translate", "xformOp:orient"]

            def Capsule "Visual" (
                prepend apiSchemas = ["MaterialBindingAPI"]
            )
            {
                uniform token axis = "Z"
                double height = 0.0050241758241758245
                rel material:binding = </Looks/Wire_2>
                color3f[] primvars:displayColor = [(0.78, 0.035, 0.06)]
                double radius = 0.001
            }
        }

        def Xform "Segment_04"
        {
            quatf xformOp:orient = (0.8962193, -0.44361138, 0.000052779902, -0.00008269621)
            float3 xformOp:translate = (-0.0012518712, 0.028751476, 0.115228616)
            uniform token[] xformOpOrder = ["xformOp:translate", "xformOp:orient"]

            def Capsule "Visual" (
                prepend apiSchemas = ["MaterialBindingAPI"]
            )
            {
                uniform token axis = "Z"
                double height = 0.0050241758241758245
                rel material:binding = </Looks/Wire_2>
                color3f[] primvars:displayColor = [(0.78, 0.035, 0.06)]
                double radius = 0.001
            }
        }

        def Xform "Segment_05"
        {
            quatf xformOp:orient = (0.8913994, -0.45321873, 0.00009131031, -0.00011283084)
            float3 xformOp:translate = (-0.0012507499, 0.032778565, 0.11823187)
            uniform token[] xformOpOrder = ["xformOp:translate", "xformOp:orient"]

            def Capsule "Visual" (
                prepend apiSchemas = ["MaterialBindingAPI"]
            )
            {
                uniform token axis = "Z"
                double height = 0.0050241758241758245
                rel material:binding = </Looks/Wire_2>
                color3f[] primvars:displayColor = [(0.78, 0.035, 0.06)]
                double radius = 0.001
            }
        }

        def Xform "Segment_06"
        {
            quatf xformOp:orient = (0.8865993, -0.46253827, 0.0001403617, -0.0001485559)
            float3 xformOp:translate = (-0.0012491678, 0.036868557, 0.12114891)
            uniform token[] xformOpOrder = ["xformOp:translate", "xformOp:orient"]

            def Capsule "Visual" (
                prepend apiSchemas = ["MaterialBindingAPI"]
            )
            {
                uniform token axis = "Z"
                double height = 0.0050241758241758245
                rel material:binding = </Looks/Wire_2>
                color3f[] primvars:displayColor = [(0.78, 0.035, 0.06)]
                double radius = 0.001
            }
        }

        def Xform "Segment_07"
        {
            quatf xformOp:orient = (0.881817, -0.47159177, 0.00020110933, -0.00018892356)
            float3 xformOp:translate = (-0.001246913, 0.04101813, 0.123980574)
            uniform token[] xformOpOrder = ["xformOp:translate", "xformOp:orient"]

            def Capsule "Visual" (
                prepend apiSchemas = ["MaterialBindingAPI"]
            )
            {
                uniform token axis = "Z"
                double height = 0.0050241758241758245
                rel material:binding = </Looks/Wire_2>
                color3f[] primvars:displayColor = [(0.78, 0.035, 0.06)]
                double radius = 0.001
            }
        }

        def Xform "Segment_08"
        {
            quatf xformOp:orient = (0.87704533, -0.48040769, 0.00027591977, -0.00023778333)
            float3 xformOp:translate = (-0.0012439272, 0.045224264, 0.12672754)
            uniform token[] xformOpOrder = ["xformOp:translate", "xformOp:orient"]

            def Capsule "Visual" (
                prepend apiSchemas = ["MaterialBindingAPI"]
            )
            {
                uniform token axis = "Z"
                double height = 0.0050241758241758245
                rel material:binding = </Looks/Wire_2>
                color3f[] primvars:displayColor = [(0.78, 0.035, 0.06)]
                double radius = 0.001
            }
        }

        def Xform "Segment_09"
        {
            quatf xformOp:orient = (0.87227994, -0.4890067, 0.00036179894, -0.00029069942)
            float3 xformOp:translate = (-0.0012399808, 0.049484126, 0.12939043)
            uniform token[] xformOpOrder = ["xformOp:translate", "xformOp:orient"]

            def Capsule "Visual" (
                prepend apiSchemas = ["MaterialBindingAPI"]
            )
            {
                uniform token axis = "Z"
                double height = 0.0050241758241758245
                rel material:binding = </Looks/Wire_2>
                color3f[] primvars:displayColor = [(0.78, 0.035, 0.06)]
                double radius = 0.001
            }
        }

        def Xform "Segment_10"
        {
            quatf xformOp:orient = (0.86751276, -0.4974146, 0.00045925728, -0.00035200728)
            float3 xformOp:translate = (-0.0012348492, 0.053795025, 0.13196987)
            uniform token[] xformOpOrder = ["xformOp:translate", "xformOp:orient"]

            def Capsule "Visual" (
                prepend apiSchemas = ["MaterialBindingAPI"]
            )
            {
                uniform token axis = "Z"
                double height = 0.0050241758241758245
                rel material:binding = </Looks/Wire_2>
                color3f[] primvars:displayColor = [(0.78, 0.035, 0.06)]
                double radius = 0.001
            }
        }

        def Xform "Segment_11"
        {
            quatf xformOp:orient = (0.862732, -0.5056611, 0.0005558675, -0.00041058785)
            float3 xformOp:translate = (-0.0012285657, 0.058154654, 0.13446608)
            uniform token[] xformOpOrder = ["xformOp:translate", "xformOp:orient"]

            def Capsule "Visual" (
                prepend apiSchemas = ["MaterialBindingAPI"]
            )
            {
                uniform token axis = "Z"
                double height = 0.0050241758241758245
                rel material:binding = </Looks/Wire_2>
                color3f[] primvars:displayColor = [(0.78, 0.035, 0.06)]
                double radius = 0.001
            }
        }

        def Xform "Segment_12"
        {
            quatf xformOp:orient = (0.8579272, -0.51377064, 0.00064011867, -0.00046579188)
            float3 xformOp:translate = (-0.0012208137, 0.062560596, 0.13687955)
            uniform token[] xformOpOrder = ["xformOp:translate", "xformOp:orient"]

            def Capsule "Visual" (
                prepend apiSchemas = ["MaterialBindingAPI"]
            )
            {
                uniform token axis = "Z"
                double height = 0.0050241758241758245
                rel material:binding = </Looks/Wire_2>
                color3f[] primvars:displayColor = [(0.78, 0.035, 0.06)]
                double radius = 0.001
            }
        }

        def Xform "Segment_13"
        {
            quatf xformOp:orient = (0.8530788, -0.52178156, 0.00069540617, -0.00050240644)
            float3 xformOp:translate = (-0.0012122164, 0.06701111, 0.1392098)
            uniform token[] xformOpOrder = ["xformOp:translate", "xformOp:orient"]

            def Capsule "Visual" (
                prepend apiSchemas = ["MaterialBindingAPI"]
            )
            {
                uniform token axis = "Z"
                double height = 0.0050241758241758245
                rel material:binding = </Looks/Wire_2>
                color3f[] primvars:displayColor = [(0.78, 0.035, 0.06)]
                double radius = 0.001
            }
        }

        def Xform "Segment_14"
        {
            quatf xformOp:orient = (0.84816307, -0.5297346, 0.0006923068, -0.0005117797)
            float3 xformOp:translate = (-0.0012029033, 0.071504235, 0.1414567)
            uniform token[] xformOpOrder = ["xformOp:translate", "xformOp:orient"]

            def Capsule "Visual" (
                prepend apiSchemas = ["MaterialBindingAPI"]
            )
            {
                uniform token axis = "Z"
                double height = 0.0050241758241758245
                rel material:binding = </Looks/Wire_2>
                color3f[] primvars:displayColor = [(0.78, 0.035, 0.06)]
                double radius = 0.001
            }
        }

        def Xform "Segment_15"
        {
            quatf xformOp:orient = (0.8431687, -0.5376487, 0.0006330269, -0.0004875573)
            float3 xformOp:translate = (-0.0011938864, 0.076038584, 0.14361914)
            uniform token[] xformOpOrder = ["xformOp:translate", "xformOp:orient"]

            def Capsule "Visual" (
                prepend apiSchemas = ["MaterialBindingAPI"]
            )
            {
                uniform token axis = "Z"
                double height = 0.0050241758241758245
                rel material:binding = </Looks/Wire_2>
                color3f[] primvars:displayColor = [(0.78, 0.035, 0.06)]
                double radius = 0.001
            }
        }

        def Xform "Segment_16"
        {
            quatf xformOp:orient = (0.8380741, -0.545556, 0.00048632864, -0.0004234653)
            float3 xformOp:translate = (-0.0011864329, 0.08061288, 0.1456957)
            uniform token[] xformOpOrder = ["xformOp:translate", "xformOp:orient"]

            def Capsule "Visual" (
                prepend apiSchemas = ["MaterialBindingAPI"]
            )
            {
                uniform token axis = "Z"
                double height = 0.0050241758241758245
                rel material:binding = </Looks/Wire_2>
                color3f[] primvars:displayColor = [(0.78, 0.035, 0.06)]
                double radius = 0.001
            }
        }

        def Xform "Segment_17"
        {
            quatf xformOp:orient = (0.8328875, -0.5534422, 0.00029720546, -0.00033633367)
            float3 xformOp:translate = (-0.0011807958, 0.0852255, 0.1476857)
            uniform token[] xformOpOrder = ["xformOp:translate", "xformOp:orient"]

            def Capsule "Visual" (
                prepend apiSchemas = ["MaterialBindingAPI"]
            )
            {
                uniform token axis = "Z"
                double height = 0.0050241758241758245
                rel material:binding = </Looks/Wire_2>
                color3f[] primvars:displayColor = [(0.78, 0.035, 0.06)]
                double radius = 0.001
            }
        }

        def Xform "Segment_18"
        {
            quatf xformOp:orient = (0.82760316, -0.5613137, 0.00007032029, -0.00024583624)
            float3 xformOp:translate = (-0.0011791931, 0.089875735, 0.14958648)
            uniform token[] xformOpOrder = ["xformOp:translate", "xformOp:orient"]

            def Capsule "Visual" (
                prepend apiSchemas = ["MaterialBindingAPI"]
            )
            {
                uniform token axis = "Z"
                double height = 0.0050241758241758245
                rel material:binding = </Looks/Wire_2>
                color3f[] primvars:displayColor = [(0.78, 0.035, 0.06)]
                double radius = 0.001
            }
        }

        def Xform "Segment_19"
        {
            quatf xformOp:orient = (0.82224435, -0.5691346, -0.00011906657, -0.00018508726)
            float3 xformOp:translate = (-0.0011797351, 0.0945612, 0.15139873)
            uniform token[] xformOpOrder = ["xformOp:translate", "xformOp:orient"]

            def Capsule "Visual" (
                prepend apiSchemas = ["MaterialBindingAPI"]
            )
            {
                uniform token axis = "Z"
                double height = 0.0050241758241758245
                rel material:binding = </Looks/Wire_2>
                color3f[] primvars:displayColor = [(0.78, 0.035, 0.06)]
                double radius = 0.001
            }
        }

        def Xform "Segment_20"
        {
            quatf xformOp:orient = (0.81684446, -0.5768581, -0.00020833677, -0.00021130426)
            float3 xformOp:translate = (-0.0011837606, 0.09928122, 0.15312012)
            uniform token[] xformOpOrder = ["xformOp:translate", "xformOp:orient"]

            def Capsule "Visual" (
                prepend apiSchemas = ["MaterialBindingAPI"]
            )
            {
                uniform token axis = "Z"
                double height = 0.0050241758241758245
                rel material:binding = </Looks/Wire_2>
                color3f[] primvars:displayColor = [(0.78, 0.035, 0.06)]
                double radius = 0.001
            }
        }

        def Xform "Segment_21"
        {
            quatf xformOp:orient = (0.81138664, -0.5845097, -0.00015617211, -0.0003342864)
            float3 xformOp:translate = (-0.0011874948, 0.10403289, 0.15475236)
            uniform token[] xformOpOrder = ["xformOp:translate", "xformOp:orient"]

            def Capsule "Visual" (
                prepend apiSchemas = ["MaterialBindingAPI"]
            )
            {
                uniform token axis = "Z"
                double height = 0.0050241758241758245
                rel material:binding = </Looks/Wire_2>
                color3f[] primvars:displayColor = [(0.78, 0.035, 0.06)]
                double radius = 0.001
            }
        }

        def Xform "Segment_22"
        {
            quatf xformOp:orient = (0.8059007, -0.59205043, 0.00012088367, -0.0006171185)
            float3 xformOp:translate = (-0.0011889351, 0.108815014, 0.15629533)
            uniform token[] xformOpOrder = ["xformOp:translate", "xformOp:orient"]

            def Capsule "Visual" (
                prepend apiSchemas = ["MaterialBindingAPI"]
            )
            {
                uniform token axis = "Z"
                double height = 0.0050241758241758245
                rel material:binding = </Looks/Wire_2>
                color3f[] primvars:displayColor = [(0.78, 0.035, 0.06)]
                double radius = 0.001
            }
        }

        def Xform "Segment_23"
        {
            quatf xformOp:orient = (0.8002944, -0.5996062, 0.0005647989, -0.0010052389)
            float3 xformOp:translate = (-0.0011854437, 0.113625266, 0.15774846)
            uniform token[] xformOpOrder = ["xformOp:translate", "xformOp:orient"]

            def Capsule "Visual" (
                prepend apiSchemas = ["MaterialBindingAPI"]
            )
            {
                uniform token axis = "Z"
                double height = 0.0050241758241758245
                rel material:binding = </Looks/Wire_2>
                color3f[] primvars:displayColor = [(0.78, 0.035, 0.06)]
                double radius = 0.001
            }
        }

        def Xform "Segment_24"
        {
            quatf xformOp:orient = (0.79452264, -0.6072315, 0.0011948216, -0.001501929)
            float3 xformOp:translate = (-0.0011712739, 0.118462004, 0.15911385)
            uniform token[] xformOpOrder = ["xformOp:translate", "xformOp:orient"]

            def Capsule "Visual" (
                prepend apiSchemas = ["MaterialBindingAPI"]
            )
            {
                uniform token axis = "Z"
                double height = 0.0050241758241758245
                rel material:binding = </Looks/Wire_2>
                color3f[] primvars:displayColor = [(0.78, 0.035, 0.06)]
                double radius = 0.001
            }
        }

        def Xform "Segment_25"
        {
            quatf xformOp:orient = (0.7884565, -0.61508447, 0.0018692578, -0.002003636)
            float3 xformOp:translate = (-0.0011488023, 0.12332438, 0.16038476)
            uniform token[] xformOpOrder = ["xformOp:translate", "xformOp:orient"]

            def Capsule "Visual" (
                prepend apiSchemas = ["MaterialBindingAPI"]
            )
            {
                uniform token axis = "Z"
                double height = 0.0050241758241758245
                rel material:binding = </Looks/Wire_2>
                color3f[] primvars:displayColor = [(0.78, 0.035, 0.06)]
                double radius = 0.001
            }
        }

        def Xform "Segment_26"
        {
            quatf xformOp:orient = (0.78194517, -0.62333757, 0.002489657, -0.0024185285)
            float3 xformOp:translate = (-0.0011119456, 0.12821086, 0.16156244)
            uniform token[] xformOpOrder = ["xformOp:translate", "xformOp:orient"]

            def Capsule "Visual" (
                prepend apiSchemas = ["MaterialBindingAPI"]
            )
            {
                uniform token axis = "Z"
                double height = 0.0050241758241758245
                rel material:binding = </Looks/Wire_2>
                color3f[] primvars:displayColor = [(0.78, 0.035, 0.06)]
                double radius = 0.001
            }
        }

        def Xform "Segment_27"
        {
            quatf xformOp:orient = (0.77493036, -0.63203406, 0.002945967, -0.0026800015)
            float3 xformOp:translate = (-0.0010686225, 0.1331215, 0.16263399)
            uniform token[] xformOpOrder = ["xformOp:translate", "xformOp:orient"]

            def Capsule "Visual" (
                prepend apiSchemas = ["MaterialBindingAPI"]
            )
            {
                uniform token axis = "Z"
                double height = 0.0050241758241758245
                rel material:binding = </Looks/Wire_2>
                color3f[] primvars:displayColor = [(0.78, 0.035, 0.06)]
                double radius = 0.001
            }
        }

        def Xform "Segment_28"
        {
            quatf xformOp:orient = (0.76722443, -0.64136577, 0.0030783091, -0.002655886)
            float3 xformOp:translate = (-0.0010176486, 0.13805544, 0.16359556)
            uniform token[] xformOpOrder = ["xformOp:translate", "xformOp:orient"]

            def Capsule "Visual" (
                prepend apiSchemas = ["MaterialBindingAPI"]
            )
            {
                uniform token axis = "Z"
                double height = 0.0050241758241758245
                rel material:binding = </Looks/Wire_2>
                color3f[] primvars:displayColor = [(0.78, 0.035, 0.06)]
                double radius = 0.001
            }
        }

        def Xform "Segment_29"
        {
            quatf xformOp:orient = (0.75894624, -0.65114224, 0.0029294337, -0.0024013212)
            float3 xformOp:translate = (-0.00096742593, 0.14301145, 0.16443413)
            uniform token[] xformOpOrder = ["xformOp:translate", "xformOp:orient"]

            def Capsule "Visual" (
                prepend apiSchemas = ["MaterialBindingAPI"]
            )
            {
                uniform token axis = "Z"
                double height = 0.0050241758241758245
                rel material:binding = </Looks/Wire_2>
                color3f[] primvars:displayColor = [(0.78, 0.035, 0.06)]
                double radius = 0.001
            }
        }

        def Xform "Segment_30"
        {
            quatf xformOp:orient = (0.75006974, -0.6613516, 0.0024203355, -0.0018651086)
            float3 xformOp:translate = (-0.00092432747, 0.14798895, 0.16513987)
            uniform token[] xformOpOrder = ["xformOp:translate", "xformOp:orient"]

            def Capsule "Visual" (
                prepend apiSchemas = ["MaterialBindingAPI"]
            )
            {
                uniform token axis = "Z"
                double height = 0.0050241758241758245
                rel material:binding = </Looks/Wire_2>
                color3f[] primvars:displayColor = [(0.78, 0.035, 0.06)]
                double radius = 0.001
            }
        }

        def Xform "Segment_31"
        {
            quatf xformOp:orient = (0.7409376, -0.67157066, 0.00174373, -0.00121178)
            float3 xformOp:translate = (-0.0008898587, 0.15298365, 0.16570969)
            uniform token[] xformOpOrder = ["xformOp:translate", "xformOp:orient"]

            def Capsule "Visual" (
                prepend apiSchemas = ["MaterialBindingAPI"]
            )
            {
                uniform token axis = "Z"
                double height = 0.0050241758241758245
                rel material:binding = </Looks/Wire_2>
                color3f[] primvars:displayColor = [(0.78, 0.035, 0.06)]
                double radius = 0.001
            }
        }

        def Xform "Segment_32"
        {
            quatf xformOp:orient = (0.731739, -0.68158406, 0.0009942804, -0.00054687663)
            float3 xformOp:translate = (-0.0008733954, 0.15799446, 0.16613458)
            uniform token[] xformOpOrder = ["xformOp:translate", "xformOp:orient"]

            def Capsule "Visual" (
                prepend apiSchemas = ["MaterialBindingAPI"]
            )
            {
                uniform token axis = "Z"
                double height = 0.0050241758241758245
                rel material:binding = </Looks/Wire_2>
                color3f[] primvars:displayColor = [(0.78, 0.035, 0.06)]
                double radius = 0.001
            }
        }

        def Xform "Segment_33"
        {
            quatf xformOp:orient = (0.72275734, -0.69110185, 0.00033826302, 0.0000017496728)
            float3 xformOp:translate = (-0.00086642755, 0.16301489, 0.16642563)
            uniform token[] xformOpOrder = ["xformOp:translate", "xformOp:orient"]

            def Capsule "Visual" (
                prepend apiSchemas = ["MaterialBindingAPI"]
            )
            {
                uniform token axis = "Z"
                double height = 0.0050241758241758245
                rel material:binding = </Looks/Wire_2>
                color3f[] primvars:displayColor = [(0.78, 0.035, 0.06)]
                double radius = 0.001
            }
        }

        def Xform "Segment_34"
        {
            quatf xformOp:orient = (0.7142848, -0.69985515, -0.000056891393, 0.00026696976)
            float3 xformOp:translate = (-0.0008755246, 0.16804416, 0.1665799)
            uniform token[] xformOpOrder = ["xformOp:translate", "xformOp:orient"]

            def Capsule "Visual" (
                prepend apiSchemas = ["MaterialBindingAPI"]
            )
            {
                uniform token axis = "Z"
                double height = 0.0050241758241758245
                rel material:binding = </Looks/Wire_2>
                color3f[] primvars:displayColor = [(0.78, 0.035, 0.06)]
                double radius = 0.001
            }
        }

        def Xform "Segment_35"
        {
            quatf xformOp:orient = (0.706326, -0.7078867, -0.00022240421, 0.00029783513)
            float3 xformOp:translate = (-0.0008878702, 0.17307599, 0.16661601)
            uniform token[] xformOpOrder = ["xformOp:translate", "xformOp:orient"]

            def Capsule "Visual" (
                prepend apiSchemas = ["MaterialBindingAPI"]
            )
            {
                uniform token axis = "Z"
                double height = 0.0050241758241758245
                rel material:binding = </Looks/Wire_2>
                color3f[] primvars:displayColor = [(0.78, 0.035, 0.06)]
                double radius = 0.001
            }
        }

        def Xform "Segment_36"
        {
            quatf xformOp:orient = (0.6990305, -0.7150919, -0.00009011871, 0.000040334733)
            float3 xformOp:translate = (-0.0009039691, 0.17811061, 0.16653846)
            uniform token[] xformOpOrder = ["xformOp:translate", "xformOp:orient"]

            def Capsule "Visual" (
                prepend apiSchemas = ["MaterialBindingAPI"]
            )
            {
                uniform token axis = "Z"
                double height = 0.0050241758241758245
                rel material:binding = </Looks/Wire_2>
                color3f[] primvars:displayColor = [(0.78, 0.035, 0.06)]
                double radius = 0.001
            }
        }

        def Xform "Segment_37"
        {
            quatf xformOp:orient = (0.69212335, -0.7217792, 0.00014251722, -0.00031150205)
            float3 xformOp:translate = (-0.0009164071, 0.18314303, 0.1663613)
            uniform token[] xformOpOrder = ["xformOp:translate", "xformOp:orient"]

            def Capsule "Visual" (
                prepend apiSchemas = ["MaterialBindingAPI"]
            )
            {
                uniform token axis = "Z"
                double height = 0.0050241758241758245
                rel material:binding = </Looks/Wire_2>
                color3f[] primvars:displayColor = [(0.78, 0.035, 0.06)]
                double radius = 0.001
            }
        }

        def Xform "Segment_38"
        {
            quatf xformOp:orient = (0.6854943, -0.72807765, 0.00043838384, -0.00068323157)
            float3 xformOp:translate = (-0.00092101574, 0.18817423, 0.16609257)
            uniform token[] xformOpOrder = ["xformOp:translate", "xformOp:orient"]

            def Capsule "Visual" (
                prepend apiSchemas = ["MaterialBindingAPI"]
            )
            {
                uniform token axis = "Z"
                double height = 0.0050241758241758245
                rel material:binding = </Looks/Wire_2>
                color3f[] primvars:displayColor = [(0.78, 0.035, 0.06)]
                double radius = 0.001
            }
        }

        def Xform "Segment_39"
        {
            quatf xformOp:orient = (0.6788727, -0.73425514, 0.0006629933, -0.0009595577)
            float3 xformOp:translate = (-0.000921388, 0.19319996, 0.16573262)
            uniform token[] xformOpOrder = ["xformOp:translate", "xformOp:orient"]

            def Capsule "Visual" (
                prepend apiSchemas = ["MaterialBindingAPI"]
            )
            {
                uniform token axis = "Z"
                double height = 0.0050241758241758245
                rel material:binding = </Looks/Wire_2>
                color3f[] primvars:displayColor = [(0.78, 0.035, 0.06)]
                double radius = 0.001
            }
        }

        def Xform "Segment_40"
        {
            quatf xformOp:orient = (0.6721072, -0.7404527, 0.00077285734, -0.0010532959)
            float3 xformOp:translate = (-0.0009105161, 0.19822069, 0.1652898)
            uniform token[] xformOpOrder = ["xformOp:translate", "xformOp:orient"]

            def Capsule "Visual" (
                prepend apiSchemas = ["MaterialBindingAPI"]
            )
            {
                uniform token axis = "Z"
                double height = 0.0050241758241758245
                rel material:binding = </Looks/Wire_2>
                color3f[] primvars:displayColor = [(0.78, 0.035, 0.06)]
                double radius = 0.001
            }
        }

        def Xform "Segment_41"
        {
            quatf xformOp:orient = (0.6651632, -0.74669695, 0.000785979, -0.0010218078)
            float3 xformOp:translate = (-0.00089898315, 0.20323245, 0.16475442)
            uniform token[] xformOpOrder = ["xformOp:translate", "xformOp:orient"]

            def Capsule "Visual" (
                prepend apiSchemas = ["MaterialBindingAPI"]
            )
            {
                uniform token axis = "Z"
                double height = 0.0050241758241758245
                rel material:binding = </Looks/Wire_2>
                color3f[] primvars:displayColor = [(0.78, 0.035, 0.06)]
                double radius = 0.001
            }
        }

        def Xform "Segment_42"
        {
            quatf xformOp:orient = (0.658, -0.75301707, 0.0007346439, -0.0008715434)
            float3 xformOp:translate = (-0.0008789046, 0.20823446, 0.16413455)
            uniform token[] xformOpOrder = ["xformOp:translate", "xformOp:orient"]

            def Capsule "Visual" (
                prepend apiSchemas = ["MaterialBindingAPI"]
            )
            {
                uniform token axis = "Z"
                double height = 0.0050241758241758245
                rel material:binding = </Looks/Wire_2>
                color3f[] primvars:displayColor = [(0.78, 0.035, 0.06)]
                double radius = 0.001
            }
        }

        def Xform "Segment_43"
        {
            quatf xformOp:orient = (0.6506786, -0.7593526, 0.0006810102, -0.0007133512)
            float3 xformOp:translate = (-0.000860291, 0.21322356, 0.16341893)
            uniform token[] xformOpOrder = ["xformOp:translate", "xformOp:orient"]

            def Capsule "Visual" (
                prepend apiSchemas = ["MaterialBindingAPI"]
            )
            {
                uniform token axis = "Z"
                double height = 0.0050241758241758245
                rel material:binding = </Looks/Wire_2>
                color3f[] primvars:displayColor = [(0.78, 0.035, 0.06)]
                double radius = 0.001
            }
        }

        def Xform "Segment_44"
        {
            quatf xformOp:orient = (0.64316046, -0.76573104, 0.0006672643, -0.00056634896)
            float3 xformOp:translate = (-0.0008377761, 0.21819696, 0.16261238)
            uniform token[] xformOpOrder = ["xformOp:translate", "xformOp:orient"]

            def Capsule "Visual" (
                prepend apiSchemas = ["MaterialBindingAPI"]
            )
            {
                uniform token axis = "Z"
                double height = 0.0050241758241758245
                rel material:binding = </Looks/Wire_2>
                color3f[] primvars:displayColor = [(0.78, 0.035, 0.06)]
                double radius = 0.001
            }
        }

        def Xform "Segment_45"
        {
            quatf xformOp:orient = (0.635371, -0.77220666, 0.00065369497, -0.00042585592)
            float3 xformOp:translate = (-0.00081629306, 0.22315311, 0.1617071)
            uniform token[] xformOpOrder = ["xformOp:translate", "xformOp:orient"]

            def Capsule "Visual" (
                prepend apiSchemas = ["MaterialBindingAPI"]
            )
            {
                uniform token axis = "Z"
                double height = 0.0050241758241758245
                rel material:binding = </Looks/Wire_2>
                color3f[] primvars:displayColor = [(0.78, 0.035, 0.06)]
                double radius = 0.001
            }
        }

        def Xform "Segment_46"
        {
            quatf xformOp:orient = (0.6271036, -0.77893555, 0.00057229877, -0.00017442029)
            float3 xformOp:translate = (-0.0007979774, 0.22808605, 0.16069856)
            uniform token[] xformOpOrder = ["xformOp:translate", "xformOp:orient"]

            def Capsule "Visual" (
                prepend apiSchemas = ["MaterialBindingAPI"]
            )
            {
                uniform token axis = "Z"
                double height = 0.0050241758241758245
                rel material:binding = </Looks/Wire_2>
                color3f[] primvars:displayColor = [(0.78, 0.035, 0.06)]
                double radius = 0.001
            }
        }

        def Xform "Segment_47"
        {
            quatf xformOp:orient = (0.6182015, -0.78601956, 0.00032548336, 0.0002616635)
            float3 xformOp:translate = (-0.00078357937, 0.23299517, 0.15958174)
            uniform token[] xformOpOrder = ["xformOp:translate", "xformOp:orient"]

            def Capsule "Visual" (
                prepend apiSchemas = ["MaterialBindingAPI"]
            )
            {
                uniform token axis = "Z"
                double height = 0.0050241758241758245
                rel material:binding = </Looks/Wire_2>
                color3f[] primvars:displayColor = [(0.78, 0.035, 0.06)]
                double radius = 0.001
            }
        }

        def Xform "Segment_48"
        {
            quatf xformOp:orient = (0.6084346, -0.79360324, -0.00022236383, 0.0010732232)
            float3 xformOp:translate = (-0.00078423135, 0.23787037, 0.15834138)
            uniform token[] xformOpOrder = ["xformOp:translate", "xformOp:orient"]

            def Capsule "Visual" (
                prepend apiSchemas = ["MaterialBindingAPI"]
            )
            {
                uniform token axis = "Z"
                double height = 0.0050241758241758245
                rel material:binding = </Looks/Wire_2>
                color3f[] primvars:displayColor = [(0.78, 0.035, 0.06)]
                double radius = 0.001
            }
        }

        def Xform "Segment_49"
        {
            quatf xformOp:orient = (0.5978832, -0.8015796, -0.0010489605, 0.0021981741)
            float3 xformOp:translate = (-0.00079693506, 0.24271192, 0.15697683)
            uniform token[] xformOpOrder = ["xformOp:translate", "xformOp:orient"]

            def Capsule "Visual" (
                prepend apiSchemas = ["MaterialBindingAPI"]
            )
            {
                uniform token axis = "Z"
                double height = 0.0050241758241758245
                rel material:binding = </Looks/Wire_2>
                color3f[] primvars:displayColor = [(0.78, 0.035, 0.06)]
                double radius = 0.001
            }
        }

        def Xform "Segment_50"
        {
            quatf xformOp:orient = (0.5866416, -0.8098355, -0.0021713418, 0.0036501177)
            float3 xformOp:translate = (-0.0008351867, 0.24750772, 0.1554719)
            uniform token[] xformOpOrder = ["xformOp:translate", "xformOp:orient"]

            def Capsule "Visual" (
                prepend apiSchemas = ["MaterialBindingAPI"]
            )
            {
                uniform token axis = "Z"
                double height = 0.0050241758241758245
                rel material:binding = </Looks/Wire_2>
                color3f[] primvars:displayColor = [(0.78, 0.035, 0.06)]
                double radius = 0.001
            }
        }

        def Xform "Segment_51"
        {
            quatf xformOp:orient = (0.5750799, -0.8180738, -0.003403586, 0.005183457)
            float3 xformOp:translate = (-0.0008926435, 0.2522591, 0.15383264)
            uniform token[] xformOpOrder = ["xformOp:translate", "xformOp:orient"]

            def Capsule "Visual" (
                prepend apiSchemas = ["MaterialBindingAPI"]
            )
            {
                uniform token axis = "Z"
                double height = 0.0050241758241758245
                rel material:binding = </Looks/Wire_2>
                color3f[] primvars:displayColor = [(0.78, 0.035, 0.06)]
                double radius = 0.001
            }
        }

        def Xform "Segment_52"
        {
            quatf xformOp:orient = (0.56374216, -0.82591283, -0.0045380886, 0.006495616)
            float3 xformOp:translate = (-0.00097435777, 0.2569575, 0.15205538)
            uniform token[] xformOpOrder = ["xformOp:translate", "xformOp:orient"]

            def Capsule "Visual" (
                prepend apiSchemas = ["MaterialBindingAPI"]
            )
            {
                uniform token axis = "Z"
                double height = 0.0050241758241758245
                rel material:binding = </Looks/Wire_2>
                color3f[] primvars:displayColor = [(0.78, 0.035, 0.06)]
                double radius = 0.001
            }
        }

        def Xform "Segment_53"
        {
            quatf xformOp:orient = (0.55292314, -0.83318204, -0.005410527, 0.007390412)
            float3 xformOp:translate = (-0.0010710645, 0.26160654, 0.15015255)
            uniform token[] xformOpOrder = ["xformOp:translate", "xformOp:orient"]

            def Capsule "Visual" (
                prepend apiSchemas = ["MaterialBindingAPI"]
            )
            {
                uniform token axis = "Z"
                double height = 0.0050241758241758245
                rel material:binding = </Looks/Wire_2>
                color3f[] primvars:displayColor = [(0.78, 0.035, 0.06)]
                double radius = 0.001
            }
        }

        def Xform "Segment_54"
        {
            quatf xformOp:orient = (0.5432353, -0.8395273, -0.0057588457, 0.0074971067)
            float3 xformOp:translate = (-0.0011742325, 0.26620594, 0.14813729)
            uniform token[] xformOpOrder = ["xformOp:translate", "xformOp:orient"]

            def Capsule "Visual" (
                prepend apiSchemas = ["MaterialBindingAPI"]
            )
            {
                uniform token axis = "Z"
                double height = 0.0050241758241758245
                rel material:binding = </Looks/Wire_2>
                color3f[] primvars:displayColor = [(0.78, 0.035, 0.06)]
                double radius = 0.001
            }
        }

        def Xform "Segment_55"
        {
            quatf xformOp:orient = (0.5345018, -0.84511995, -0.005649918, 0.0069397683)
            float3 xformOp:translate = (-0.0012758767, 0.27076045, 0.14602154)
            uniform token[] xformOpOrder = ["xformOp:translate", "xformOp:orient"]

            def Capsule "Visual" (
                prepend apiSchemas = ["MaterialBindingAPI"]
            )
            {
                uniform token axis = "Z"
                double height = 0.0050241758241758245
                rel material:binding = </Looks/Wire_2>
                color3f[] primvars:displayColor = [(0.78, 0.035, 0.06)]
                double radius = 0.001
            }
        }

        def Xform "Segment_56"
        {
            quatf xformOp:orient = (0.52691567, -0.84988415, -0.00500951, 0.0056385035)
            float3 xformOp:translate = (-0.0013618539, 0.27527502, 0.14382453)
            uniform token[] xformOpOrder = ["xformOp:translate", "xformOp:orient"]

            def Capsule "Visual" (
                prepend apiSchemas = ["MaterialBindingAPI"]
            )
            {
                uniform token axis = "Z"
                double height = 0.0050241758241758245
                rel material:binding = </Looks/Wire_2>
                color3f[] primvars:displayColor = [(0.78, 0.035, 0.06)]
                double radius = 0.001
            }
        }

        def Xform "Segment_57"
        {
            quatf xformOp:orient = (0.520004, -0.8541452, -0.004058857, 0.003924679)
            float3 xformOp:translate = (-0.001430567, 0.2797518, 0.14155062)
            uniform token[] xformOpOrder = ["xformOp:translate", "xformOp:orient"]

            def Capsule "Visual" (
                prepend apiSchemas = ["MaterialBindingAPI"]
            )
            {
                uniform token axis = "Z"
                double height = 0.0050241758241758245
                rel material:binding = </Looks/Wire_2>
                color3f[] primvars:displayColor = [(0.78, 0.035, 0.06)]
                double radius = 0.001
            }
        }

        def Xform "Segment_58"
        {
            quatf xformOp:orient = (0.5134885, -0.858089, -0.0029401707, 0.0020488026)
            float3 xformOp:translate = (-0.0014725085, 0.28419492, 0.13921314)
            uniform token[] xformOpOrder = ["xformOp:translate", "xformOp:orient"]

            def Capsule "Visual" (
                prepend apiSchemas = ["MaterialBindingAPI"]
            )
            {
                uniform token axis = "Z"
                double height = 0.0050241758241758245
                rel material:binding = </Looks/Wire_2>
                color3f[] primvars:displayColor = [(0.78, 0.035, 0.06)]
                double radius = 0.001
            }
        }

        def Xform "Segment_59"
        {
            quatf xformOp:orient = (0.50700396, -0.8619419, -0.0018202171, 0.00025172657)
            float3 xformOp:translate = (-0.0014927315, 0.28860217, 0.13680851)
            uniform token[] xformOpOrder = ["xformOp:translate", "xformOp:orient"]

            def Capsule "Visual" (
                prepend apiSchemas = ["MaterialBindingAPI"]
            )
            {
                uniform token axis = "Z"
                double height = 0.0050241758241758245
                rel material:binding = </Looks/Wire_2>
                color3f[] primvars:displayColor = [(0.78, 0.035, 0.06)]
                double radius = 0.001
            }
        }

        def Xform "Segment_60"
        {
            quatf xformOp:orient = (0.50012356, -0.86595285, -0.0008934145, -0.0011541672)
            float3 xformOp:translate = (-0.001491166, 0.29297295, 0.13433897)
            uniform token[] xformOpOrder = ["xformOp:translate", "xformOp:orient"]

            def Capsule "Visual" (
                prepend apiSchemas = ["MaterialBindingAPI"]
            )
            {
                uniform token axis = "Z"
                double height = 0.0050241758241758245
                rel material:binding = </Looks/Wire_2>
                color3f[] primvars:displayColor = [(0.78, 0.035, 0.06)]
                double radius = 0.001
            }
        }

        def Xform "Segment_61"
        {
            quatf xformOp:orient = (0.49280214, -0.87013865, -0.00016102614, -0.0021760422)
            float3 xformOp:translate = (-0.0014747813, 0.29730257, 0.13179809)
            uniform token[] xformOpOrder = ["xformOp:translate", "xformOp:orient"]

            def Capsule "Visual" (
                prepend apiSchemas = ["MaterialBindingAPI"]
            )
            {
                uniform token axis = "Z"
                double height = 0.0050241758241758245
                rel material:binding = </Looks/Wire_2>
                color3f[] primvars:displayColor = [(0.78, 0.035, 0.06)]
                double radius = 0.001
            }
        }

        def Xform "Segment_62"
        {
            quatf xformOp:orient = (0.4848178, -0.874611, 0.0002833728, -0.002693974)
            float3 xformOp:translate = (-0.0014495498, 0.30158654, 0.12918068)
            uniform token[] xformOpOrder = ["xformOp:translate", "xformOp:orient"]

            def Capsule "Visual" (
                prepend apiSchemas = ["MaterialBindingAPI"]
            )
            {
                uniform token axis = "Z"
                double height = 0.0050241758241758245
                rel material:binding = </Looks/Wire_2>
                color3f[] primvars:displayColor = [(0.78, 0.035, 0.06)]
                double radius = 0.001
            }
        }

        def Xform "Segment_63"
        {
            quatf xformOp:orient = (0.47633746, -0.87925774, 0.00053812104, -0.002857386)
            float3 xformOp:translate = (-0.0014195369, 0.3058203, 0.12648311)
            uniform token[] xformOpOrder = ["xformOp:translate", "xformOp:orient"]

            def Capsule "Visual" (
                prepend apiSchemas = ["MaterialBindingAPI"]
            )
            {
                uniform token axis = "Z"
                double height = 0.0050241758241758245
                rel material:binding = </Looks/Wire_2>
                color3f[] primvars:displayColor = [(0.78, 0.035, 0.06)]
                double radius = 0.001
            }
        }

        def Xform "Segment_64"
        {
            quatf xformOp:orient = (0.467405, -0.8840388, 0.00061768584, -0.0027445534)
            float3 xformOp:translate = (-0.0013906996, 0.30999896, 0.123699665)
            uniform token[] xformOpOrder = ["xformOp:translate", "xformOp:orient"]

            def Capsule "Visual" (
                prepend apiSchemas = ["MaterialBindingAPI"]
            )
            {
                uniform token axis = "Z"
                double height = 0.0050241758241758245
                rel material:binding = </Looks/Wire_2>
                color3f[] primvars:displayColor = [(0.78, 0.035, 0.06)]
                double radius = 0.001
            }
        }

        def Xform "Segment_65"
        {
            quatf xformOp:orient = (0.45816532, -0.8888634, 0.000606882, -0.0024693015)
            float3 xformOp:translate = (-0.0013633508, 0.31411952, 0.120830886)
            uniform token[] xformOpOrder = ["xformOp:translate", "xformOp:orient"]

            def Capsule "Visual" (
                prepend apiSchemas = ["MaterialBindingAPI"]
            )
            {
                uniform token axis = "Z"
                double height = 0.0050241758241758245
                rel material:binding = </Looks/Wire_2>
                color3f[] primvars:displayColor = [(0.78, 0.035, 0.06)]
                double radius = 0.001
            }
        }

        def Xform "Segment_66"
        {
            quatf xformOp:orient = (0.44874611, -0.8936566, 0.0005512261, -0.0021595515)
            float3 xformOp:translate = (-0.0013403004, 0.31817865, 0.11787411)
            uniform token[] xformOpOrder = ["xformOp:translate", "xformOp:orient"]

            def Capsule "Visual" (
                prepend apiSchemas = ["MaterialBindingAPI"]
            )
            {
                uniform token axis = "Z"
                double height = 0.0050241758241758245
                rel material:binding = </Looks/Wire_2>
                color3f[] primvars:displayColor = [(0.78, 0.035, 0.06)]
                double radius = 0.001
            }
        }

        def Xform "Segment_67"
        {
            quatf xformOp:orient = (0.43918294, -0.8983957, 0.00048111184, -0.0018339023)
            float3 xformOp:translate = (-0.001320332, 0.32217407, 0.114831746)
            uniform token[] xformOpOrder = ["xformOp:translate", "xformOp:orient"]

            def Capsule "Visual" (
                prepend apiSchemas = ["MaterialBindingAPI"]
            )
            {
                uniform token axis = "Z"
                double height = 0.0050241758241758245
                rel material:binding = </Looks/Wire_2>
                color3f[] primvars:displayColor = [(0.78, 0.035, 0.06)]
                double radius = 0.001
            }
        }

        def Xform "Segment_68"
        {
            quatf xformOp:orient = (0.42955685, -0.90303844, 0.0004197368, -0.0015642074)
            float3 xformOp:translate = (-0.0013036211, 0.32610416, 0.111703776)
            uniform token[] xformOpOrder = ["xformOp:translate", "xformOp:orient"]

            def Capsule "Visual" (
                prepend apiSchemas = ["MaterialBindingAPI"]
            )
            {
                uniform token axis = "Z"
                double height = 0.0050241758241758245
                rel material:binding = </Looks/Wire_2>
                color3f[] primvars:displayColor = [(0.78, 0.035, 0.06)]
                double radius = 0.001
            }
        }

        def Xform "Segment_69"
        {
            quatf xformOp:orient = (0.41983622, -0.9075989, 0.00036679543, -0.001322204)
            float3 xformOp:translate = (-0.0012894443, 0.32996637, 0.1084923)
            uniform token[] xformOpOrder = ["xformOp:translate", "xformOp:orient"]

            def Capsule "Visual" (
                prepend apiSchemas = ["MaterialBindingAPI"]
            )
            {
                uniform token axis = "Z"
                double height = 0.0050241758241758245
                rel material:binding = </Looks/Wire_2>
                color3f[] primvars:displayColor = [(0.78, 0.035, 0.06)]
                double radius = 0.001
            }
        }

        def Xform "Segment_70"
        {
            quatf xformOp:orient = (0.41003245, -0.9120703, 0.00032136505, -0.0011207134)
            float3 xformOp:translate = (-0.0012771089, 0.33375946, 0.10519828)
            uniform token[] xformOpOrder = ["xformOp:translate", "xformOp:orient"]

            def Capsule "Visual" (
                prepend apiSchemas = ["MaterialBindingAPI"]
            )
            {
                uniform token axis = "Z"
                double height = 0.0050241758241758245
                rel material:binding = </Looks/Wire_2>
                color3f[] primvars:displayColor = [(0.78, 0.035, 0.06)]
                double radius = 0.001
            }
        }

        def Xform "Segment_71"
        {
            quatf xformOp:orient = (0.40011996, -0.91646224, 0.00028110133, -0.0009383451)
            float3 xformOp:translate = (-0.0012666904, 0.3374805, 0.10182304)
            uniform token[] xformOpOrder = ["xformOp:translate", "xformOp:orient"]

            def Capsule "Visual" (
                prepend apiSchemas = ["MaterialBindingAPI"]
            )
            {
                uniform token axis = "Z"
                double height = 0.0050241758241758245
                rel material:binding = </Looks/Wire_2>
                color3f[] primvars:displayColor = [(0.78, 0.035, 0.06)]
                double radius = 0.001
            }
        }

        def Xform "Segment_72"
        {
            quatf xformOp:orient = (0.3900886, -0.92077696, 0.00023873645, -0.000768366)
            float3 xformOp:translate = (-0.0012577118, 0.34112778, 0.098367564)
            uniform token[] xformOpOrder = ["xformOp:translate", "xformOp:orient"]

            def Capsule "Visual" (
                prepend apiSchemas = ["MaterialBindingAPI"]
            )
            {
                uniform token axis = "Z"
                double height = 0.0050241758241758245
                rel material:binding = </Looks/Wire_2>
                color3f[] primvars:displayColor = [(0.78, 0.035, 0.06)]
                double radius = 0.001
            }
        }

        def Xform "Segment_73"
        {
            quatf xformOp:orient = (0.3799356, -0.9250128, 0.0001974096, -0.00060817413)
            float3 xformOp:translate = (-0.0012504164, 0.34469843, 0.09483298)
            uniform token[] xformOpOrder = ["xformOp:translate", "xformOp:orient"]

            def Capsule "Visual" (
                prepend apiSchemas = ["MaterialBindingAPI"]
            )
            {
                uniform token axis = "Z"
                double height = 0.0050241758241758245
                rel material:binding = </Looks/Wire_2>
                color3f[] primvars:displayColor = [(0.78, 0.035, 0.06)]
                double radius = 0.001
            }
        }

        def Xform "Segment_74"
        {
            quatf xformOp:orient = (0.36965504, -0.929169, 0.00015376488, -0.0004556009)
            float3 xformOp:translate = (-0.0012446684, 0.34819037, 0.09122025)
            uniform token[] xformOpOrder = ["xformOp:translate", "xformOp:orient"]

            def Capsule "Visual" (
                prepend apiSchemas = ["MaterialBindingAPI"]
            )
            {
                uniform token axis = "Z"
                double height = 0.0050241758241758245
                rel material:binding = </Looks/Wire_2>
                color3f[] primvars:displayColor = [(0.78, 0.035, 0.06)]
                double radius = 0.001
            }
        }

        def Xform "Segment_75"
        {
            quatf xformOp:orient = (0.35925725, -0.9332385, 0.000112056114, -0.00031519207)
            float3 xformOp:translate = (-0.001240444, 0.351601, 0.08753073)
            uniform token[] xformOpOrder = ["xformOp:translate", "xformOp:orient"]

            def Capsule "Visual" (
                prepend apiSchemas = ["MaterialBindingAPI"]
            )
            {
                uniform token axis = "Z"
                double height = 0.0050241758241758245
                rel material:binding = </Looks/Wire_2>
                color3f[] primvars:displayColor = [(0.78, 0.035, 0.06)]
                double radius = 0.001
            }
        }

        def Xform "Segment_76"
        {
            quatf xformOp:orient = (0.3487548, -0.937214, 0.000072973635, -0.00019056634)
            float3 xformOp:translate = (-0.0012376939, 0.3549281, 0.08376565)
            uniform token[] xformOpOrder = ["xformOp:translate", "xformOp:orient"]

            def Capsule "Visual" (
                prepend apiSchemas = ["MaterialBindingAPI"]
            )
            {
                uniform token axis = "Z"
                double height = 0.0050241758241758245
                rel material:binding = </Looks/Wire_2>
                color3f[] primvars:displayColor = [(0.78, 0.035, 0.06)]
                double radius = 0.001
            }
        }

        def Xform "Segment_77"
        {
            quatf xformOp:orient = (0.33816847, -0.9410856, 0.000038176953, -0.0000837114)
            float3 xformOp:translate = (-0.0012361634, 0.35816967, 0.07992667)
            uniform token[] xformOpOrder = ["xformOp:translate", "xformOp:orient"]

            def Capsule "Visual" (
                prepend apiSchemas = ["MaterialBindingAPI"]
            )
            {
                uniform token axis = "Z"
                double height = 0.0050241758241758245
                rel material:binding = </Looks/Wire_2>
                color3f[] primvars:displayColor = [(0.78, 0.035, 0.06)]
                double radius = 0.001
            }
        }

        def Xform "Segment_78"
        {
            quatf xformOp:orient = (0.32751226, -0.9448469, 0.000009518118, 0.0000020710243)
            float3 xformOp:translate = (-0.0012357245, 0.36132362, 0.076015495)
            uniform token[] xformOpOrder = ["xformOp:translate", "xformOp:orient"]

            def Capsule "Visual" (
                prepend apiSchemas = ["MaterialBindingAPI"]
            )
            {
                uniform token axis = "Z"
                double height = 0.0050241758241758245
                rel material:binding = </Looks/Wire_2>
                color3f[] primvars:displayColor = [(0.78, 0.035, 0.06)]
                double radius = 0.001
            }
        }

        def Xform "Segment_79"
        {
            quatf xformOp:orient = (0.31680164, -0.9484919, -0.000013943059, 0.00006855114)
            float3 xformOp:translate = (-0.0012360951, 0.36438835, 0.072034016)
            uniform token[] xformOpOrder = ["xformOp:translate", "xformOp:orient"]

            def Capsule "Visual" (
                prepend apiSchemas = ["MaterialBindingAPI"]
            )
            {
                uniform token axis = "Z"
                double height = 0.0050241758241758245
                rel material:binding = </Looks/Wire_2>
                color3f[] primvars:displayColor = [(0.78, 0.035, 0.06)]
                double radius = 0.001
            }
        }

        def Xform "Segment_80"
        {
            quatf xformOp:orient = (0.30606663, -0.95201015, -0.000030862455, 0.00011578422)
            float3 xformOp:translate = (-0.0012370822, 0.36736217, 0.06798434)
            uniform token[] xformOpOrder = ["xformOp:translate", "xformOp:orient"]

            def Capsule "Visual" (
                prepend apiSchemas = ["MaterialBindingAPI"]
            )
            {
                uniform token axis = "Z"
                double height = 0.0050241758241758245
                rel material:binding = </Looks/Wire_2>
                color3f[] primvars:displayColor = [(0.78, 0.035, 0.06)]
                double radius = 0.001
            }
        }

        def Xform "Segment_81"
        {
            quatf xformOp:orient = (0.295328, -0.955396, -0.00004321629, 0.00014664324)
            float3 xformOp:translate = (-0.0012384881, 0.3702439, 0.06386863)
            uniform token[] xformOpOrder = ["xformOp:translate", "xformOp:orient"]

            def Capsule "Visual" (
                prepend apiSchemas = ["MaterialBindingAPI"]
            )
            {
                uniform token axis = "Z"
                double height = 0.0050241758241758245
                rel material:binding = </Looks/Wire_2>
                color3f[] primvars:displayColor = [(0.78, 0.035, 0.06)]
                double radius = 0.001
            }
        }

        def Xform "Segment_82"
        {
            quatf xformOp:orient = (0.28460887, -0.9586438, -0.00005030773, 0.00016362967)
            float3 xformOp:translate = (-0.001240133, 0.37303242, 0.059689336)
            uniform token[] xformOpOrder = ["xformOp:translate", "xformOp:orient"]

            def Capsule "Visual" (
                prepend apiSchemas = ["MaterialBindingAPI"]
            )
            {
                uniform token axis = "Z"
                double height = 0.0050241758241758245
                rel material:binding = </Looks/Wire_2>
                color3f[] primvars:displayColor = [(0.78, 0.035, 0.06)]
                double radius = 0.001
            }
        }

        def Xform "Segment_83"
        {
            quatf xformOp:orient = (0.27394345, -0.96174586, -0.000053961005, 0.00016868436)
            float3 xformOp:translate = (-0.0012418992, 0.37572703, 0.055448882)
            uniform token[] xformOpOrder = ["xformOp:translate", "xformOp:orient"]

            def Capsule "Visual" (
                prepend apiSchemas = ["MaterialBindingAPI"]
            )
            {
                uniform token axis = "Z"
                double height = 0.0050241758241758245
                rel material:binding = </Looks/Wire_2>
                color3f[] primvars:displayColor = [(0.78, 0.035, 0.06)]
                double radius = 0.001
            }
        }

        def Xform "Segment_84"
        {
            quatf xformOp:orient = (0.26336733, -0.96469563, -0.00005375982, 0.00016470035)
            float3 xformOp:translate = (-0.0012436609, 0.37832728, 0.05115005)
            uniform token[] xformOpOrder = ["xformOp:translate", "xformOp:orient"]

            def Capsule "Visual" (
                prepend apiSchemas = ["MaterialBindingAPI"]
            )
            {
                uniform token axis = "Z"
                double height = 0.0050241758241758245
                rel material:binding = </Looks/Wire_2>
                color3f[] primvars:displayColor = [(0.78, 0.035, 0.06)]
                double radius = 0.001
            }
        }

        def Xform "Segment_85"
        {
            quatf xformOp:orient = (0.25293756, -0.96748257, -0.00005097184, 0.00015233549)
            float3 xformOp:translate = (-0.0012453387, 0.38083333, 0.04679561)
            uniform token[] xformOpOrder = ["xformOp:translate", "xformOp:orient"]

            def Capsule "Visual" (
                prepend apiSchemas = ["MaterialBindingAPI"]
            )
            {
                uniform token axis = "Z"
                double height = 0.0050241758241758245
                rel material:binding = </Looks/Wire_2>
                color3f[] primvars:displayColor = [(0.78, 0.035, 0.06)]
                double radius = 0.001
            }
        }

        def Xform "Segment_86"
        {
            quatf xformOp:orient = (0.24268745, -0.9701046, -0.00004523868, 0.00013360532)
            float3 xformOp:translate = (-0.0012468534, 0.3832457, 0.042388663)
            uniform token[] xformOpOrder = ["xformOp:translate", "xformOp:orient"]

            def Capsule "Visual" (
                prepend apiSchemas = ["MaterialBindingAPI"]
            )
            {
                uniform token axis = "Z"
                double height = 0.0050241758241758245
                rel material:binding = </Looks/Wire_2>
                color3f[] primvars:displayColor = [(0.78, 0.035, 0.06)]
                double radius = 0.001
            }
        }

        def Xform "Segment_87"
        {
            quatf xformOp:orient = (0.23269227, -0.9725505, -0.000037333746, 0.00010846879)
            float3 xformOp:translate = (-0.0012481365, 0.3855656, 0.037932318)
            uniform token[] xformOpOrder = ["xformOp:translate", "xformOp:orient"]

            def Capsule "Visual" (
                prepend apiSchemas = ["MaterialBindingAPI"]
            )
            {
                uniform token axis = "Z"
                double height = 0.0050241758241758245
                rel material:binding = </Looks/Wire_2>
                color3f[] primvars:displayColor = [(0.78, 0.035, 0.06)]
                double radius = 0.001
            }
        }

        def Xform "Segment_88"
        {
            quatf xformOp:orient = (0.2230018, -0.97481805, -0.000026973936, 0.00007790465)
            float3 xformOp:translate = (-0.0012491299, 0.38779482, 0.033429954)
            uniform token[] xformOpOrder = ["xformOp:translate", "xformOp:orient"]

            def Capsule "Visual" (
                prepend apiSchemas = ["MaterialBindingAPI"]
            )
            {
                uniform token axis = "Z"
                double height = 0.0050241758241758245
                rel material:binding = </Looks/Wire_2>
                color3f[] primvars:displayColor = [(0.78, 0.035, 0.06)]
                double radius = 0.001
            }
        }

        def Xform "Segment_89"
        {
            quatf xformOp:orient = (0.21371166, -0.9768968, -0.000014558944, 0.000041644318)
            float3 xformOp:translate = (-0.0012497695, 0.38993597, 0.028885024)
            uniform token[] xformOpOrder = ["xformOp:translate", "xformOp:orient"]

            def Capsule "Visual" (
                prepend apiSchemas = ["MaterialBindingAPI"]
            )
            {
                uniform token axis = "Z"
                double height = 0.0050241758241758245
                rel material:binding = </Looks/Wire_2>
                color3f[] primvars:displayColor = [(0.78, 0.035, 0.06)]
                double radius = 0.001
            }
        }

        def Xform "Segment_90"
        {
            quatf xformOp:orient = (0.20489153, -0.9787848, 2.2518504e-11, 1.2760257e-9)
            float3 xformOp:translate = (-0.001249999, 0.39199245, 0.024301175)
            uniform token[] xformOpOrder = ["xformOp:translate", "xformOp:orient"]

            def Capsule "Visual" (
                prepend apiSchemas = ["MaterialBindingAPI"]
            )
            {
                uniform token axis = "Z"
                double height = 0.0050241758241758245
                rel material:binding = </Looks/Wire_2>
                color3f[] primvars:displayColor = [(0.78, 0.035, 0.06)]
                double radius = 0.001
            }
        }
    }

    def "Cable_3"
    {
        def Xform "Segment_00"
        {
            quatf xformOp:orient = (0.9158009, -0.40163276, -0.0000040106515, -0.0000024208916)
            float3 xformOp:translate = (0.0012468229, 0.013348241, 0.10233481)
            uniform token[] xformOpOrder = ["xformOp:translate", "xformOp:orient"]

            def Capsule "Visual" (
                prepend apiSchemas = ["MaterialBindingAPI"]
            )
            {
                uniform token axis = "Z"
                double height = 0.0050241758241758245
                rel material:binding = </Looks/Wire_3>
                color3f[] primvars:displayColor = [(0.93, 0.1, 0.15)]
                double radius = 0.001
            }
        }

        def Xform "Segment_01"
        {
            quatf xformOp:orient = (0.91088176, -0.41266757, 0.00002273283, 0.000062037565)
            float3 xformOp:translate = (0.0012468236, 0.017084688, 0.10569275)
            uniform token[] xformOpOrder = ["xformOp:translate", "xformOp:orient"]

            def Capsule "Visual" (
                prepend apiSchemas = ["MaterialBindingAPI"]
            )
            {
                uniform token axis = "Z"
                double height = 0.0050241758241758245
                rel material:binding = </Looks/Wire_3>
                color3f[] primvars:displayColor = [(0.93, 0.1, 0.15)]
                double radius = 0.001
            }
        }

        def Xform "Segment_02"
        {
            quatf xformOp:orient = (0.9059884, -0.42330253, 0.000055810302, 0.00012361552)
            float3 xformOp:translate = (0.0012468367, 0.020899968, 0.10896093)
            uniform token[] xformOpOrder = ["xformOp:translate", "xformOp:orient"]

            def Capsule "Visual" (
                prepend apiSchemas = ["MaterialBindingAPI"]
            )
            {
                uniform token axis = "Z"
                double height = 0.0050241758241758245
                rel material:binding = </Looks/Wire_3>
                color3f[] primvars:displayColor = [(0.93, 0.1, 0.15)]
                double radius = 0.001
            }
        }

        def Xform "Segment_03"
        {
            quatf xformOp:orient = (0.90112287, -0.43356386, 0.0000956345, 0.0001823048)
            float3 xformOp:translate = (0.0012469105, 0.024789622, 0.11214026)
            uniform token[] xformOpOrder = ["xformOp:translate", "xformOp:orient"]

            def Capsule "Visual" (
                prepend apiSchemas = ["MaterialBindingAPI"]
            )
            {
                uniform token axis = "Z"
                double height = 0.0050241758241758245
                rel material:binding = </Looks/Wire_3>
                color3f[] primvars:displayColor = [(0.93, 0.1, 0.15)]
                double radius = 0.001
            }
        }

        def Xform "Segment_04"
        {
            quatf xformOp:orient = (0.8962803, -0.44348803, 0.00014162615, 0.00023779269)
            float3 xformOp:translate = (0.001247076, 0.028749533, 0.11523169)
            uniform token[] xformOpOrder = ["xformOp:translate", "xformOp:orient"]

            def Capsule "Visual" (
                prepend apiSchemas = ["MaterialBindingAPI"]
            )
            {
                uniform token axis = "Z"
                double height = 0.0050241758241758245
                rel material:binding = </Looks/Wire_3>
                color3f[] primvars:displayColor = [(0.93, 0.1, 0.15)]
                double radius = 0.001
            }
        }

        def Xform "Segment_05"
        {
            quatf xformOp:orient = (0.89145947, -0.45310032, 0.00019567822, 0.00028983311)
            float3 xformOp:translate = (0.0012474224, 0.032775894, 0.118236095)
            uniform token[] xformOpOrder = ["xformOp:translate", "xformOp:orient"]

            def Capsule "Visual" (
                prepend apiSchemas = ["MaterialBindingAPI"]
            )
            {
                uniform token axis = "Z"
                double height = 0.0050241758241758245
                rel material:binding = </Looks/Wire_3>
                color3f[] primvars:displayColor = [(0.93, 0.1, 0.15)]
                double radius = 0.001
            }
        }

        def Xform "Segment_06"
        {
            quatf xformOp:orient = (0.88665456, -0.46243235, 0.000258581, 0.00033657014)
            float3 xformOp:translate = (0.0012479459, 0.03686523, 0.12115422)
            uniform token[] xformOpOrder = ["xformOp:translate", "xformOp:orient"]

            def Capsule "Visual" (
                prepend apiSchemas = ["MaterialBindingAPI"]
            )
            {
                uniform token axis = "Z"
                double height = 0.0050241758241758245
                rel material:binding = </Looks/Wire_3>
                color3f[] primvars:displayColor = [(0.93, 0.1, 0.15)]
                double radius = 0.001
            }
        }

        def Xform "Segment_07"
        {
            quatf xformOp:orient = (0.8818629, -0.47150567, 0.00033307512, 0.00037824296)
            float3 xformOp:translate = (0.0012488324, 0.04101427, 0.12398684)
            uniform token[] xformOpOrder = ["xformOp:translate", "xformOp:orient"]

            def Capsule "Visual" (
                prepend apiSchemas = ["MaterialBindingAPI"]
            )
            {
                uniform token axis = "Z"
                double height = 0.0050241758241758245
                rel material:binding = </Looks/Wire_3>
                color3f[] primvars:displayColor = [(0.93, 0.1, 0.15)]
                double radius = 0.001
            }
        }

        def Xform "Segment_08"
        {
            quatf xformOp:orient = (0.8770778, -0.48034817, 0.00042253255, 0.00041038255)
            float3 xformOp:translate = (0.0012501366, 0.04522003, 0.12673454)
            uniform token[] xformOpOrder = ["xformOp:translate", "xformOp:orient"]

            def Capsule "Visual" (
                prepend apiSchemas = ["MaterialBindingAPI"]
            )
            {
                uniform token axis = "Z"
                double height = 0.0050241758241758245
                rel material:binding = </Looks/Wire_3>
                color3f[] primvars:displayColor = [(0.93, 0.1, 0.15)]
                double radius = 0.001
            }
        }

        def Xform "Segment_09"
        {
            quatf xformOp:orient = (0.87229794, -0.48897433, 0.00052566367, 0.0004366655)
            float3 xformOp:translate = (0.0012520914, 0.049479693, 0.12939793)
            uniform token[] xformOpOrder = ["xformOp:translate", "xformOp:orient"]

            def Capsule "Visual" (
                prepend apiSchemas = ["MaterialBindingAPI"]
            )
            {
                uniform token axis = "Z"
                double height = 0.0050241758241758245
                rel material:binding = </Looks/Wire_3>
                color3f[] primvars:displayColor = [(0.93, 0.1, 0.15)]
                double radius = 0.001
            }
        }

        def Xform "Segment_10"
        {
            quatf xformOp:orient = (0.8675154, -0.49740982, 0.0006445268, 0.0004518201)
            float3 xformOp:translate = (0.0012549539, 0.05379056, 0.1319776)
            uniform token[] xformOpOrder = ["xformOp:translate", "xformOp:orient"]

            def Capsule "Visual" (
                prepend apiSchemas = ["MaterialBindingAPI"]
            )
            {
                uniform token axis = "Z"
                double height = 0.0050241758241758245
                rel material:binding = </Looks/Wire_3>
                color3f[] primvars:displayColor = [(0.93, 0.1, 0.15)]
                double radius = 0.001
            }
        }

        def Xform "Segment_11"
        {
            quatf xformOp:orient = (0.8627205, -0.5056803, 0.0007678638, 0.00046649823)
            float3 xformOp:translate = (0.0012587277, 0.058150314, 0.13447379)
            uniform token[] xformOpOrder = ["xformOp:translate", "xformOp:orient"]

            def Capsule "Visual" (
                prepend apiSchemas = ["MaterialBindingAPI"]
            )
            {
                uniform token axis = "Z"
                double height = 0.0050241758241758245
                rel material:binding = </Looks/Wire_3>
                color3f[] primvars:displayColor = [(0.93, 0.1, 0.15)]
                double radius = 0.001
            }
        }

        def Xform "Segment_12"
        {
            quatf xformOp:orient = (0.8579043, -0.5138087, 0.00088561204, 0.00048049347)
            float3 xformOp:translate = (0.0012637936, 0.0625565, 0.136887)
            uniform token[] xformOpOrder = ["xformOp:translate", "xformOp:orient"]

            def Capsule "Visual" (
                prepend apiSchemas = ["MaterialBindingAPI"]
            )
            {
                uniform token axis = "Z"
                double height = 0.0050241758241758245
                rel material:binding = </Looks/Wire_3>
                color3f[] primvars:displayColor = [(0.93, 0.1, 0.15)]
                double radius = 0.001
            }
        }

        def Xform "Segment_13"
        {
            quatf xformOp:orient = (0.8530471, -0.52183294, 0.0009816015, 0.00050891977)
            float3 xformOp:translate = (0.0012695894, 0.06700734, 0.13921683)
            uniform token[] xformOpOrder = ["xformOp:translate", "xformOp:orient"]

            def Capsule "Visual" (
                prepend apiSchemas = ["MaterialBindingAPI"]
            )
            {
                uniform token axis = "Z"
                double height = 0.0050241758241758245
                rel material:binding = </Looks/Wire_3>
                color3f[] primvars:displayColor = [(0.93, 0.1, 0.15)]
                double radius = 0.001
            }
        }

        def Xform "Segment_14"
        {
            quatf xformOp:orient = (0.8481255, -0.52979416, 0.0010270588, 0.00056011503)
            float3 xformOp:translate = (0.0012760655, 0.07150084, 0.14146316)
            uniform token[] xformOpOrder = ["xformOp:translate", "xformOp:orient"]

            def Capsule "Visual" (
                prepend apiSchemas = ["MaterialBindingAPI"]
            )
            {
                uniform token axis = "Z"
                double height = 0.0050241758241758245
                rel material:binding = </Looks/Wire_3>
                color3f[] primvars:displayColor = [(0.93, 0.1, 0.15)]
                double radius = 0.001
            }
        }

        def Xform "Segment_15"
        {
            quatf xformOp:orient = (0.8431293, -0.5377098, 0.0010243645, 0.0006403917)
            float3 xformOp:translate = (0.0012822809, 0.07603558, 0.14362499)
            uniform token[] xformOpOrder = ["xformOp:translate", "xformOp:orient"]

            def Capsule "Visual" (
                prepend apiSchemas = ["MaterialBindingAPI"]
            )
            {
                uniform token axis = "Z"
                double height = 0.0050241758241758245
                rel material:binding = </Looks/Wire_3>
                color3f[] primvars:displayColor = [(0.93, 0.1, 0.15)]
                double radius = 0.001
            }
        }

        def Xform "Segment_16"
        {
            quatf xformOp:orient = (0.83803666, -0.54561275, 0.0009423787, 0.00075617514)
            float3 xformOp:translate = (0.0012870486, 0.08061024, 0.14570095)
            uniform token[] xformOpOrder = ["xformOp:translate", "xformOp:orient"]

            def Capsule "Visual" (
                prepend apiSchemas = ["MaterialBindingAPI"]
            )
            {
                uniform token axis = "Z"
                double height = 0.0050241758241758245
                rel material:binding = </Looks/Wire_3>
                color3f[] primvars:displayColor = [(0.93, 0.1, 0.15)]
                double radius = 0.001
            }
        }

        def Xform "Segment_17"
        {
            quatf xformOp:orient = (0.83285534, -0.55348957, 0.000826922, 0.0008900463)
            float3 xformOp:translate = (0.0012901955, 0.085223176, 0.1476904)
            uniform token[] xformOpOrder = ["xformOp:translate", "xformOp:orient"]

            def Capsule "Visual" (
                prepend apiSchemas = ["MaterialBindingAPI"]
            )
            {
                uniform token axis = "Z"
                double height = 0.0050241758241758245
                rel material:binding = </Looks/Wire_3>
                color3f[] primvars:displayColor = [(0.93, 0.1, 0.15)]
                double radius = 0.001
            }
        }

        def Xform "Segment_18"
        {
            quatf xformOp:orient = (0.82758224, -0.56134313, 0.0006835846, 0.0010222086)
            float3 xformOp:translate = (0.0012895875, 0.08987365, 0.14959076)
            uniform token[] xformOpOrder = ["xformOp:translate", "xformOp:orient"]

            def Capsule "Visual" (
                prepend apiSchemas = ["MaterialBindingAPI"]
            )
            {
                uniform token axis = "Z"
                double height = 0.0050241758241758245
                rel material:binding = </Looks/Wire_3>
                color3f[] primvars:displayColor = [(0.93, 0.1, 0.15)]
                double radius = 0.001
            }
        }

        def Xform "Segment_19"
        {
            quatf xformOp:orient = (0.8222355, -0.569146, 0.0005886339, 0.0011185785)
            float3 xformOp:translate = (0.0012872241, 0.09455926, 0.15140282)
            uniform token[] xformOpOrder = ["xformOp:translate", "xformOp:orient"]

            def Capsule "Visual" (
                prepend apiSchemas = ["MaterialBindingAPI"]
            )
            {
                uniform token axis = "Z"
                double height = 0.0050241758241758245
                rel material:binding = </Looks/Wire_3>
                color3f[] primvars:displayColor = [(0.93, 0.1, 0.15)]
                double radius = 0.001
            }
        }

        def Xform "Segment_20"
        {
            quatf xformOp:orient = (0.8168517, -0.57684654, 0.0006075505, 0.0011211132)
            float3 xformOp:translate = (0.0012818697, 0.09927934, 0.15312423)
            uniform token[] xformOpOrder = ["xformOp:translate", "xformOp:orient"]

            def Capsule "Visual" (
                prepend apiSchemas = ["MaterialBindingAPI"]
            )
            {
                uniform token axis = "Z"
                double height = 0.0050241758241758245
                rel material:binding = </Looks/Wire_3>
                color3f[] primvars:displayColor = [(0.93, 0.1, 0.15)]
                double radius = 0.001
            }
        }

        def Xform "Segment_21"
        {
            quatf xformOp:orient = (0.81140774, -0.5844792, 0.00077991455, 0.0010203025)
            float3 xformOp:translate = (0.001277449, 0.10403096, 0.15475675)
            uniform token[] xformOpOrder = ["xformOp:translate", "xformOp:orient"]

            def Capsule "Visual" (
                prepend apiSchemas = ["MaterialBindingAPI"]
            )
            {
                uniform token axis = "Z"
                double height = 0.0050241758241758245
                rel material:binding = </Looks/Wire_3>
                color3f[] primvars:displayColor = [(0.93, 0.1, 0.15)]
                double radius = 0.001
            }
        }

        def Xform "Segment_22"
        {
            quatf xformOp:orient = (0.805932, -0.59200656, 0.0011923519, 0.0007531593)
            float3 xformOp:translate = (0.0012760739, 0.108812965, 0.15630017)
            uniform token[] xformOpOrder = ["xformOp:translate", "xformOp:orient"]

            def Capsule "Visual" (
                prepend apiSchemas = ["MaterialBindingAPI"]
            )
            {
                uniform token axis = "Z"
                double height = 0.0050241758241758245
                rel material:binding = </Looks/Wire_3>
                color3f[] primvars:displayColor = [(0.93, 0.1, 0.15)]
                double radius = 0.001
            }
        }

        def Xform "Segment_23"
        {
            quatf xformOp:orient = (0.8003299, -0.5995572, 0.0017793053, 0.00037746923)
            float3 xformOp:translate = (0.0012805103, 0.113623075, 0.15775384)
            uniform token[] xformOpOrder = ["xformOp:translate", "xformOp:orient"]

            def Capsule "Visual" (
                prepend apiSchemas = ["MaterialBindingAPI"]
            )
            {
                uniform token axis = "Z"
                double height = 0.0050241758241758245
                rel material:binding = </Looks/Wire_3>
                color3f[] primvars:displayColor = [(0.93, 0.1, 0.15)]
                double radius = 0.001
            }
        }

        def Xform "Segment_24"
        {
            quatf xformOp:orient = (0.79455096, -0.6071921, 0.0025592416, -0.00010557155)
            float3 xformOp:translate = (0.0012965443, 0.11845966, 0.15911973)
            uniform token[] xformOpOrder = ["xformOp:translate", "xformOp:orient"]

            def Capsule "Visual" (
                prepend apiSchemas = ["MaterialBindingAPI"]
            )
            {
                uniform token axis = "Z"
                double height = 0.0050241758241758245
                rel material:binding = </Looks/Wire_3>
                color3f[] primvars:displayColor = [(0.93, 0.1, 0.15)]
                double radius = 0.001
            }
        }

        def Xform "Segment_25"
        {
            quatf xformOp:orient = (0.7884646, -0.6150706, 0.003378779, -0.0005876741)
            float3 xformOp:translate = (0.0013217657, 0.123321936, 0.16039091)
            uniform token[] xformOpOrder = ["xformOp:translate", "xformOp:orient"]

            def Capsule "Visual" (
                prepend apiSchemas = ["MaterialBindingAPI"]
            )
            {
                uniform token axis = "Z"
                double height = 0.0050241758241758245
                rel material:binding = </Looks/Wire_3>
                color3f[] primvars:displayColor = [(0.93, 0.1, 0.15)]
                double radius = 0.001
            }
        }

        def Xform "Segment_26"
        {
            quatf xformOp:orient = (0.781918, -0.62336695, 0.0041328287, -0.0009668193)
            float3 xformOp:translate = (0.0013621257, 0.1282084, 0.16156842)
            uniform token[] xformOpOrder = ["xformOp:translate", "xformOp:orient"]

            def Capsule "Visual" (
                prepend apiSchemas = ["MaterialBindingAPI"]
            )
            {
                uniform token axis = "Z"
                double height = 0.0050241758241758245
                rel material:binding = </Looks/Wire_3>
                color3f[] primvars:displayColor = [(0.93, 0.1, 0.15)]
                double radius = 0.001
            }
        }

        def Xform "Segment_27"
        {
            quatf xformOp:orient = (0.7748587, -0.63211596, 0.004703273, -0.0011757989)
            float3 xformOp:translate = (0.0014094124, 0.13311915, 0.16263914)
            uniform token[] xformOpOrder = ["xformOp:translate", "xformOp:orient"]

            def Capsule "Visual" (
                prepend apiSchemas = ["MaterialBindingAPI"]
            )
            {
                uniform token axis = "Z"
                double height = 0.0050241758241758245
                rel material:binding = </Looks/Wire_3>
                color3f[] primvars:displayColor = [(0.93, 0.1, 0.15)]
                double radius = 0.001
            }
        }

        def Xform "Segment_28"
        {
            quatf xformOp:orient = (0.767099, -0.64150894, 0.0049225045, -0.0010709062)
            float3 xformOp:translate = (0.001464498, 0.13805328, 0.1635991)
            uniform token[] xformOpOrder = ["xformOp:translate", "xformOp:orient"]

            def Capsule "Visual" (
                prepend apiSchemas = ["MaterialBindingAPI"]
            )
            {
                uniform token axis = "Z"
                double height = 0.0050241758241758245
                rel material:binding = </Looks/Wire_3>
                color3f[] primvars:displayColor = [(0.93, 0.1, 0.15)]
                double radius = 0.001
            }
        }

        def Xform "Segment_29"
        {
            quatf xformOp:orient = (0.7587724, -0.6513376, 0.0048361854, -0.0007157584)
            float3 xformOp:translate = (0.0015185216, 0.14300957, 0.16443533)
            uniform token[] xformOpOrder = ["xformOp:translate", "xformOp:orient"]

            def Capsule "Visual" (
                prepend apiSchemas = ["MaterialBindingAPI"]
            )
            {
                uniform token axis = "Z"
                double height = 0.0050241758241758245
                rel material:binding = </Looks/Wire_3>
                color3f[] primvars:displayColor = [(0.93, 0.1, 0.15)]
                double radius = 0.001
            }
        }

        def Xform "Segment_30"
        {
            quatf xformOp:orient = (0.74985963, -0.6615825, 0.004370215, -0.00005841842)
            float3 xformOp:translate = (0.0015647938, 0.14798735, 0.16513808)
            uniform token[] xformOpOrder = ["xformOp:translate", "xformOp:orient"]

            def Capsule "Visual" (
                prepend apiSchemas = ["MaterialBindingAPI"]
            )
            {
                uniform token axis = "Z"
                double height = 0.0050241758241758245
                rel material:binding = </Looks/Wire_3>
                color3f[] primvars:displayColor = [(0.93, 0.1, 0.15)]
                double radius = 0.001
            }
        }

        def Xform "Segment_31"
        {
            quatf xformOp:orient = (0.7407113, -0.6718128, 0.0037345495, 0.00071675476)
            float3 xformOp:translate = (0.0016015832, 0.15298228, 0.16570456)
            uniform token[] xformOpOrder = ["xformOp:translate", "xformOp:orient"]

            def Capsule "Visual" (
                prepend apiSchemas = ["MaterialBindingAPI"]
            )
            {
                uniform token axis = "Z"
                double height = 0.0050241758241758245
                rel material:binding = </Looks/Wire_3>
                color3f[] primvars:displayColor = [(0.93, 0.1, 0.15)]
                double radius = 0.001
            }
        }

        def Xform "Segment_32"
        {
            quatf xformOp:orient = (0.7315255, -0.68180573, 0.003034659, 0.0014986938)
            float3 xformOp:translate = (0.0016195023, 0.15799323, 0.16612616)
            uniform token[] xformOpOrder = ["xformOp:translate", "xformOp:orient"]

            def Capsule "Visual" (
                prepend apiSchemas = ["MaterialBindingAPI"]
            )
            {
                uniform token axis = "Z"
                double height = 0.0050241758241758245
                rel material:binding = </Looks/Wire_3>
                color3f[] primvars:displayColor = [(0.93, 0.1, 0.15)]
                double radius = 0.001
            }
        }

        def Xform "Segment_33"
        {
            quatf xformOp:orient = (0.72258216, -0.69127744, 0.0024427967, 0.0021505333)
            float3 xformOp:translate = (0.0016272058, 0.16301367, 0.16641435)
            uniform token[] xformOpOrder = ["xformOp:translate", "xformOp:orient"]

            def Capsule "Visual" (
                prepend apiSchemas = ["MaterialBindingAPI"]
            )
            {
                uniform token axis = "Z"
                double height = 0.0050241758241758245
                rel material:binding = </Looks/Wire_3>
                color3f[] primvars:displayColor = [(0.93, 0.1, 0.15)]
                double radius = 0.001
            }
        }

        def Xform "Segment_34"
        {
            quatf xformOp:orient = (0.71417797, -0.69995654, 0.002136774, 0.0024983827)
            float3 xformOp:translate = (0.0016183058, 0.16804282, 0.16656658)
            uniform token[] xformOpOrder = ["xformOp:translate", "xformOp:orient"]

            def Capsule "Visual" (
                prepend apiSchemas = ["MaterialBindingAPI"]
            )
            {
                uniform token axis = "Z"
                double height = 0.0050241758241758245
                rel material:binding = </Looks/Wire_3>
                color3f[] primvars:displayColor = [(0.93, 0.1, 0.15)]
                double radius = 0.001
            }
        }

        def Xform "Segment_35"
        {
            quatf xformOp:orient = (0.7063058, -0.70789915, 0.0020807167, 0.0025935648)
            float3 xformOp:translate = (0.0016059829, 0.17307445, 0.1666018)
            uniform token[] xformOpOrder = ["xformOp:translate", "xformOp:orient"]

            def Capsule "Visual" (
                prepend apiSchemas = ["MaterialBindingAPI"]
            )
            {
                uniform token axis = "Z"
                double height = 0.0050241758241758245
                rel material:binding = </Looks/Wire_3>
                color3f[] primvars:displayColor = [(0.93, 0.1, 0.15)]
                double radius = 0.001
            }
        }

        def Xform "Segment_36"
        {
            quatf xformOp:orient = (0.6990884, -0.7150275, 0.0023426914, 0.0023826906)
            float3 xformOp:translate = (0.0015899293, 0.17810887, 0.16652453)
            uniform token[] xformOpOrder = ["xformOp:translate", "xformOp:orient"]

            def Capsule "Visual" (
                prepend apiSchemas = ["MaterialBindingAPI"]
            )
            {
                uniform token axis = "Z"
                double height = 0.0050241758241758245
                rel material:binding = </Looks/Wire_3>
                color3f[] primvars:displayColor = [(0.93, 0.1, 0.15)]
                double radius = 0.001
            }
        }

        def Xform "Segment_37"
        {
            quatf xformOp:orient = (0.6922475, -0.72165215, 0.002711247, 0.0020737562)
            float3 xformOp:translate = (0.0015778159, 0.18314111, 0.16634865)
            uniform token[] xformOpOrder = ["xformOp:translate", "xformOp:orient"]

            def Capsule "Visual" (
                prepend apiSchemas = ["MaterialBindingAPI"]
            )
            {
                uniform token axis = "Z"
                double height = 0.0050241758241758245
                rel material:binding = </Looks/Wire_3>
                color3f[] primvars:displayColor = [(0.93, 0.1, 0.15)]
                double radius = 0.001
            }
        }

        def Xform "Segment_38"
        {
            quatf xformOp:orient = (0.685646, -0.7279264, 0.0031411476, 0.00174463)
            float3 xformOp:translate = (0.0015738044, 0.18817213, 0.16608185)
            uniform token[] xformOpOrder = ["xformOp:translate", "xformOp:orient"]

            def Capsule "Visual" (
                prepend apiSchemas = ["MaterialBindingAPI"]
            )
            {
                uniform token axis = "Z"
                double height = 0.0050241758241758245
                rel material:binding = </Looks/Wire_3>
                color3f[] primvars:displayColor = [(0.93, 0.1, 0.15)]
                double radius = 0.001
            }
        }

        def Xform "Segment_39"
        {
            quatf xformOp:orient = (0.67903286, -0.7340981, 0.0034946927, 0.0015179632)
            float3 xformOp:translate = (0.0015742673, 0.19319771, 0.16572402)
            uniform token[] xformOpOrder = ["xformOp:translate", "xformOp:orient"]

            def Capsule "Visual" (
                prepend apiSchemas = ["MaterialBindingAPI"]
            )
            {
                uniform token axis = "Z"
                double height = 0.0050241758241758245
                rel material:binding = </Looks/Wire_3>
                color3f[] primvars:displayColor = [(0.93, 0.1, 0.15)]
                double radius = 0.001
            }
        }

        def Xform "Segment_40"
        {
            quatf xformOp:orient = (0.6722559, -0.74030805, 0.003717169, 0.0014795623)
            float3 xformOp:translate = (0.0015861031, 0.19821829, 0.16528335)
            uniform token[] xformOpOrder = ["xformOp:translate", "xformOp:orient"]

            def Capsule "Visual" (
                prepend apiSchemas = ["MaterialBindingAPI"]
            )
            {
                uniform token axis = "Z"
                double height = 0.0050241758241758245
                rel material:binding = </Looks/Wire_3>
                color3f[] primvars:displayColor = [(0.93, 0.1, 0.15)]
                double radius = 0.001
            }
        }

        def Xform "Segment_41"
        {
            quatf xformOp:orient = (0.6652974, -0.74656695, 0.0038361105, 0.0015728599)
            float3 xformOp:translate = (0.0015985405, 0.2032299, 0.1647499)
            uniform token[] xformOpOrder = ["xformOp:translate", "xformOp:orient"]

            def Capsule "Visual" (
                prepend apiSchemas = ["MaterialBindingAPI"]
            )
            {
                uniform token axis = "Z"
                double height = 0.0050241758241758245
                rel material:binding = </Looks/Wire_3>
                color3f[] primvars:displayColor = [(0.93, 0.1, 0.15)]
                double radius = 0.001
            }
        }

        def Xform "Segment_42"
        {
            quatf xformOp:orient = (0.65813786, -0.75288534, 0.0038750253, 0.0017796782)
            float3 xformOp:translate = (0.0016194291, 0.20823169, 0.16413194)
            uniform token[] xformOpOrder = ["xformOp:translate", "xformOp:orient"]

            def Capsule "Visual" (
                prepend apiSchemas = ["MaterialBindingAPI"]
            )
            {
                uniform token axis = "Z"
                double height = 0.0050241758241758245
                rel material:binding = </Looks/Wire_3>
                color3f[] primvars:displayColor = [(0.93, 0.1, 0.15)]
                double radius = 0.001
            }
        }

        def Xform "Segment_43"
        {
            quatf xformOp:orient = (0.6508395, -0.7592027, 0.00391223, 0.0019922112)
            float3 xformOp:translate = (0.0016386361, 0.21322064, 0.16341841)
            uniform token[] xformOpOrder = ["xformOp:translate", "xformOp:orient"]

            def Capsule "Visual" (
                prepend apiSchemas = ["MaterialBindingAPI"]
            )
            {
                uniform token axis = "Z"
                double height = 0.0050241758241758245
                rel material:binding = </Looks/Wire_3>
                color3f[] primvars:displayColor = [(0.93, 0.1, 0.15)]
                double radius = 0.001
            }
        }

        def Xform "Segment_44"
        {
            quatf xformOp:orient = (0.64338475, -0.7655295, 0.0039807977, 0.002173722)
            float3 xformOp:translate = (0.0016616319, 0.21819395, 0.16261457)
            uniform token[] xformOpOrder = ["xformOp:translate", "xformOp:orient"]

            def Capsule "Visual" (
                prepend apiSchemas = ["MaterialBindingAPI"]
            )
            {
                uniform token axis = "Z"
                double height = 0.0050241758241758245
                rel material:binding = </Looks/Wire_3>
                color3f[] primvars:displayColor = [(0.93, 0.1, 0.15)]
                double radius = 0.001
            }
        }

        def Xform "Segment_45"
        {
            quatf xformOp:orient = (0.63567173, -0.7719453, 0.0040560565, 0.0023425026)
            float3 xformOp:translate = (0.00168348, 0.22315022, 0.16171287)
            uniform token[] xformOpOrder = ["xformOp:translate", "xformOp:orient"]

            def Capsule "Visual" (
                prepend apiSchemas = ["MaterialBindingAPI"]
            )
            {
                uniform token axis = "Z"
                double height = 0.0050241758241758245
                rel material:binding = </Looks/Wire_3>
                color3f[] primvars:displayColor = [(0.93, 0.1, 0.15)]
                double radius = 0.001
            }
        }

        def Xform "Segment_46"
        {
            quatf xformOp:orient = (0.6274858, -0.7786132, 0.0040528323, 0.0026005928)
            float3 xformOp:translate = (0.001702147, 0.22808342, 0.16070896)
            uniform token[] xformOpOrder = ["xformOp:translate", "xformOp:orient"]

            def Capsule "Visual" (
                prepend apiSchemas = ["MaterialBindingAPI"]
            )
            {
                uniform token axis = "Z"
                double height = 0.0050241758241758245
                rel material:binding = </Looks/Wire_3>
                color3f[] primvars:displayColor = [(0.93, 0.1, 0.15)]
                double radius = 0.001
            }
        }

        def Xform "Segment_47"
        {
            quatf xformOp:orient = (0.6186519, -0.7856497, 0.003887371, 0.0030425384)
            float3 xformOp:translate = (0.0017168621, 0.23299311, 0.15959768)
            uniform token[] xformOpOrder = ["xformOp:translate", "xformOp:orient"]

            def Capsule "Visual" (
                prepend apiSchemas = ["MaterialBindingAPI"]
            )
            {
                uniform token axis = "Z"
                double height = 0.0050241758241758245
                rel material:binding = </Looks/Wire_3>
                color3f[] primvars:displayColor = [(0.93, 0.1, 0.15)]
                double radius = 0.001
            }
        }

        def Xform "Segment_48"
        {
            quatf xformOp:orient = (0.6089059, -0.79322594, 0.0033969283, 0.0038468004)
            float3 xformOp:translate = (0.0017164326, 0.23786902, 0.15836343)
            uniform token[] xformOpOrder = ["xformOp:translate", "xformOp:orient"]

            def Capsule "Visual" (
                prepend apiSchemas = ["MaterialBindingAPI"]
            )
            {
                uniform token axis = "Z"
                double height = 0.0050241758241758245
                rel material:binding = </Looks/Wire_3>
                color3f[] primvars:displayColor = [(0.93, 0.1, 0.15)]
                double radius = 0.001
            }
        }

        def Xform "Segment_49"
        {
            quatf xformOp:orient = (0.5983188, -0.8012385, 0.0026221445, 0.0049714525)
            float3 xformOp:translate = (0.001703729, 0.24271141, 0.15700488)
            uniform token[] xformOpOrder = ["xformOp:translate", "xformOp:orient"]

            def Capsule "Visual" (
                prepend apiSchemas = ["MaterialBindingAPI"]
            )
            {
                uniform token axis = "Z"
                double height = 0.0050241758241758245
                rel material:binding = </Looks/Wire_3>
                color3f[] primvars:displayColor = [(0.93, 0.1, 0.15)]
                double radius = 0.001
            }
        }

        def Xform "Segment_50"
        {
            quatf xformOp:orient = (0.5869484, -0.8095975, 0.0015140569, 0.0064179334)
            float3 xformOp:translate = (0.0016650385, 0.24750777, 0.15550497)
            uniform token[] xformOpOrder = ["xformOp:translate", "xformOp:orient"]

            def Capsule "Visual" (
                prepend apiSchemas = ["MaterialBindingAPI"]
            )
            {
                uniform token axis = "Z"
                double height = 0.0050241758241758245
                rel material:binding = </Looks/Wire_3>
                color3f[] primvars:displayColor = [(0.93, 0.1, 0.15)]
                double radius = 0.001
            }
        }

        def Xform "Segment_51"
        {
            quatf xformOp:orient = (0.57518554, -0.8179842, 0.00028677128, 0.007954491)
            float3 xformOp:translate = (0.0016065467, 0.25225917, 0.15386881)
            uniform token[] xformOpOrder = ["xformOp:translate", "xformOp:orient"]

            def Capsule "Visual" (
                prepend apiSchemas = ["MaterialBindingAPI"]
            )
            {
                uniform token axis = "Z"
                double height = 0.0050241758241758245
                rel material:binding = </Looks/Wire_3>
                color3f[] primvars:displayColor = [(0.93, 0.1, 0.15)]
                double radius = 0.001
            }
        }

        def Xform "Segment_52"
        {
            quatf xformOp:orient = (0.56356823, -0.8260172, -0.0008780378, 0.00925872)
            float3 xformOp:translate = (0.0015230349, 0.2569565, 0.152092)
            uniform token[] xformOpOrder = ["xformOp:translate", "xformOp:orient"]

            def Capsule "Visual" (
                prepend apiSchemas = ["MaterialBindingAPI"]
            )
            {
                uniform token axis = "Z"
                double height = 0.0050241758241758245
                rel material:binding = </Looks/Wire_3>
                color3f[] primvars:displayColor = [(0.93, 0.1, 0.15)]
                double radius = 0.001
            }
        }

        def Xform "Segment_53"
        {
            quatf xformOp:orient = (0.5524311, -0.83349496, -0.001780383, 0.010142303)
            float3 xformOp:translate = (0.0014238068, 0.2616031, 0.1501863)
            uniform token[] xformOpOrder = ["xformOp:translate", "xformOp:orient"]

            def Capsule "Visual" (
                prepend apiSchemas = ["MaterialBindingAPI"]
            )
            {
                uniform token axis = "Z"
                double height = 0.0050241758241758245
                rel material:binding = </Looks/Wire_3>
                color3f[] primvars:displayColor = [(0.93, 0.1, 0.15)]
                double radius = 0.001
            }
        }

        def Xform "Segment_54"
        {
            quatf xformOp:orient = (0.54241645, -0.8400449, -0.00217631, 0.010207058)
            float3 xformOp:translate = (0.0013175013, 0.26619834, 0.1481648)
            uniform token[] xformOpOrder = ["xformOp:translate", "xformOp:orient"]

            def Capsule "Visual" (
                prepend apiSchemas = ["MaterialBindingAPI"]
            )
            {
                uniform token axis = "Z"
                double height = 0.0050241758241758245
                rel material:binding = </Looks/Wire_3>
                color3f[] primvars:displayColor = [(0.93, 0.1, 0.15)]
                double radius = 0.001
            }
        }

        def Xform "Segment_55"
        {
            quatf xformOp:orient = (0.5333848, -0.8458158, -0.0021033909, 0.009591263)
            float3 xformOp:translate = (0.0012124098, 0.27074698, 0.14603953)
            uniform token[] xformOpOrder = ["xformOp:translate", "xformOp:orient"]

            def Capsule "Visual" (
                prepend apiSchemas = ["MaterialBindingAPI"]
            )
            {
                uniform token axis = "Z"
                double height = 0.0050241758241758245
                rel material:binding = </Looks/Wire_3>
                color3f[] primvars:displayColor = [(0.93, 0.1, 0.15)]
                double radius = 0.001
            }
        }

        def Xform "Segment_56"
        {
            quatf xformOp:orient = (0.5255565, -0.850718, -0.0015052741, 0.00819212)
            float3 xformOp:translate = (0.0011229723, 0.27525404, 0.14383027)
            uniform token[] xformOpOrder = ["xformOp:translate", "xformOp:orient"]

            def Capsule "Visual" (
                prepend apiSchemas = ["MaterialBindingAPI"]
            )
            {
                uniform token axis = "Z"
                double height = 0.0050241758241758245
                rel material:binding = </Looks/Wire_3>
                color3f[] primvars:displayColor = [(0.93, 0.1, 0.15)]
                double radius = 0.001
            }
        }

        def Xform "Segment_57"
        {
            quatf xformOp:orient = (0.51848197, -0.8550648, -0.00058285845, 0.0063615856)
            float3 xformOp:translate = (0.0010511535, 0.27972203, 0.14154208)
            uniform token[] xformOpOrder = ["xformOp:translate", "xformOp:orient"]

            def Capsule "Visual" (
                prepend apiSchemas = ["MaterialBindingAPI"]
            )
            {
                uniform token axis = "Z"
                double height = 0.0050241758241758245
                rel material:binding = </Looks/Wire_3>
                color3f[] primvars:displayColor = [(0.93, 0.1, 0.15)]
                double radius = 0.001
            }
        }

        def Xform "Segment_58"
        {
            quatf xformOp:orient = (0.51189005, -0.8590399, 0.0005019799, 0.004338165)
            float3 xformOp:translate = (0.0010067365, 0.28415543, 0.13918926)
            uniform token[] xformOpOrder = ["xformOp:translate", "xformOp:orient"]

            def Capsule "Visual" (
                prepend apiSchemas = ["MaterialBindingAPI"]
            )
            {
                uniform token axis = "Z"
                double height = 0.0050241758241758245
                rel material:binding = </Looks/Wire_3>
                color3f[] primvars:displayColor = [(0.93, 0.1, 0.15)]
                double radius = 0.001
            }
        }

        def Xform "Segment_59"
        {
            quatf xformOp:orient = (0.50540924, -0.8628751, 0.0015962708, 0.002384941)
            float3 xformOp:translate = (0.0009848803, 0.28855258, 0.136769)
            uniform token[] xformOpOrder = ["xformOp:translate", "xformOp:orient"]

            def Capsule "Visual" (
                prepend apiSchemas = ["MaterialBindingAPI"]
            )
            {
                uniform token axis = "Z"
                double height = 0.0050241758241758245
                rel material:binding = </Looks/Wire_3>
                color3f[] primvars:displayColor = [(0.93, 0.1, 0.15)]
                double radius = 0.001
            }
        }

        def Xform "Segment_60"
        {
            quatf xformOp:orient = (0.4986004, -0.8668281, 0.0024856897, 0.0008126998)
            float3 xformOp:translate = (0.0009857531, 0.2929132, 0.13428444)
            uniform token[] xformOpOrder = ["xformOp:translate", "xformOp:orient"]

            def Capsule "Visual" (
                prepend apiSchemas = ["MaterialBindingAPI"]
            )
            {
                uniform token axis = "Z"
                double height = 0.0050241758241758245
                rel material:binding = </Looks/Wire_3>
                color3f[] primvars:displayColor = [(0.93, 0.1, 0.15)]
                double radius = 0.001
            }
        }

        def Xform "Segment_61"
        {
            quatf xformOp:orient = (0.4914023, -0.8709269, 0.0031806296, -0.00036946347)
            float3 xformOp:translate = (0.0010023596, 0.29723293, 0.13172966)
            uniform token[] xformOpOrder = ["xformOp:translate", "xformOp:orient"]

            def Capsule "Visual" (
                prepend apiSchemas = ["MaterialBindingAPI"]
            )
            {
                uniform token axis = "Z"
                double height = 0.0050241758241758245
                rel material:binding = </Looks/Wire_3>
                color3f[] primvars:displayColor = [(0.93, 0.1, 0.15)]
                double radius = 0.001
            }
        }

        def Xform "Segment_62"
        {
            quatf xformOp:orient = (0.48357326, -0.8752961, 0.0035705545, -0.0010394624)
            float3 xformOp:translate = (0.0010286458, 0.3015076, 0.12910001)
            uniform token[] xformOpOrder = ["xformOp:translate", "xformOp:orient"]

            def Capsule "Visual" (
                prepend apiSchemas = ["MaterialBindingAPI"]
            )
            {
                uniform token axis = "Z"
                double height = 0.0050241758241758245
                rel material:binding = </Looks/Wire_3>
                color3f[] primvars:displayColor = [(0.93, 0.1, 0.15)]
                double radius = 0.001
            }
        }

        def Xform "Segment_63"
        {
            quatf xformOp:orient = (0.475264, -0.8798342, 0.0037650436, -0.0013392079)
            float3 xformOp:translate = (0.0010603585, 0.30573294, 0.12639198)
            uniform token[] xformOpOrder = ["xformOp:translate", "xformOp:orient"]

            def Capsule "Visual" (
                prepend apiSchemas = ["MaterialBindingAPI"]
            )
            {
                uniform token axis = "Z"
                double height = 0.0050241758241758245
                rel material:binding = </Looks/Wire_3>
                color3f[] primvars:displayColor = [(0.93, 0.1, 0.15)]
                double radius = 0.001
            }
        }

        def Xform "Segment_64"
        {
            quatf xformOp:orient = (0.4665038, -0.8845103, 0.0037670066, -0.0013470087)
            float3 xformOp:translate = (0.0010913762, 0.30990407, 0.12359997)
            uniform token[] xformOpOrder = ["xformOp:translate", "xformOp:orient"]

            def Capsule "Visual" (
                prepend apiSchemas = ["MaterialBindingAPI"]
            )
            {
                uniform token axis = "Z"
                double height = 0.0050241758241758245
                rel material:binding = </Looks/Wire_3>
                color3f[] primvars:displayColor = [(0.93, 0.1, 0.15)]
                double radius = 0.001
            }
        }

        def Xform "Segment_65"
        {
            quatf xformOp:orient = (0.45743325, -0.8892356, 0.0036713076, -0.0011752491)
            float3 xformOp:translate = (0.0011211695, 0.31401798, 0.1207244)
            uniform token[] xformOpOrder = ["xformOp:translate", "xformOp:orient"]

            def Capsule "Visual" (
                prepend apiSchemas = ["MaterialBindingAPI"]
            )
            {
                uniform token axis = "Z"
                double height = 0.0050241758241758245
                rel material:binding = </Looks/Wire_3>
                color3f[] primvars:displayColor = [(0.93, 0.1, 0.15)]
                double radius = 0.001
            }
        }

        def Xform "Segment_66"
        {
            quatf xformOp:orient = (0.4481725, -0.8939397, 0.0035172976, -0.00095515983)
            float3 xformOp:translate = (0.0011467743, 0.31807148, 0.11776256)
            uniform token[] xformOpOrder = ["xformOp:translate", "xformOp:orient"]

            def Capsule "Visual" (
                prepend apiSchemas = ["MaterialBindingAPI"]
            )
            {
                uniform token axis = "Z"
                double height = 0.0050241758241758245
                rel material:binding = </Looks/Wire_3>
                color3f[] primvars:displayColor = [(0.93, 0.1, 0.15)]
                double radius = 0.001
            }
        }

        def Xform "Segment_67"
        {
            quatf xformOp:orient = (0.4387583, -0.89859873, 0.003343045, -0.0007060842)
            float3 xformOp:translate = (0.0011692512, 0.32206225, 0.11471663)
            uniform token[] xformOpOrder = ["xformOp:translate", "xformOp:orient"]

            def Capsule "Visual" (
                prepend apiSchemas = ["MaterialBindingAPI"]
            )
            {
                uniform token axis = "Z"
                double height = 0.0050241758241758245
                rel material:binding = </Looks/Wire_3>
                color3f[] primvars:displayColor = [(0.93, 0.1, 0.15)]
                double radius = 0.001
            }
        }

        def Xform "Segment_68"
        {
            quatf xformOp:orient = (0.42926732, -0.9031718, 0.003169219, -0.0005045865)
            float3 xformOp:translate = (0.001188323, 0.32598865, 0.111586496)
            uniform token[] xformOpOrder = ["xformOp:translate", "xformOp:orient"]

            def Capsule "Visual" (
                prepend apiSchemas = ["MaterialBindingAPI"]
            )
            {
                uniform token axis = "Z"
                double height = 0.0050241758241758245
                rel material:binding = </Looks/Wire_3>
                color3f[] primvars:displayColor = [(0.93, 0.1, 0.15)]
                double radius = 0.001
            }
        }

        def Xform "Segment_69"
        {
            quatf xformOp:orient = (0.4196723, -0.9076707, 0.003000428, -0.00032308468)
            float3 xformOp:translate = (0.0012046399, 0.329848, 0.108374044)
            uniform token[] xformOpOrder = ["xformOp:translate", "xformOp:orient"]

            def Capsule "Visual" (
                prepend apiSchemas = ["MaterialBindingAPI"]
            )
            {
                uniform token axis = "Z"
                double height = 0.0050241758241758245
                rel material:binding = </Looks/Wire_3>
                color3f[] primvars:displayColor = [(0.93, 0.1, 0.15)]
                double radius = 0.001
            }
        }

        def Xform "Segment_70"
        {
            quatf xformOp:orient = (0.40998077, -0.9120897, 0.0028349594, -0.00017857958)
            float3 xformOp:translate = (0.001218846, 0.33363912, 0.10508015)
            uniform token[] xformOpOrder = ["xformOp:translate", "xformOp:orient"]

            def Capsule "Visual" (
                prepend apiSchemas = ["MaterialBindingAPI"]
            )
            {
                uniform token axis = "Z"
                double height = 0.0050241758241758245
                rel material:binding = </Looks/Wire_3>
                color3f[] primvars:displayColor = [(0.93, 0.1, 0.15)]
                double radius = 0.001
            }
        }

        def Xform "Segment_71"
        {
            quatf xformOp:orient = (0.40017793, -0.91643363, 0.002673148, -0.000049714767)
            float3 xformOp:translate = (0.0012308557, 0.33735895, 0.10170597)
            uniform token[] xformOpOrder = ["xformOp:translate", "xformOp:orient"]

            def Capsule "Visual" (
                prepend apiSchemas = ["MaterialBindingAPI"]
            )
            {
                uniform token axis = "Z"
                double height = 0.0050241758241758245
                rel material:binding = </Looks/Wire_3>
                color3f[] primvars:displayColor = [(0.93, 0.1, 0.15)]
                double radius = 0.001
            }
        }

        def Xform "Segment_72"
        {
            quatf xformOp:orient = (0.39025182, -0.92070484, 0.0025074573, 0.00006747449)
            float3 xformOp:translate = (0.0012411373, 0.34100592, 0.09825247)
            uniform token[] xformOpOrder = ["xformOp:translate", "xformOp:orient"]

            def Capsule "Visual" (
                prepend apiSchemas = ["MaterialBindingAPI"]
            )
            {
                uniform token axis = "Z"
                double height = 0.0050241758241758245
                rel material:binding = </Looks/Wire_3>
                color3f[] primvars:displayColor = [(0.93, 0.1, 0.15)]
                double radius = 0.001
            }
        }

        def Xform "Segment_73"
        {
            quatf xformOp:orient = (0.38020074, -0.924901, 0.0023423878, 0.00017596388)
            float3 xformOp:translate = (0.0012494712, 0.34457707, 0.09472064)
            uniform token[] xformOpOrder = ["xformOp:translate", "xformOp:orient"]

            def Capsule "Visual" (
                prepend apiSchemas = ["MaterialBindingAPI"]
            )
            {
                uniform token axis = "Z"
                double height = 0.0050241758241758245
                rel material:binding = </Looks/Wire_3>
                color3f[] primvars:displayColor = [(0.93, 0.1, 0.15)]
                double radius = 0.001
            }
        }

        def Xform "Segment_74"
        {
            quatf xformOp:orient = (0.370025, -0.9290192, 0.0021743714, 0.00027642705)
            float3 xformOp:translate = (0.0012560083, 0.34807035, 0.09111148)
            uniform token[] xformOpOrder = ["xformOp:translate", "xformOp:orient"]

            def Capsule "Visual" (
                prepend apiSchemas = ["MaterialBindingAPI"]
            )
            {
                uniform token axis = "Z"
                double height = 0.0050241758241758245
                rel material:binding = </Looks/Wire_3>
                color3f[] primvars:displayColor = [(0.93, 0.1, 0.15)]
                double radius = 0.001
            }
        }

        def Xform "Segment_75"
        {
            quatf xformOp:orient = (0.35973692, -0.9330516, 0.0020083082, 0.00036496425)
            float3 xformOp:translate = (0.0012608069, 0.35148332, 0.087426245)
            uniform token[] xformOpOrder = ["xformOp:translate", "xformOp:orient"]

            def Capsule "Visual" (
                prepend apiSchemas = ["MaterialBindingAPI"]
            )
            {
                uniform token axis = "Z"
                double height = 0.0050241758241758245
                rel material:binding = </Looks/Wire_3>
                color3f[] primvars:displayColor = [(0.93, 0.1, 0.15)]
                double radius = 0.001
            }
        }

        def Xform "Segment_76"
        {
            quatf xformOp:orient = (0.34935498, -0.9369886, 0.0018445767, 0.00043739687)
            float3 xformOp:translate = (0.001263942, 0.35481375, 0.083666235)
            uniform token[] xformOpOrder = ["xformOp:translate", "xformOp:orient"]

            def Capsule "Visual" (
                prepend apiSchemas = ["MaterialBindingAPI"]
            )
            {
                uniform token axis = "Z"
                double height = 0.0050241758241758245
                rel material:binding = </Looks/Wire_3>
                color3f[] primvars:displayColor = [(0.93, 0.1, 0.15)]
                double radius = 0.001
            }
        }

        def Xform "Segment_77"
        {
            quatf xformOp:orient = (0.33889383, -0.94082296, 0.0016852325, 0.0004923079)
            float3 xformOp:translate = (0.0012657004, 0.3580597, 0.07983307)
            uniform token[] xformOpOrder = ["xformOp:translate", "xformOp:orient"]

            def Capsule "Visual" (
                prepend apiSchemas = ["MaterialBindingAPI"]
            )
            {
                uniform token axis = "Z"
                double height = 0.0050241758241758245
                rel material:binding = </Looks/Wire_3>
                color3f[] primvars:displayColor = [(0.93, 0.1, 0.15)]
                double radius = 0.001
            }
        }

        def Xform "Segment_78"
        {
            quatf xformOp:orient = (0.32837594, -0.9445458, 0.0015316823, 0.00052643754)
            float3 xformOp:translate = (0.0012662376, 0.36121926, 0.075928494)
            uniform token[] xformOpOrder = ["xformOp:translate", "xformOp:orient"]

            def Capsule "Visual" (
                prepend apiSchemas = ["MaterialBindingAPI"]
            )
            {
                uniform token axis = "Z"
                double height = 0.0050241758241758245
                rel material:binding = </Looks/Wire_3>
                color3f[] primvars:displayColor = [(0.93, 0.1, 0.15)]
                double radius = 0.001
            }
        }

        def Xform "Segment_79"
        {
            quatf xformOp:orient = (0.3177978, -0.9481574, 0.0013833178, 0.0005420041)
            float3 xformOp:translate = (0.0012658593, 0.36429083, 0.071954325)
            uniform token[] xformOpOrder = ["xformOp:translate", "xformOp:orient"]

            def Capsule "Visual" (
                prepend apiSchemas = ["MaterialBindingAPI"]
            )
            {
                uniform token axis = "Z"
                double height = 0.0050241758241758245
                rel material:binding = </Looks/Wire_3>
                color3f[] primvars:displayColor = [(0.93, 0.1, 0.15)]
                double radius = 0.001
            }
        }

        def Xform "Segment_80"
        {
            quatf xformOp:orient = (0.30719456, -0.9516458, 0.0012409867, 0.00053930614)
            float3 xformOp:translate = (0.0012647824, 0.3672728, 0.06791263)
            uniform token[] xformOpOrder = ["xformOp:translate", "xformOp:orient"]

            def Capsule "Visual" (
                prepend apiSchemas = ["MaterialBindingAPI"]
            )
            {
                uniform token axis = "Z"
                double height = 0.0050241758241758245
                rel material:binding = </Looks/Wire_3>
                color3f[] primvars:displayColor = [(0.93, 0.1, 0.15)]
                double radius = 0.001
            }
        }

        def Xform "Segment_81"
        {
            quatf xformOp:orient = (0.29656702, -0.95501137, 0.0011030659, 0.0005214587)
            float3 xformOp:translate = (0.0012632203, 0.37016383, 0.06380541)
            uniform token[] xformOpOrder = ["xformOp:translate", "xformOp:orient"]

            def Capsule "Visual" (
                prepend apiSchemas = ["MaterialBindingAPI"]
            )
            {
                uniform token axis = "Z"
                double height = 0.0050241758241758245
                rel material:binding = </Looks/Wire_3>
                color3f[] primvars:displayColor = [(0.93, 0.1, 0.15)]
                double radius = 0.001
            }
        }

        def Xform "Segment_82"
        {
            quatf xformOp:orient = (0.28594512, -0.95824546, 0.00096981623, 0.00049112405)
            float3 xformOp:translate = (0.0012613732, 0.37296268, 0.059635013)
            uniform token[] xformOpOrder = ["xformOp:translate", "xformOp:orient"]

            def Capsule "Visual" (
                prepend apiSchemas = ["MaterialBindingAPI"]
            )
            {
                uniform token axis = "Z"
                double height = 0.0050241758241758245
                rel material:binding = </Looks/Wire_3>
                color3f[] primvars:displayColor = [(0.93, 0.1, 0.15)]
                double radius = 0.001
            }
        }

        def Xform "Segment_83"
        {
            quatf xformOp:orient = (0.2753429, -0.9613457, 0.0008397899, 0.000450302)
            float3 xformOp:translate = (0.0012593713, 0.3756685, 0.055403635)
            uniform token[] xformOpOrder = ["xformOp:translate", "xformOp:orient"]

            def Capsule "Visual" (
                prepend apiSchemas = ["MaterialBindingAPI"]
            )
            {
                uniform token axis = "Z"
                double height = 0.0050241758241758245
                rel material:binding = </Looks/Wire_3>
                color3f[] primvars:displayColor = [(0.93, 0.1, 0.15)]
                double radius = 0.001
            }
        }

        def Xform "Segment_84"
        {
            quatf xformOp:orient = (0.26478374, -0.9643074, 0.00071305974, 0.00040192244)
            float3 xformOp:translate = (0.001257358, 0.37828046, 0.051113825)
            uniform token[] xformOpOrder = ["xformOp:translate", "xformOp:orient"]

            def Capsule "Visual" (
                prepend apiSchemas = ["MaterialBindingAPI"]
            )
            {
                uniform token axis = "Z"
                double height = 0.0050241758241758245
                rel material:binding = </Looks/Wire_3>
                color3f[] primvars:displayColor = [(0.93, 0.1, 0.15)]
                double radius = 0.001
            }
        }

        def Xform "Segment_85"
        {
            quatf xformOp:orient = (0.25430468, -0.9671239, 0.0005887128, 0.00034659856)
            float3 xformOp:translate = (0.0012554259, 0.3807982, 0.046768036)
            uniform token[] xformOpOrder = ["xformOp:translate", "xformOp:orient"]

            def Capsule "Visual" (
                prepend apiSchemas = ["MaterialBindingAPI"]
            )
            {
                uniform token axis = "Z"
                double height = 0.0050241758241758245
                rel material:binding = </Looks/Wire_3>
                color3f[] primvars:displayColor = [(0.93, 0.1, 0.15)]
                double radius = 0.001
            }
        }

        def Xform "Segment_86"
        {
            quatf xformOp:orient = (0.24394716, -0.96978843, 0.00046686523, 0.00028636033)
            float3 xformOp:translate = (0.0012536709, 0.3832217, 0.04236907)
            uniform token[] xformOpOrder = ["xformOp:translate", "xformOp:orient"]

            def Capsule "Visual" (
                prepend apiSchemas = ["MaterialBindingAPI"]
            )
            {
                uniform token axis = "Z"
                double height = 0.0050241758241758245
                rel material:binding = </Looks/Wire_3>
                color3f[] primvars:displayColor = [(0.93, 0.1, 0.15)]
                double radius = 0.001
            }
        }

        def Xform "Segment_87"
        {
            quatf xformOp:orient = (0.23376805, -0.9722923, 0.0003470412, 0.000221062)
            float3 xformOp:translate = (0.0012521754, 0.38555142, 0.03791975)
            uniform token[] xformOpOrder = ["xformOp:translate", "xformOp:orient"]

            def Capsule "Visual" (
                prepend apiSchemas = ["MaterialBindingAPI"]
            )
            {
                uniform token axis = "Z"
                double height = 0.0050241758241758245
                rel material:binding = </Looks/Wire_3>
                color3f[] primvars:displayColor = [(0.93, 0.1, 0.15)]
                double radius = 0.001
            }
        }

        def Xform "Segment_88"
        {
            quatf xformOp:orient = (0.22381622, -0.97463137, 0.00022939515, 0.00015164317)
            float3 xformOp:translate = (0.0012510144, 0.3877885, 0.033423167)
            uniform token[] xformOpOrder = ["xformOp:translate", "xformOp:orient"]

            def Capsule "Visual" (
                prepend apiSchemas = ["MaterialBindingAPI"]
            )
            {
                uniform token axis = "Z"
                double height = 0.0050241758241758245
                rel material:binding = </Looks/Wire_3>
                color3f[] primvars:displayColor = [(0.93, 0.1, 0.15)]
                double radius = 0.001
            }
        }

        def Xform "Segment_89"
        {
            quatf xformOp:orient = (0.21416728, -0.976797, 0.000113694325, 0.00007786463)
            float3 xformOp:translate = (0.0012502659, 0.38993472, 0.02888247)
            uniform token[] xformOpOrder = ["xformOp:translate", "xformOp:orient"]

            def Capsule "Visual" (
                prepend apiSchemas = ["MaterialBindingAPI"]
            )
            {
                uniform token axis = "Z"
                double height = 0.0050241758241758245
                rel material:binding = </Looks/Wire_3>
                color3f[] primvars:displayColor = [(0.93, 0.1, 0.15)]
                double radius = 0.001
            }
        }

        def Xform "Segment_90"
        {
            quatf xformOp:orient = (0.20489149, -0.9787847, 3.887455e-10, 1.0972792e-9)
            float3 xformOp:translate = (0.0012500006, 0.3919925, 0.024301032)
            uniform token[] xformOpOrder = ["xformOp:translate", "xformOp:orient"]

            def Capsule "Visual" (
                prepend apiSchemas = ["MaterialBindingAPI"]
            )
            {
                uniform token axis = "Z"
                double height = 0.0050241758241758245
                rel material:binding = </Looks/Wire_3>
                color3f[] primvars:displayColor = [(0.93, 0.1, 0.15)]
                double radius = 0.001
            }
        }
    }

    def "Cable_4"
    {
        def Xform "Segment_00"
        {
            quatf xformOp:orient = (0.9158009, -0.40163276, -0.000004010726, -0.0000024215083)
            float3 xformOp:translate = (0.0037468243, 0.013348238, 0.102334835)
            uniform token[] xformOpOrder = ["xformOp:translate", "xformOp:orient"]

            def Capsule "Visual" (
                prepend apiSchemas = ["MaterialBindingAPI"]
            )
            {
                uniform token axis = "Z"
                double height = 0.0050241758241758245
                rel material:binding = </Looks/Wire_4>
                color3f[] primvars:displayColor = [(0.035, 0.19, 0.8)]
                double radius = 0.001
            }
        }

        def Xform "Segment_01"
        {
            quatf xformOp:orient = (0.9108824, -0.4126661, -0.000024703602, -0.00009196681)
            float3 xformOp:translate = (0.0037469298, 0.017084656, 0.10569276)
            uniform token[] xformOpOrder = ["xformOp:translate", "xformOp:orient"]

            def Capsule "Visual" (
                prepend apiSchemas = ["MaterialBindingAPI"]
            )
            {
                uniform token axis = "Z"
                double height = 0.0050241758241758245
                rel material:binding = </Looks/Wire_4>
                color3f[] primvars:displayColor = [(0.035, 0.19, 0.8)]
                double radius = 0.001
            }
        }

        def Xform "Segment_02"
        {
            quatf xformOp:orient = (0.90599024, -0.42329854, -0.00004586984, -0.00018096853)
            float3 xformOp:translate = (0.0037472337, 0.020899897, 0.10896094)
            uniform token[] xformOpOrder = ["xformOp:translate", "xformOp:orient"]

            def Capsule "Visual" (
                prepend apiSchemas = ["MaterialBindingAPI"]
            )
            {
                uniform token axis = "Z"
                double height = 0.0050241758241758245
                rel material:binding = </Looks/Wire_4>
                color3f[] primvars:displayColor = [(0.035, 0.19, 0.8)]
                double radius = 0.001
            }
        }

        def Xform "Segment_03"
        {
            quatf xformOp:orient = (0.90112495, -0.43355954, -0.00006717232, -0.00026947891)
            float3 xformOp:translate = (0.0037477429, 0.024789503, 0.1121403)
            uniform token[] xformOpOrder = ["xformOp:translate", "xformOp:orient"]

            def Capsule "Visual" (
                prepend apiSchemas = ["MaterialBindingAPI"]
            )
            {
                uniform token axis = "Z"
                double height = 0.0050241758241758245
                rel material:binding = </Looks/Wire_4>
                color3f[] primvars:displayColor = [(0.035, 0.19, 0.8)]
                double radius = 0.001
            }
        }

        def Xform "Segment_04"
        {
            quatf xformOp:orient = (0.89628315, -0.44348222, -0.000089227025, -0.00035778875)
            float3 xformOp:translate = (0.0037484462, 0.028749358, 0.11523177)
            uniform token[] xformOpOrder = ["xformOp:translate", "xformOp:orient"]

            def Capsule "Visual" (
                prepend apiSchemas = ["MaterialBindingAPI"]
            )
            {
                uniform token axis = "Z"
                double height = 0.0050241758241758245
                rel material:binding = </Looks/Wire_4>
                color3f[] primvars:displayColor = [(0.035, 0.19, 0.8)]
                double radius = 0.001
            }
        }

        def Xform "Segment_05"
        {
            quatf xformOp:orient = (0.89146286, -0.45309362, -0.000110139306, -0.0004462559)
            float3 xformOp:translate = (0.0037493894, 0.032775655, 0.11823621)
            uniform token[] xformOpOrder = ["xformOp:translate", "xformOp:orient"]

            def Capsule "Visual" (
                prepend apiSchemas = ["MaterialBindingAPI"]
            )
            {
                uniform token axis = "Z"
                double height = 0.0050241758241758245
                rel material:binding = </Looks/Wire_4>
                color3f[] primvars:displayColor = [(0.035, 0.19, 0.8)]
                double radius = 0.001
            }
        }

        def Xform "Segment_06"
        {
            quatf xformOp:orient = (0.8866582, -0.46242505, -0.00012915576, -0.000536664)
            float3 xformOp:translate = (0.0037505233, 0.03686492, 0.121154375)
            uniform token[] xformOpOrder = ["xformOp:translate", "xformOp:orient"]

            def Capsule "Visual" (
                prepend apiSchemas = ["MaterialBindingAPI"]
            )
            {
                uniform token axis = "Z"
                double height = 0.0050241758241758245
                rel material:binding = </Looks/Wire_4>
                color3f[] primvars:displayColor = [(0.035, 0.19, 0.8)]
                double radius = 0.001
            }
        }

        def Xform "Segment_07"
        {
            quatf xformOp:orient = (0.88186735, -0.4714972, -0.00014343685, -0.0006289727)
            float3 xformOp:translate = (0.0037519892, 0.041013885, 0.12398706)
            uniform token[] xformOpOrder = ["xformOp:translate", "xformOp:orient"]

            def Capsule "Visual" (
                prepend apiSchemas = ["MaterialBindingAPI"]
            )
            {
                uniform token axis = "Z"
                double height = 0.0050241758241758245
                rel material:binding = </Looks/Wire_4>
                color3f[] primvars:displayColor = [(0.035, 0.19, 0.8)]
                double radius = 0.001
            }
        }

        def Xform "Segment_08"
        {
            quatf xformOp:orient = (0.8770821, -0.48034006, -0.00014956918, -0.0007275693)
            float3 xformOp:translate = (0.0037537948, 0.04521957, 0.12673482)
            uniform token[] xformOpOrder = ["xformOp:translate", "xformOp:orient"]

            def Capsule "Visual" (
                prepend apiSchemas = ["MaterialBindingAPI"]
            )
            {
                uniform token axis = "Z"
                double height = 0.0050241758241758245
                rel material:binding = </Looks/Wire_4>
                color3f[] primvars:displayColor = [(0.035, 0.19, 0.8)]
                double radius = 0.001
            }
        }

        def Xform "Segment_09"
        {
            quatf xformOp:orient = (0.8723001, -0.48897025, -0.0001485618, -0.0008291124)
            float3 xformOp:translate = (0.003756131, 0.04947917, 0.12939829)
            uniform token[] xformOpOrder = ["xformOp:translate", "xformOp:orient"]

            def Capsule "Visual" (
                prepend apiSchemas = ["MaterialBindingAPI"]
            )
            {
                uniform token axis = "Z"
                double height = 0.0050241758241758245
                rel material:binding = </Looks/Wire_4>
                color3f[] primvars:displayColor = [(0.035, 0.19, 0.8)]
                double radius = 0.001
            }
        }

        def Xform "Segment_10"
        {
            quatf xformOp:orient = (0.86751795, -0.4974049, -0.00013827876, -0.00093877554)
            float3 xformOp:translate = (0.0037592098, 0.05378999, 0.131978)
            uniform token[] xformOpOrder = ["xformOp:translate", "xformOp:orient"]

            def Capsule "Visual" (
                prepend apiSchemas = ["MaterialBindingAPI"]
            )
            {
                uniform token axis = "Z"
                double height = 0.0050241758241758245
                rel material:binding = </Looks/Wire_4>
                color3f[] primvars:displayColor = [(0.035, 0.19, 0.8)]
                double radius = 0.001
            }
        }

        def Xform "Segment_11"
        {
            quatf xformOp:orient = (0.8627217, -0.5056779, -0.00012906607, -0.0010466313)
            float3 xformOp:translate = (0.0037630014, 0.0581497, 0.13447422)
            uniform token[] xformOpOrder = ["xformOp:translate", "xformOp:orient"]

            def Capsule "Visual" (
                prepend apiSchemas = ["MaterialBindingAPI"]
            )
            {
                uniform token axis = "Z"
                double height = 0.0050241758241758245
                rel material:binding = </Looks/Wire_4>
                color3f[] primvars:displayColor = [(0.035, 0.19, 0.8)]
                double radius = 0.001
            }
        }

        def Xform "Segment_12"
        {
            quatf xformOp:orient = (0.85790294, -0.5138105, -0.00013057516, -0.0011529356)
            float3 xformOp:translate = (0.0037678522, 0.06255586, 0.13688742)
            uniform token[] xformOpOrder = ["xformOp:translate", "xformOp:orient"]

            def Capsule "Visual" (
                prepend apiSchemas = ["MaterialBindingAPI"]
            )
            {
                uniform token axis = "Z"
                double height = 0.0050241758241758245
                rel material:binding = </Looks/Wire_4>
                color3f[] primvars:displayColor = [(0.035, 0.19, 0.8)]
                double radius = 0.001
            }
        }

        def Xform "Segment_13"
        {
            quatf xformOp:orient = (0.8530414, -0.52184176, -0.00015755788, -0.0012436231)
            float3 xformOp:translate = (0.0037731891, 0.0670067, 0.13921718)
            uniform token[] xformOpOrder = ["xformOp:translate", "xformOp:orient"]

            def Capsule "Visual" (
                prepend apiSchemas = ["MaterialBindingAPI"]
            )
            {
                uniform token axis = "Z"
                double height = 0.0050241758241758245
                rel material:binding = </Looks/Wire_4>
                color3f[] primvars:displayColor = [(0.035, 0.19, 0.8)]
                double radius = 0.001
            }
        }

        def Xform "Segment_14"
        {
            quatf xformOp:orient = (0.8481153, -0.52981013, -0.00023755715, -0.0013108483)
            float3 xformOp:translate = (0.003778954, 0.071500234, 0.14146338)
            uniform token[] xformOpOrder = ["xformOp:translate", "xformOp:orient"]

            def Capsule "Visual" (
                prepend apiSchemas = ["MaterialBindingAPI"]
            )
            {
                uniform token axis = "Z"
                double height = 0.0050241758241758245
                rel material:binding = </Looks/Wire_4>
                color3f[] primvars:displayColor = [(0.035, 0.19, 0.8)]
                double radius = 0.001
            }
        }

        def Xform "Segment_15"
        {
            quatf xformOp:orient = (0.8431103, -0.5377388, -0.00036657532, -0.001349492)
            float3 xformOp:translate = (0.0037842297, 0.07603507, 0.14362496)
            uniform token[] xformOpOrder = ["xformOp:translate", "xformOp:orient"]

            def Capsule "Visual" (
                prepend apiSchemas = ["MaterialBindingAPI"]
            )
            {
                uniform token axis = "Z"
                double height = 0.0050241758241758245
                rel material:binding = </Looks/Wire_4>
                color3f[] primvars:displayColor = [(0.035, 0.19, 0.8)]
                double radius = 0.001
            }
        }

        def Xform "Segment_16"
        {
            quatf xformOp:orient = (0.8380081, -0.5456559, -0.00057360786, -0.001354108)
            float3 xformOp:translate = (0.0037878654, 0.08060989, 0.14570053)
            uniform token[] xformOpOrder = ["xformOp:translate", "xformOp:orient"]

            def Capsule "Visual" (
                prepend apiSchemas = ["MaterialBindingAPI"]
            )
            {
                uniform token axis = "Z"
                double height = 0.0050241758241758245
                rel material:binding = </Looks/Wire_4>
                color3f[] primvars:displayColor = [(0.035, 0.19, 0.8)]
                double radius = 0.001
            }
        }

        def Xform "Segment_17"
        {
            quatf xformOp:orient = (0.83281714, -0.553546, -0.000812102, -0.001342823)
            float3 xformOp:translate = (0.0037897476, 0.085223034, 0.14768943)
            uniform token[] xformOpOrder = ["xformOp:translate", "xformOp:orient"]

            def Capsule "Visual" (
                prepend apiSchemas = ["MaterialBindingAPI"]
            )
            {
                uniform token axis = "Z"
                double height = 0.0050241758241758245
                rel material:binding = </Looks/Wire_4>
                color3f[] primvars:displayColor = [(0.035, 0.19, 0.8)]
                double radius = 0.001
            }
        }

        def Xform "Segment_18"
        {
            quatf xformOp:orient = (0.8275344, -0.5614126, -0.0010741602, -0.001336383)
            float3 xformOp:translate = (0.0037878244, 0.08987377, 0.14958908)
            uniform token[] xformOpOrder = ["xformOp:translate", "xformOp:orient"]

            def Capsule "Visual" (
                prepend apiSchemas = ["MaterialBindingAPI"]
            )
            {
                uniform token axis = "Z"
                double height = 0.0050241758241758245
                rel material:binding = </Looks/Wire_4>
                color3f[] primvars:displayColor = [(0.035, 0.19, 0.8)]
                double radius = 0.001
            }
        }

        def Xform "Segment_19"
        {
            quatf xformOp:orient = (0.8221804, -0.5692239, -0.0012847071, -0.0013684512)
            float3 xformOp:translate = (0.003784168, 0.09455969, 0.15140027)
            uniform token[] xformOpOrder = ["xformOp:translate", "xformOp:orient"]

            def Capsule "Visual" (
                prepend apiSchemas = ["MaterialBindingAPI"]
            )
            {
                uniform token axis = "Z"
                double height = 0.0050241758241758245
                rel material:binding = </Looks/Wire_4>
                color3f[] primvars:displayColor = [(0.035, 0.19, 0.8)]
                double radius = 0.001
            }
        }

        def Xform "Segment_20"
        {
            quatf xformOp:orient = (0.81678814, -0.57693416, -0.001377148, -0.0014970553)
            float3 xformOp:translate = (0.0037776418, 0.0992801, 0.15312068)
            uniform token[] xformOpOrder = ["xformOp:translate", "xformOp:orient"]

            def Capsule "Visual" (
                prepend apiSchemas = ["MaterialBindingAPI"]
            )
            {
                uniform token axis = "Z"
                double height = 0.0050241758241758245
                rel material:binding = </Looks/Wire_4>
                color3f[] primvars:displayColor = [(0.035, 0.19, 0.8)]
                double radius = 0.001
            }
        }

        def Xform "Segment_21"
        {
            quatf xformOp:orient = (0.81133974, -0.5845709, -0.0013149005, -0.0017302396)
            float3 xformOp:translate = (0.003772214, 0.10403207, 0.15475212)
            uniform token[] xformOpOrder = ["xformOp:translate", "xformOp:orient"]

            def Capsule "Visual" (
                prepend apiSchemas = ["MaterialBindingAPI"]
            )
            {
                uniform token axis = "Z"
                double height = 0.0050241758241758245
                rel material:binding = </Looks/Wire_4>
                color3f[] primvars:displayColor = [(0.035, 0.19, 0.8)]
                double radius = 0.001
            }
        }

        def Xform "Segment_22"
        {
            quatf xformOp:orient = (0.8058665, -0.59209275, -0.0010123258, -0.002129444)
            float3 xformOp:translate = (0.0037700639, 0.108814396, 0.15629447)
            uniform token[] xformOpOrder = ["xformOp:translate", "xformOp:orient"]

            def Capsule "Visual" (
                prepend apiSchemas = ["MaterialBindingAPI"]
            )
            {
                uniform token axis = "Z"
                double height = 0.0050241758241758245
                rel material:binding = </Looks/Wire_4>
                color3f[] primvars:displayColor = [(0.035, 0.19, 0.8)]
                double radius = 0.001
            }
        }

        def Xform "Segment_23"
        {
            quatf xformOp:orient = (0.8002719, -0.5996312, -0.00053769816, -0.0026357675)
            float3 xformOp:translate = (0.003773948, 0.11362478, 0.1577472)
            uniform token[] xformOpOrder = ["xformOp:translate", "xformOp:orient"]

            def Capsule "Visual" (
                prepend apiSchemas = ["MaterialBindingAPI"]
            )
            {
                uniform token axis = "Z"
                double height = 0.0050241758241758245
                rel material:binding = </Looks/Wire_4>
                color3f[] primvars:displayColor = [(0.035, 0.19, 0.8)]
                double radius = 0.001
            }
        }

        def Xform "Segment_24"
        {
            quatf xformOp:orient = (0.7945101, -0.6072422, 0.00012565048, -0.0032459656)
            float3 xformOp:translate = (0.0037896635, 0.11846154, 0.15911235)
            uniform token[] xformOpOrder = ["xformOp:translate", "xformOp:orient"]

            def Capsule "Visual" (
                prepend apiSchemas = ["MaterialBindingAPI"]
            )
            {
                uniform token axis = "Z"
                double height = 0.0050241758241758245
                rel material:binding = </Looks/Wire_4>
                color3f[] primvars:displayColor = [(0.035, 0.19, 0.8)]
                double radius = 0.001
            }
        }

        def Xform "Segment_25"
        {
            quatf xformOp:orient = (0.78844655, -0.61509067, 0.0008231961, -0.003851933)
            float3 xformOp:translate = (0.0038147694, 0.1233239, 0.16038318)
            uniform token[] xformOpOrder = ["xformOp:translate", "xformOp:orient"]

            def Capsule "Visual" (
                prepend apiSchemas = ["MaterialBindingAPI"]
            )
            {
                uniform token axis = "Z"
                double height = 0.0050241758241758245
                rel material:binding = </Looks/Wire_4>
                color3f[] primvars:displayColor = [(0.035, 0.19, 0.8)]
                double radius = 0.001
            }
        }

        def Xform "Segment_26"
        {
            quatf xformOp:orient = (0.7819343, -0.6233439, 0.001449325, -0.004350383)
            float3 xformOp:translate = (0.0038551898, 0.12821034, 0.16156082)
            uniform token[] xformOpOrder = ["xformOp:translate", "xformOp:orient"]

            def Capsule "Visual" (
                prepend apiSchemas = ["MaterialBindingAPI"]
            )
            {
                uniform token axis = "Z"
                double height = 0.0050241758241758245
                rel material:binding = </Looks/Wire_4>
                color3f[] primvars:displayColor = [(0.035, 0.19, 0.8)]
                double radius = 0.001
            }
        }

        def Xform "Segment_27"
        {
            quatf xformOp:orient = (0.774921, -0.6320381, 0.001885432, -0.0046750912)
            float3 xformOp:translate = (0.0039027145, 0.13312091, 0.16263233)
            uniform token[] xformOpOrder = ["xformOp:translate", "xformOp:orient"]

            def Capsule "Visual" (
                prepend apiSchemas = ["MaterialBindingAPI"]
            )
            {
                uniform token axis = "Z"
                double height = 0.0050241758241758245
                rel material:binding = </Looks/Wire_4>
                color3f[] primvars:displayColor = [(0.035, 0.19, 0.8)]
                double radius = 0.001
            }
        }

        def Xform "Segment_28"
        {
            quatf xformOp:orient = (0.7672157, -0.64136916, 0.0019654278, -0.004681573)
            float3 xformOp:translate = (0.0039581815, 0.13805471, 0.1635939)
            uniform token[] xformOpOrder = ["xformOp:translate", "xformOp:orient"]

            def Capsule "Visual" (
                prepend apiSchemas = ["MaterialBindingAPI"]
            )
            {
                uniform token axis = "Z"
                double height = 0.0050241758241758245
                rel material:binding = </Looks/Wire_4>
                color3f[] primvars:displayColor = [(0.035, 0.19, 0.8)]
                double radius = 0.001
            }
        }

        def Xform "Segment_29"
        {
            quatf xformOp:orient = (0.7589464, -0.6511358, 0.0017321038, -0.004433188)
            float3 xformOp:translate = (0.004012773, 0.14301062, 0.16443257)
            uniform token[] xformOpOrder = ["xformOp:translate", "xformOp:orient"]

            def Capsule "Visual" (
                prepend apiSchemas = ["MaterialBindingAPI"]
            )
            {
                uniform token axis = "Z"
                double height = 0.0050241758241758245
                rel material:binding = </Looks/Wire_4>
                color3f[] primvars:displayColor = [(0.035, 0.19, 0.8)]
                double radius = 0.001
            }
        }

        def Xform "Segment_30"
        {
            quatf xformOp:orient = (0.7500916, -0.6613217, 0.0011230278, -0.0038833031)
            float3 xformOp:translate = (0.004059802, 0.14798798, 0.16513857)
            uniform token[] xformOpOrder = ["xformOp:translate", "xformOp:orient"]

            def Capsule "Visual" (
                prepend apiSchemas = ["MaterialBindingAPI"]
            )
            {
                uniform token axis = "Z"
                double height = 0.0050241758241758245
                rel material:binding = </Looks/Wire_4>
                color3f[] primvars:displayColor = [(0.035, 0.19, 0.8)]
                double radius = 0.001
            }
        }

        def Xform "Segment_31"
        {
            quatf xformOp:orient = (0.7409997, -0.6714975, 0.0003518535, -0.003223513)
            float3 xformOp:translate = (0.0040977253, 0.15298249, 0.16570911)
            uniform token[] xformOpOrder = ["xformOp:translate", "xformOp:orient"]

            def Capsule "Visual" (
                prepend apiSchemas = ["MaterialBindingAPI"]
            )
            {
                uniform token axis = "Z"
                double height = 0.0050241758241758245
                rel material:binding = </Looks/Wire_4>
                color3f[] primvars:displayColor = [(0.035, 0.19, 0.8)]
                double radius = 0.001
            }
        }

        def Xform "Segment_32"
        {
            quatf xformOp:orient = (0.7318647, -0.6814451, -0.0004762592, -0.0025567699)
            float3 xformOp:translate = (0.004117265, 0.15799311, 0.16613545)
            uniform token[] xformOpOrder = ["xformOp:translate", "xformOp:orient"]

            def Capsule "Visual" (
                prepend apiSchemas = ["MaterialBindingAPI"]
            )
            {
                uniform token axis = "Z"
                double height = 0.0050241758241758245
                rel material:binding = </Looks/Wire_4>
                color3f[] primvars:displayColor = [(0.035, 0.19, 0.8)]
                double radius = 0.001
            }
        }

        def Xform "Segment_33"
        {
            quatf xformOp:orient = (0.72296757, -0.69087803, -0.0012005828, -0.0020171367)
            float3 xformOp:translate = (0.0041271234, 0.16301332, 0.16642898)
            uniform token[] xformOpOrder = ["xformOp:translate", "xformOp:orient"]

            def Capsule "Visual" (
                prepend apiSchemas = ["MaterialBindingAPI"]
            )
            {
                uniform token axis = "Z"
                double height = 0.0050241758241758245
                rel material:binding = </Looks/Wire_4>
                color3f[] primvars:displayColor = [(0.035, 0.19, 0.8)]
                double radius = 0.001
            }
        }

        def Xform "Segment_34"
        {
            quatf xformOp:orient = (0.7145982, -0.699531, -0.0016461728, -0.0017635933)
            float3 xformOp:translate = (0.004120821, 0.16804242, 0.16658704)
            uniform token[] xformOpOrder = ["xformOp:translate", "xformOp:orient"]

            def Capsule "Visual" (
                prepend apiSchemas = ["MaterialBindingAPI"]
            )
            {
                uniform token axis = "Z"
                double height = 0.0050241758241758245
                rel material:binding = </Looks/Wire_4>
                color3f[] primvars:displayColor = [(0.035, 0.19, 0.8)]
                double radius = 0.001
            }
        }

        def Xform "Segment_35"
        {
            quatf xformOp:orient = (0.70675194, -0.70745695, -0.0018579735, -0.0017485204)
            float3 xformOp:translate = (0.0041113147, 0.17307413, 0.16662844)
            uniform token[] xformOpOrder = ["xformOp:translate", "xformOp:orient"]

            def Capsule "Visual" (
                prepend apiSchemas = ["MaterialBindingAPI"]
            )
            {
                uniform token axis = "Z"
                double height = 0.0050241758241758245
                rel material:binding = </Looks/Wire_4>
                color3f[] primvars:displayColor = [(0.035, 0.19, 0.8)]
                double radius = 0.001
            }
        }

        def Xform "Segment_36"
        {
            quatf xformOp:orient = (0.6995503, -0.7145784, -0.0017672572, -0.002008369)
            float3 xformOp:translate = (0.004098048, 0.17810878, 0.16655758)
            uniform token[] xformOpOrder = ["xformOp:translate", "xformOp:orient"]

            def Capsule "Visual" (
                prepend apiSchemas = ["MaterialBindingAPI"]
            )
            {
                uniform token axis = "Z"
                double height = 0.0050241758241758245
                rel material:binding = </Looks/Wire_4>
                color3f[] primvars:displayColor = [(0.035, 0.19, 0.8)]
                double radius = 0.001
            }
        }

        def Xform "Segment_37"
        {
            quatf xformOp:orient = (0.6927097, -0.7212111, -0.001593707, -0.002345298)
            float3 xformOp:translate = (0.0040883035, 0.1831414, 0.1663882)
            uniform token[] xformOpOrder = ["xformOp:translate", "xformOp:orient"]

            def Capsule "Visual" (
                prepend apiSchemas = ["MaterialBindingAPI"]
            )
            {
                uniform token axis = "Z"
                double height = 0.0050241758241758245
                rel material:binding = </Looks/Wire_4>
                color3f[] primvars:displayColor = [(0.035, 0.19, 0.8)]
                double radius = 0.001
            }
        }

        def Xform "Segment_38"
        {
            quatf xformOp:orient = (0.68609357, -0.7275071, -0.0013702915, -0.0026702462)
            float3 xformOp:translate = (0.0040859682, 0.18817294, 0.16612773)
            uniform token[] xformOpOrder = ["xformOp:translate", "xformOp:orient"]

            def Capsule "Visual" (
                prepend apiSchemas = ["MaterialBindingAPI"]
            )
            {
                uniform token axis = "Z"
                double height = 0.0050241758241758245
                rel material:binding = </Looks/Wire_4>
                color3f[] primvars:displayColor = [(0.035, 0.19, 0.8)]
                double radius = 0.001
            }
        }

        def Xform "Segment_39"
        {
            quatf xformOp:orient = (0.6794462, -0.7337187, -0.0012380045, -0.0028822846)
            float3 xformOp:translate = (0.0040871417, 0.19319914, 0.16577588)
            uniform token[] xformOpOrder = ["xformOp:translate", "xformOp:orient"]

            def Capsule "Visual" (
                prepend apiSchemas = ["MaterialBindingAPI"]
            )
            {
                uniform token axis = "Z"
                double height = 0.0050241758241758245
                rel material:binding = </Looks/Wire_4>
                color3f[] primvars:displayColor = [(0.035, 0.19, 0.8)]
                double radius = 0.001
            }
        }

        def Xform "Segment_40"
        {
            quatf xformOp:orient = (0.67260325, -0.7399966, -0.0012265405, -0.0028895726)
            float3 xformOp:translate = (0.0040986557, 0.1982204, 0.16534041)
            uniform token[] xformOpOrder = ["xformOp:translate", "xformOp:orient"]

            def Capsule "Visual" (
                prepend apiSchemas = ["MaterialBindingAPI"]
            )
            {
                uniform token axis = "Z"
                double height = 0.0050241758241758245
                rel material:binding = </Looks/Wire_4>
                color3f[] primvars:displayColor = [(0.035, 0.19, 0.8)]
                double radius = 0.001
            }
        }

        def Xform "Segment_41"
        {
            quatf xformOp:orient = (0.66555953, -0.74633855, -0.0013152476, -0.0027741385)
            float3 xformOp:translate = (0.0041097775, 0.20323272, 0.16481109)
            uniform token[] xformOpOrder = ["xformOp:translate", "xformOp:orient"]

            def Capsule "Visual" (
                prepend apiSchemas = ["MaterialBindingAPI"]
            )
            {
                uniform token axis = "Z"
                double height = 0.0050241758241758245
                rel material:binding = </Looks/Wire_4>
                color3f[] primvars:displayColor = [(0.035, 0.19, 0.8)]
                double radius = 0.001
            }
        }

        def Xform "Segment_42"
        {
            quatf xformOp:orient = (0.6582845, -0.7527635, -0.0014463642, -0.0025478015)
            float3 xformOp:translate = (0.0041285646, 0.20823514, 0.16419582)
            uniform token[] xformOpOrder = ["xformOp:translate", "xformOp:orient"]

            def Capsule "Visual" (
                prepend apiSchemas = ["MaterialBindingAPI"]
            )
            {
                uniform token axis = "Z"
                double height = 0.0050241758241758245
                rel material:binding = </Looks/Wire_4>
                color3f[] primvars:displayColor = [(0.035, 0.19, 0.8)]
                double radius = 0.001
            }
        }

        def Xform "Segment_43"
        {
            quatf xformOp:orient = (0.6508596, -0.7591929, -0.0015605093, -0.0023397976)
            float3 xformOp:translate = (0.004145216, 0.21322457, 0.16348334)
            uniform token[] xformOpOrder = ["xformOp:translate", "xformOp:orient"]

            def Capsule "Visual" (
                prepend apiSchemas = ["MaterialBindingAPI"]
            )
            {
                uniform token axis = "Z"
                double height = 0.0050241758241758245
                rel material:binding = </Looks/Wire_4>
                color3f[] primvars:displayColor = [(0.035, 0.19, 0.8)]
                double radius = 0.001
            }
        }

        def Xform "Segment_44"
        {
            quatf xformOp:orient = (0.64326936, -0.7656352, -0.0015911532, -0.0021709017)
            float3 xformOp:translate = (0.004165557, 0.21819812, 0.16267878)
            uniform token[] xformOpOrder = ["xformOp:translate", "xformOp:orient"]

            def Capsule "Visual" (
                prepend apiSchemas = ["MaterialBindingAPI"]
            )
            {
                uniform token axis = "Z"
                double height = 0.0050241758241758245
                rel material:binding = </Looks/Wire_4>
                color3f[] primvars:displayColor = [(0.035, 0.19, 0.8)]
                double radius = 0.001
            }
        }

        def Xform "Segment_45"
        {
            quatf xformOp:orient = (0.63543314, -0.7721515, -0.0015974889, -0.002037113)
            float3 xformOp:translate = (0.0041850563, 0.22315432, 0.16177471)
            uniform token[] xformOpOrder = ["xformOp:translate", "xformOp:orient"]

            def Capsule "Visual" (
                prepend apiSchemas = ["MaterialBindingAPI"]
            )
            {
                uniform token axis = "Z"
                double height = 0.0050241758241758245
                rel material:binding = </Looks/Wire_4>
                color3f[] primvars:displayColor = [(0.035, 0.19, 0.8)]
                double radius = 0.001
            }
        }

        def Xform "Segment_46"
        {
            quatf xformOp:orient = (0.6271511, -0.7788938, -0.0016383161, -0.0018057341)
            float3 xformOp:translate = (0.0042019384, 0.22808717, 0.16076703)
            uniform token[] xformOpOrder = ["xformOp:translate", "xformOp:orient"]

            def Capsule "Visual" (
                prepend apiSchemas = ["MaterialBindingAPI"]
            )
            {
                uniform token axis = "Z"
                double height = 0.0050241758241758245
                rel material:binding = </Looks/Wire_4>
                color3f[] primvars:displayColor = [(0.035, 0.19, 0.8)]
                double radius = 0.001
            }
        }

        def Xform "Segment_47"
        {
            quatf xformOp:orient = (0.61825234, -0.7859763, -0.0018401856, -0.0013939234)
            float3 xformOp:translate = (0.0042156503, 0.2329962, 0.15965097)
            uniform token[] xformOpOrder = ["xformOp:translate", "xformOp:orient"]

            def Capsule "Visual" (
                prepend apiSchemas = ["MaterialBindingAPI"]
            )
            {
                uniform token axis = "Z"
                double height = 0.0050241758241758245
                rel material:binding = </Looks/Wire_4>
                color3f[] primvars:displayColor = [(0.035, 0.19, 0.8)]
                double radius = 0.001
            }
        }

        def Xform "Segment_48"
        {
            quatf xformOp:orient = (0.6084873, -0.79355997, -0.0023438032, -0.0005805441)
            float3 xformOp:translate = (0.00421498, 0.23787127, 0.15841144)
            uniform token[] xformOpOrder = ["xformOp:translate", "xformOp:orient"]

            def Capsule "Visual" (
                prepend apiSchemas = ["MaterialBindingAPI"]
            )
            {
                uniform token axis = "Z"
                double height = 0.0050241758241758245
                rel material:binding = </Looks/Wire_4>
                color3f[] primvars:displayColor = [(0.035, 0.19, 0.8)]
                double radius = 0.001
            }
        }

        def Xform "Segment_49"
        {
            quatf xformOp:orient = (0.59792566, -0.8015452, -0.0031466389, 0.00057225896)
            float3 xformOp:translate = (0.0042026937, 0.24271269, 0.15704764)
            uniform token[] xformOpOrder = ["xformOp:translate", "xformOp:orient"]

            def Capsule "Visual" (
                prepend apiSchemas = ["MaterialBindingAPI"]
            )
            {
                uniform token axis = "Z"
                double height = 0.0050241758241758245
                rel material:binding = </Looks/Wire_4>
                color3f[] primvars:displayColor = [(0.035, 0.19, 0.8)]
                double radius = 0.001
            }
        }

        def Xform "Segment_50"
        {
            quatf xformOp:orient = (0.5866225, -0.80984664, -0.004269146, 0.0021030188)
            float3 xformOp:translate = (0.0041648285, 0.24750812, 0.15554298)
            uniform token[] xformOpOrder = ["xformOp:translate", "xformOp:orient"]

            def Capsule "Visual" (
                prepend apiSchemas = ["MaterialBindingAPI"]
            )
            {
                uniform token axis = "Z"
                double height = 0.0050241758241758245
                rel material:binding = </Looks/Wire_4>
                color3f[] primvars:displayColor = [(0.035, 0.19, 0.8)]
                double radius = 0.001
            }
        }

        def Xform "Segment_51"
        {
            quatf xformOp:orient = (0.57495695, -0.8181564, -0.005526577, 0.003746264)
            float3 xformOp:translate = (0.0041072867, 0.2522588, 0.153903)
            uniform token[] xformOpOrder = ["xformOp:translate", "xformOp:orient"]

            def Capsule "Visual" (
                prepend apiSchemas = ["MaterialBindingAPI"]
            )
            {
                uniform token axis = "Z"
                double height = 0.0050241758241758245
                rel material:binding = </Looks/Wire_4>
                color3f[] primvars:displayColor = [(0.035, 0.19, 0.8)]
                double radius = 0.001
            }
        }

        def Xform "Segment_52"
        {
            quatf xformOp:orient = (0.56345147, -0.8261056, -0.0067011067, 0.005201017)
            float3 xformOp:translate = (0.0040245904, 0.25695574, 0.15212345)
            uniform token[] xformOpOrder = ["xformOp:translate", "xformOp:orient"]

            def Capsule "Visual" (
                prepend apiSchemas = ["MaterialBindingAPI"]
            )
            {
                uniform token axis = "Z"
                double height = 0.0050241758241758245
                rel material:binding = </Looks/Wire_4>
                color3f[] primvars:displayColor = [(0.035, 0.19, 0.8)]
                double radius = 0.001
            }
        }

        def Xform "Segment_53"
        {
            quatf xformOp:orient = (0.5524203, -0.8335075, -0.007620326, 0.0062427763)
            float3 xformOp:translate = (0.003925801, 0.2616024, 0.15021622)
            uniform token[] xformOpOrder = ["xformOp:translate", "xformOp:orient"]

            def Capsule "Visual" (
                prepend apiSchemas = ["MaterialBindingAPI"]
            )
            {
                uniform token axis = "Z"
                double height = 0.0050241758241758245
                rel material:binding = </Looks/Wire_4>
                color3f[] primvars:displayColor = [(0.035, 0.19, 0.8)]
                double radius = 0.001
            }
        }

        def Xform "Segment_54"
        {
            quatf xformOp:orient = (0.54248714, -0.8400011, -0.0080013145, 0.00648255)
            float3 xformOp:translate = (0.003819447, 0.2661981, 0.14819415)
            uniform token[] xformOpOrder = ["xformOp:translate", "xformOp:orient"]

            def Capsule "Visual" (
                prepend apiSchemas = ["MaterialBindingAPI"]
            )
            {
                uniform token axis = "Z"
                double height = 0.0050241758241758245
                rel material:binding = </Looks/Wire_4>
                color3f[] primvars:displayColor = [(0.035, 0.19, 0.8)]
                double radius = 0.001
            }
        }

        def Xform "Segment_55"
        {
            quatf xformOp:orient = (0.53351307, -0.8457334, -0.007909702, 0.006030228)
            float3 xformOp:translate = (0.0037137566, 0.2707475, 0.14606912)
            uniform token[] xformOpOrder = ["xformOp:translate", "xformOp:orient"]

            def Capsule "Visual" (
                prepend apiSchemas = ["MaterialBindingAPI"]
            )
            {
                uniform token axis = "Z"
                double height = 0.0050241758241758245
                rel material:binding = </Looks/Wire_4>
                color3f[] primvars:displayColor = [(0.035, 0.19, 0.8)]
                double radius = 0.001
            }
        }

        def Xform "Segment_56"
        {
            quatf xformOp:orient = (0.5257124, -0.85061795, -0.0072534713, 0.0047906106)
            float3 xformOp:translate = (0.003623256, 0.27525565, 0.1438606)
            uniform token[] xformOpOrder = ["xformOp:translate", "xformOp:orient"]

            def Capsule "Visual" (
                prepend apiSchemas = ["MaterialBindingAPI"]
            )
            {
                uniform token axis = "Z"
                double height = 0.0050241758241758245
                rel material:binding = </Looks/Wire_4>
                color3f[] primvars:displayColor = [(0.035, 0.19, 0.8)]
                double radius = 0.001
            }
        }

        def Xform "Segment_57"
        {
            quatf xformOp:orient = (0.5186383, -0.85496527, -0.0062635993, 0.003100254)
            float3 xformOp:translate = (0.0035500133, 0.27972487, 0.14157335)
            uniform token[] xformOpOrder = ["xformOp:translate", "xformOp:orient"]

            def Capsule "Visual" (
                prepend apiSchemas = ["MaterialBindingAPI"]
            )
            {
                uniform token axis = "Z"
                double height = 0.0050241758241758245
                rel material:binding = </Looks/Wire_4>
                color3f[] primvars:displayColor = [(0.035, 0.19, 0.8)]
                double radius = 0.001
            }
        }

        def Xform "Segment_58"
        {
            quatf xformOp:orient = (0.51203066, -0.8589514, -0.005075621, 0.0012107389)
            float3 xformOp:translate = (0.0035039783, 0.28415957, 0.1392215)
            uniform token[] xformOpOrder = ["xformOp:translate", "xformOp:orient"]

            def Capsule "Visual" (
                prepend apiSchemas = ["MaterialBindingAPI"]
            )
            {
                uniform token axis = "Z"
                double height = 0.0050241758241758245
                rel material:binding = </Looks/Wire_4>
                color3f[] primvars:displayColor = [(0.035, 0.19, 0.8)]
                double radius = 0.001
            }
        }

        def Xform "Segment_59"
        {
            quatf xformOp:orient = (0.50551724, -0.86280763, -0.0038704667, -0.0006234326)
            float3 xformOp:translate = (0.003480453, 0.28855792, 0.13680209)
            uniform token[] xformOpOrder = ["xformOp:translate", "xformOp:orient"]

            def Capsule "Visual" (
                prepend apiSchemas = ["MaterialBindingAPI"]
            )
            {
                uniform token axis = "Z"
                double height = 0.0050241758241758245
                rel material:binding = </Looks/Wire_4>
                color3f[] primvars:displayColor = [(0.035, 0.19, 0.8)]
                double radius = 0.001
            }
        }

        def Xform "Segment_60"
        {
            quatf xformOp:orient = (0.49867812, -0.8667802, -0.0028451337, -0.0020763765)
            float3 xformOp:translate = (0.0034797348, 0.29291964, 0.13431811)
            uniform token[] xformOpOrder = ["xformOp:translate", "xformOp:orient"]

            def Capsule "Visual" (
                prepend apiSchemas = ["MaterialBindingAPI"]
            )
            {
                uniform token axis = "Z"
                double height = 0.0050241758241758245
                rel material:binding = </Looks/Wire_4>
                color3f[] primvars:displayColor = [(0.035, 0.19, 0.8)]
                double radius = 0.001
            }
        }

        def Xform "Segment_61"
        {
            quatf xformOp:orient = (0.49144349, -0.87090147, -0.0020107469, -0.003146842)
            float3 xformOp:translate = (0.0034949265, 0.2972404, 0.13176364)
            uniform token[] xformOpOrder = ["xformOp:translate", "xformOp:orient"]

            def Capsule "Visual" (
                prepend apiSchemas = ["MaterialBindingAPI"]
            )
            {
                uniform token axis = "Z"
                double height = 0.0050241758241758245
                rel material:binding = </Looks/Wire_4>
                color3f[] primvars:displayColor = [(0.035, 0.19, 0.8)]
                double radius = 0.001
            }
        }

        def Xform "Segment_62"
        {
            quatf xformOp:orient = (0.48358592, -0.87528783, -0.001465602, -0.003701253)
            float3 xformOp:translate = (0.0035200326, 0.30151594, 0.12913398)
            uniform token[] xformOpOrder = ["xformOp:translate", "xformOp:orient"]

            def Capsule "Visual" (
                prepend apiSchemas = ["MaterialBindingAPI"]
            )
            {
                uniform token axis = "Z"
                double height = 0.0050241758241758245
                rel material:binding = </Looks/Wire_4>
                color3f[] primvars:displayColor = [(0.035, 0.19, 0.8)]
                double radius = 0.001
            }
        }

        def Xform "Segment_63"
        {
            quatf xformOp:orient = (0.4752522, -0.8798404, -0.0011147101, -0.0038890566)
            float3 xformOp:translate = (0.0035508496, 0.30574197, 0.1264257)
            uniform token[] xformOpOrder = ["xformOp:translate", "xformOp:orient"]

            def Capsule "Visual" (
                prepend apiSchemas = ["MaterialBindingAPI"]
            )
            {
                uniform token axis = "Z"
                double height = 0.0050241758241758245
                rel material:binding = </Looks/Wire_4>
                color3f[] primvars:displayColor = [(0.035, 0.19, 0.8)]
                double radius = 0.001
            }
        }

        def Xform "Segment_64"
        {
            quatf xformOp:orient = (0.46647242, -0.8845272, -0.00094606663, -0.0037818213)
            float3 xformOp:translate = (0.0035812636, 0.30991364, 0.1236332)
            uniform token[] xformOpOrder = ["xformOp:translate", "xformOp:orient"]

            def Capsule "Visual" (
                prepend apiSchemas = ["MaterialBindingAPI"]
            )
            {
                uniform token axis = "Z"
                double height = 0.0050241758241758245
                rel material:binding = </Looks/Wire_4>
                color3f[] primvars:displayColor = [(0.035, 0.19, 0.8)]
                double radius = 0.001
            }
        }

        def Xform "Segment_65"
        {
            quatf xformOp:orient = (0.45738888, -0.88925946, -0.0008744491, -0.0034975107)
            float3 xformOp:translate = (0.0036107618, 0.314028, 0.12075698)
            uniform token[] xformOpOrder = ["xformOp:translate", "xformOp:orient"]

            def Capsule "Visual" (
                prepend apiSchemas = ["MaterialBindingAPI"]
            )
            {
                uniform token axis = "Z"
                double height = 0.0050241758241758245
                rel material:binding = </Looks/Wire_4>
                color3f[] primvars:displayColor = [(0.035, 0.19, 0.8)]
                double radius = 0.001
            }
        }

        def Xform "Segment_66"
        {
            quatf xformOp:orient = (0.44811332, -0.8939708, -0.00085447385, -0.0031633682)
            float3 xformOp:translate = (0.003636362, 0.31808183, 0.11779431)
            uniform token[] xformOpOrder = ["xformOp:translate", "xformOp:orient"]

            def Capsule "Visual" (
                prepend apiSchemas = ["MaterialBindingAPI"]
            )
            {
                uniform token axis = "Z"
                double height = 0.0050241758241758245
                rel material:binding = </Looks/Wire_4>
                color3f[] primvars:displayColor = [(0.035, 0.19, 0.8)]
                double radius = 0.001
            }
        }

        def Xform "Segment_67"
        {
            quatf xformOp:orient = (0.43868962, -0.8986339, -0.0008545969, -0.002801682)
            float3 xformOp:translate = (0.0036591142, 0.32207277, 0.11474745)
            uniform token[] xformOpOrder = ["xformOp:translate", "xformOp:orient"]

            def Capsule "Visual" (
                prepend apiSchemas = ["MaterialBindingAPI"]
            )
            {
                uniform token axis = "Z"
                double height = 0.0050241758241758245
                rel material:binding = </Looks/Wire_4>
                color3f[] primvars:displayColor = [(0.035, 0.19, 0.8)]
                double radius = 0.001
            }
        }

        def Xform "Segment_68"
        {
            quatf xformOp:orient = (0.4291834, -0.9032136, -0.0008507637, -0.0024862066)
            float3 xformOp:translate = (0.003678706, 0.32599926, 0.111616254)
            uniform token[] xformOpOrder = ["xformOp:translate", "xformOp:orient"]

            def Capsule "Visual" (
                prepend apiSchemas = ["MaterialBindingAPI"]
            )
            {
                uniform token axis = "Z"
                double height = 0.0050241758241758245
                rel material:binding = </Looks/Wire_4>
                color3f[] primvars:displayColor = [(0.035, 0.19, 0.8)]
                double radius = 0.001
            }
        }

        def Xform "Segment_69"
        {
            quatf xformOp:orient = (0.41957507, -0.90771765, -0.0008423943, -0.0021909238)
            float3 xformOp:translate = (0.0036957501, 0.32985857, 0.10840262)
            uniform token[] xformOpOrder = ["xformOp:translate", "xformOp:orient"]

            def Capsule "Visual" (
                prepend apiSchemas = ["MaterialBindingAPI"]
            )
            {
                uniform token axis = "Z"
                double height = 0.0050241758241758245
                rel material:binding = </Looks/Wire_4>
                color3f[] primvars:displayColor = [(0.035, 0.19, 0.8)]
                double radius = 0.001
            }
        }

        def Xform "Segment_70"
        {
            quatf xformOp:orient = (0.40987703, -0.91213846, -0.000829503, -0.00193091)
            float3 xformOp:translate = (0.0037108464, 0.33364955, 0.10510744)
            uniform token[] xformOpOrder = ["xformOp:translate", "xformOp:orient"]

            def Capsule "Visual" (
                prepend apiSchemas = ["MaterialBindingAPI"]
            )
            {
                uniform token axis = "Z"
                double height = 0.0050241758241758245
                rel material:binding = </Looks/Wire_4>
                color3f[] primvars:displayColor = [(0.035, 0.19, 0.8)]
                double radius = 0.001
            }
        }

        def Xform "Segment_71"
        {
            quatf xformOp:orient = (0.40006337, -0.91648555, -0.0008138447, -0.001686056)
            float3 xformOp:translate = (0.0037238547, 0.33736917, 0.10173191)
            uniform token[] xformOpOrder = ["xformOp:translate", "xformOp:orient"]

            def Capsule "Visual" (
                prepend apiSchemas = ["MaterialBindingAPI"]
            )
            {
                uniform token axis = "Z"
                double height = 0.0050241758241758245
                rel material:binding = </Looks/Wire_4>
                color3f[] primvars:displayColor = [(0.035, 0.19, 0.8)]
                double radius = 0.001
            }
        }

        def Xform "Segment_72"
        {
            quatf xformOp:orient = (0.3901248, -0.9207605, -0.00080193265, -0.0014515364)
            float3 xformOp:translate = (0.003735197, 0.34101582, 0.09827696)
            uniform token[] xformOpOrder = ["xformOp:translate", "xformOp:orient"]

            def Capsule "Visual" (
                prepend apiSchemas = ["MaterialBindingAPI"]
            )
            {
                uniform token axis = "Z"
                double height = 0.0050241758241758245
                rel material:binding = </Looks/Wire_4>
                color3f[] primvars:displayColor = [(0.035, 0.19, 0.8)]
                double radius = 0.001
            }
        }

        def Xform "Segment_73"
        {
            quatf xformOp:orient = (0.380066, -0.9249582, -0.00079017243, -0.0012257352)
            float3 xformOp:translate = (0.003744598, 0.34458652, 0.094743624)
            uniform token[] xformOpOrder = ["xformOp:translate", "xformOp:orient"]

            def Capsule "Visual" (
                prepend apiSchemas = ["MaterialBindingAPI"]
            )
            {
                uniform token axis = "Z"
                double height = 0.0050241758241758245
                rel material:binding = </Looks/Wire_4>
                color3f[] primvars:displayColor = [(0.035, 0.19, 0.8)]
                double radius = 0.001
            }
        }

        def Xform "Segment_74"
        {
            quatf xformOp:orient = (0.36988086, -0.9290784, -0.00078132097, -0.0010079874)
            float3 xformOp:translate = (0.00375217, 0.34807926, 0.09113288)
            uniform token[] xformOpOrder = ["xformOp:translate", "xformOp:orient"]

            def Capsule "Visual" (
                prepend apiSchemas = ["MaterialBindingAPI"]
            )
            {
                uniform token axis = "Z"
                double height = 0.0050241758241758245
                rel material:binding = </Looks/Wire_4>
                color3f[] primvars:displayColor = [(0.035, 0.19, 0.8)]
                double radius = 0.001
            }
        }

        def Xform "Segment_75"
        {
            quatf xformOp:orient = (0.3595881, -0.93311054, -0.00077076734, -0.0008036721)
            float3 xformOp:translate = (0.0037579292, 0.35149154, 0.08744603)
            uniform token[] xformOpOrder = ["xformOp:translate", "xformOp:orient"]

            def Capsule "Visual" (
                prepend apiSchemas = ["MaterialBindingAPI"]
            )
            {
                uniform token axis = "Z"
                double height = 0.0050241758241758245
                rel material:binding = </Looks/Wire_4>
                color3f[] primvars:displayColor = [(0.035, 0.19, 0.8)]
                double radius = 0.001
            }
        }

        def Xform "Segment_76"
        {
            quatf xformOp:orient = (0.34919953, -0.9370479, -0.0007574044, -0.00061741675)
            float3 xformOp:translate = (0.0037619262, 0.35482123, 0.08368436)
            uniform token[] xformOpOrder = ["xformOp:translate", "xformOp:orient"]

            def Capsule "Visual" (
                prepend apiSchemas = ["MaterialBindingAPI"]
            )
            {
                uniform token axis = "Z"
                double height = 0.0050241758241758245
                rel material:binding = </Looks/Wire_4>
                color3f[] primvars:displayColor = [(0.035, 0.19, 0.8)]
                double radius = 0.001
            }
        }

        def Xform "Segment_77"
        {
            quatf xformOp:orient = (0.33873138, -0.9408828, -0.00073937664, -0.00045173254)
            float3 xformOp:translate = (0.003764425, 0.35806635, 0.07984953)
            uniform token[] xformOpOrder = ["xformOp:translate", "xformOp:orient"]

            def Capsule "Visual" (
                prepend apiSchemas = ["MaterialBindingAPI"]
            )
            {
                uniform token axis = "Z"
                double height = 0.0050241758241758245
                rel material:binding = </Looks/Wire_4>
                color3f[] primvars:displayColor = [(0.035, 0.19, 0.8)]
                double radius = 0.001
            }
        }

        def Xform "Segment_78"
        {
            quatf xformOp:orient = (0.32820415, -0.94460654, -0.00071449054, -0.00031072498)
            float3 xformOp:translate = (0.0037655705, 0.361225, 0.07594323)
            uniform token[] xformOpOrder = ["xformOp:translate", "xformOp:orient"]

            def Capsule "Visual" (
                prepend apiSchemas = ["MaterialBindingAPI"]
            )
            {
                uniform token axis = "Z"
                double height = 0.0050241758241758245
                rel material:binding = </Looks/Wire_4>
                color3f[] primvars:displayColor = [(0.035, 0.19, 0.8)]
                double radius = 0.001
            }
        }

        def Xform "Segment_79"
        {
            quatf xformOp:orient = (0.3176308, -0.9482142, -0.0006836356, -0.0001928611)
            float3 xformOp:translate = (0.0037656669, 0.3642956, 0.071967356)
            uniform token[] xformOpOrder = ["xformOp:translate", "xformOp:orient"]

            def Capsule "Visual" (
                prepend apiSchemas = ["MaterialBindingAPI"]
            )
            {
                uniform token axis = "Z"
                double height = 0.0050241758241758245
                rel material:binding = </Looks/Wire_4>
                color3f[] primvars:displayColor = [(0.035, 0.19, 0.8)]
                double radius = 0.001
            }
        }

        def Xform "Segment_80"
        {
            quatf xformOp:orient = (0.30701998, -0.95170283, -0.000645215, -0.00009866047)
            float3 xformOp:translate = (0.003764934, 0.3672765, 0.06792397)
            uniform token[] xformOpOrder = ["xformOp:translate", "xformOp:orient"]

            def Capsule "Visual" (
                prepend apiSchemas = ["MaterialBindingAPI"]
            )
            {
                uniform token axis = "Z"
                double height = 0.0050241758241758245
                rel material:binding = </Looks/Wire_4>
                color3f[] primvars:displayColor = [(0.035, 0.19, 0.8)]
                double radius = 0.001
            }
        }

        def Xform "Segment_81"
        {
            quatf xformOp:orient = (0.29639775, -0.9550644, -0.00060124905, -0.000025278621)
            float3 xformOp:translate = (0.0037635993, 0.37016645, 0.06381509)
            uniform token[] xformOpOrder = ["xformOp:translate", "xformOp:orient"]

            def Capsule "Visual" (
                prepend apiSchemas = ["MaterialBindingAPI"]
            )
            {
                uniform token axis = "Z"
                double height = 0.0050241758241758245
                rel material:binding = </Looks/Wire_4>
                color3f[] primvars:displayColor = [(0.035, 0.19, 0.8)]
                double radius = 0.001
            }
        }

        def Xform "Segment_82"
        {
            quatf xformOp:orient = (0.28578076, -0.9582949, -0.00055089925, 0.00002953027)
            float3 xformOp:translate = (0.0037618747, 0.3729643, 0.05964308)
            uniform token[] xformOpOrder = ["xformOp:translate", "xformOp:orient"]

            def Capsule "Visual" (
                prepend apiSchemas = ["MaterialBindingAPI"]
            )
            {
                uniform token axis = "Z"
                double height = 0.0050241758241758245
                rel material:binding = </Looks/Wire_4>
                color3f[] primvars:displayColor = [(0.035, 0.19, 0.8)]
                double radius = 0.001
            }
        }

        def Xform "Segment_83"
        {
            quatf xformOp:orient = (0.27519333, -0.96138877, -0.000496017, 0.00006764413)
            float3 xformOp:translate = (0.0037599117, 0.37566912, 0.05541018)
            uniform token[] xformOpOrder = ["xformOp:translate", "xformOp:orient"]

            def Capsule "Visual" (
                prepend apiSchemas = ["MaterialBindingAPI"]
            )
            {
                uniform token axis = "Z"
                double height = 0.0050241758241758245
                rel material:binding = </Looks/Wire_4>
                color3f[] primvars:displayColor = [(0.035, 0.19, 0.8)]
                double radius = 0.001
            }
        }

        def Xform "Segment_84"
        {
            quatf xformOp:orient = (0.26466268, -0.964341, -0.00043611688, 0.000091925016)
            float3 xformOp:translate = (0.00375787, 0.37828028, 0.051119)
            uniform token[] xformOpOrder = ["xformOp:translate", "xformOp:orient"]

            def Capsule "Visual" (
                prepend apiSchemas = ["MaterialBindingAPI"]
            )
            {
                uniform token axis = "Z"
                double height = 0.0050241758241758245
                rel material:binding = </Looks/Wire_4>
                color3f[] primvars:displayColor = [(0.035, 0.19, 0.8)]
                double radius = 0.001
            }
        }

        def Xform "Segment_85"
        {
            quatf xformOp:orient = (0.25421274, -0.96714824, -0.00037253724, 0.00010317667)
            float3 xformOp:translate = (0.0037558638, 0.38079748, 0.046772014)
            uniform token[] xformOpOrder = ["xformOp:translate", "xformOp:orient"]

            def Capsule "Visual" (
                prepend apiSchemas = ["MaterialBindingAPI"]
            )
            {
                uniform token axis = "Z"
                double height = 0.0050241758241758245
                rel material:binding = </Looks/Wire_4>
                color3f[] primvars:displayColor = [(0.035, 0.19, 0.8)]
                double radius = 0.001
            }
        }

        def Xform "Segment_86"
        {
            quatf xformOp:orient = (0.24388626, -0.96980387, -0.0003048514, 0.000103409446)
            float3 xformOp:translate = (0.0037540048, 0.38322064, 0.042372026)
            uniform token[] xformOpOrder = ["xformOp:translate", "xformOp:orient"]

            def Capsule "Visual" (
                prepend apiSchemas = ["MaterialBindingAPI"]
            )
            {
                uniform token axis = "Z"
                double height = 0.0050241758241758245
                rel material:binding = </Looks/Wire_4>
                color3f[] primvars:displayColor = [(0.035, 0.19, 0.8)]
                double radius = 0.001
            }
        }

        def Xform "Segment_87"
        {
            quatf xformOp:orient = (0.23373444, -0.97230047, -0.00023385503, 0.000092656606)
            float3 xformOp:translate = (0.0037523957, 0.38555038, 0.037921835)
            uniform token[] xformOpOrder = ["xformOp:translate", "xformOp:orient"]

            def Capsule "Visual" (
                prepend apiSchemas = ["MaterialBindingAPI"]
            )
            {
                uniform token axis = "Z"
                double height = 0.0050241758241758245
                rel material:binding = </Looks/Wire_4>
                color3f[] primvars:displayColor = [(0.035, 0.19, 0.8)]
                double radius = 0.001
            }
        }

        def Xform "Segment_88"
        {
            quatf xformOp:orient = (0.22380842, -0.97463316, -0.00015919178, 0.000071844726)
            float3 xformOp:translate = (0.0037511284, 0.38778767, 0.03342451)
            uniform token[] xformOpOrder = ["xformOp:translate", "xformOp:orient"]

            def Capsule "Visual" (
                prepend apiSchemas = ["MaterialBindingAPI"]
            )
            {
                uniform token axis = "Z"
                double height = 0.0050241758241758245
                rel material:binding = </Looks/Wire_4>
                color3f[] primvars:displayColor = [(0.035, 0.19, 0.8)]
                double radius = 0.001
            }
        }

        def Xform "Segment_89"
        {
            quatf xformOp:orient = (0.21417363, -0.9767957, -0.00008128892, 0.00004087621)
            float3 xformOp:translate = (0.0037503003, 0.38993424, 0.02888317)
            uniform token[] xformOpOrder = ["xformOp:translate", "xformOp:orient"]

            def Capsule "Visual" (
                prepend apiSchemas = ["MaterialBindingAPI"]
            )
            {
                uniform token axis = "Z"
                double height = 0.0050241758241758245
                rel material:binding = </Looks/Wire_4>
                color3f[] primvars:displayColor = [(0.035, 0.19, 0.8)]
                double radius = 0.001
            }
        }

        def Xform "Segment_90"
        {
            quatf xformOp:orient = (0.2048915, -0.9787847, -2.4636979e-10, 1.3341328e-9)
            float3 xformOp:translate = (0.003750001, 0.39199245, 0.024301097)
            uniform token[] xformOpOrder = ["xformOp:translate", "xformOp:orient"]

            def Capsule "Visual" (
                prepend apiSchemas = ["MaterialBindingAPI"]
            )
            {
                uniform token axis = "Z"
                double height = 0.0050241758241758245
                rel material:binding = </Looks/Wire_4>
                color3f[] primvars:displayColor = [(0.035, 0.19, 0.8)]
                double radius = 0.001
            }
        }
    }

    def "Cable_5"
    {
        def Xform "Segment_00"
        {
            quatf xformOp:orient = (0.9158009, -0.40163276, -0.0000040105674, -0.0000024216376)
            float3 xformOp:translate = (0.0062468257, 0.013348239, 0.102334864)
            uniform token[] xformOpOrder = ["xformOp:translate", "xformOp:orient"]

            def Capsule "Visual" (
                prepend apiSchemas = ["MaterialBindingAPI"]
            )
            {
                uniform token axis = "Z"
                double height = 0.0050241758241758245
                rel material:binding = </Looks/Wire_5>
                color3f[] primvars:displayColor = [(0.13, 0.24, 0.82)]
                double radius = 0.001
            }
        }

        def Xform "Segment_01"
        {
            quatf xformOp:orient = (0.9108734, -0.41268596, -0.000040323623, -0.000074828626)
            float3 xformOp:translate = (0.006246823, 0.017084787, 0.105692744)
            uniform token[] xformOpOrder = ["xformOp:translate", "xformOp:orient"]

            def Capsule "Visual" (
                prepend apiSchemas = ["MaterialBindingAPI"]
            )
            {
                uniform token axis = "Z"
                double height = 0.0050241758241758245
                rel material:binding = </Looks/Wire_5>
                color3f[] primvars:displayColor = [(0.13, 0.24, 0.82)]
                double radius = 0.001
            }
        }

        def Xform "Segment_02"
        {
            quatf xformOp:orient = (0.90597683, -0.4233275, -0.00007017468, -0.0001501411)
            float3 xformOp:translate = (0.006246844, 0.020900259, 0.108960755)
            uniform token[] xformOpOrder = ["xformOp:translate", "xformOp:orient"]

            def Capsule "Visual" (
                prepend apiSchemas = ["MaterialBindingAPI"]
            )
            {
                uniform token axis = "Z"
                double height = 0.0050241758241758245
                rel material:binding = </Looks/Wire_5>
                color3f[] primvars:displayColor = [(0.13, 0.24, 0.82)]
                double radius = 0.001
            }
        }

        def Xform "Segment_03"
        {
            quatf xformOp:orient = (0.90111053, -0.43358958, -0.000093504124, -0.00022818387)
            float3 xformOp:translate = (0.0062469677, 0.024790127, 0.11213988)
            uniform token[] xformOpOrder = ["xformOp:translate", "xformOp:orient"]

            def Capsule "Visual" (
                prepend apiSchemas = ["MaterialBindingAPI"]
            )
            {
                uniform token axis = "Z"
                double height = 0.0050241758241758245
                rel material:binding = </Looks/Wire_5>
                color3f[] primvars:displayColor = [(0.13, 0.24, 0.82)]
                double radius = 0.001
            }
        }

        def Xform "Segment_04"
        {
            quatf xformOp:orient = (0.8962703, -0.44350842, -0.00011066698, -0.0003093535)
            float3 xformOp:translate = (0.0062472573, 0.028750228, 0.11523113)
            uniform token[] xformOpOrder = ["xformOp:translate", "xformOp:orient"]

            def Capsule "Visual" (
                prepend apiSchemas = ["MaterialBindingAPI"]
            )
            {
                uniform token axis = "Z"
                double height = 0.0050241758241758245
                rel material:binding = </Looks/Wire_5>
                color3f[] primvars:displayColor = [(0.13, 0.24, 0.82)]
                double radius = 0.001
            }
        }

        def Xform "Segment_05"
        {
            quatf xformOp:orient = (0.8914526, -0.45311373, -0.00012026924, -0.00039364654)
            float3 xformOp:translate = (0.006247831, 0.032776736, 0.118235394)
            uniform token[] xformOpOrder = ["xformOp:translate", "xformOp:orient"]

            def Capsule "Visual" (
                prepend apiSchemas = ["MaterialBindingAPI"]
            )
            {
                uniform token axis = "Z"
                double height = 0.0050241758241758245
                rel material:binding = </Looks/Wire_5>
                color3f[] primvars:displayColor = [(0.13, 0.24, 0.82)]
                double radius = 0.001
            }
        }

        def Xform "Segment_06"
        {
            quatf xformOp:orient = (0.886653, -0.4624351, -0.000121441466, -0.00048292635)
            float3 xformOp:translate = (0.0062487097, 0.036866155, 0.12115346)
            uniform token[] xformOpOrder = ["xformOp:translate", "xformOp:orient"]

            def Capsule "Visual" (
                prepend apiSchemas = ["MaterialBindingAPI"]
            )
            {
                uniform token axis = "Z"
                double height = 0.0050241758241758245
                rel material:binding = </Looks/Wire_5>
                color3f[] primvars:displayColor = [(0.13, 0.24, 0.82)]
                double radius = 0.001
            }
        }

        def Xform "Segment_07"
        {
            quatf xformOp:orient = (0.8818681, -0.47149572, -0.0001118948, -0.0005767422)
            float3 xformOp:translate = (0.0062501007, 0.041015204, 0.12398614)
            uniform token[] xformOpOrder = ["xformOp:translate", "xformOp:orient"]

            def Capsule "Visual" (
                prepend apiSchemas = ["MaterialBindingAPI"]
            )
            {
                uniform token axis = "Z"
                double height = 0.0050241758241758245
                rel material:binding = </Looks/Wire_5>
                color3f[] primvars:displayColor = [(0.13, 0.24, 0.82)]
                double radius = 0.001
            }
        }

        def Xform "Segment_08"
        {
            quatf xformOp:orient = (0.8770923, -0.48032156, -0.0000885594, -0.0006793659)
            float3 xformOp:translate = (0.0062520755, 0.04522088, 0.12673403)
            uniform token[] xformOpOrder = ["xformOp:translate", "xformOp:orient"]

            def Capsule "Visual" (
                prepend apiSchemas = ["MaterialBindingAPI"]
            )
            {
                uniform token axis = "Z"
                double height = 0.0050241758241758245
                rel material:binding = </Looks/Wire_5>
                color3f[] primvars:displayColor = [(0.13, 0.24, 0.82)]
                double radius = 0.001
            }
        }

        def Xform "Segment_09"
        {
            quatf xformOp:orient = (0.8723185, -0.48893765, -0.00005350927, -0.0007867482)
            float3 xformOp:translate = (0.0062548774, 0.049480382, 0.12939776)
            uniform token[] xformOpOrder = ["xformOp:translate", "xformOp:orient"]

            def Capsule "Visual" (
                prepend apiSchemas = ["MaterialBindingAPI"]
            )
            {
                uniform token axis = "Z"
                double height = 0.0050241758241758245
                rel material:binding = </Looks/Wire_5>
                color3f[] primvars:displayColor = [(0.13, 0.24, 0.82)]
                double radius = 0.001
            }
        }

        def Xform "Segment_10"
        {
            quatf xformOp:orient = (0.8675437, -0.49736035, -0.0000051491165, -0.0009038565)
            float3 xformOp:translate = (0.0062587643, 0.053791024, 0.13197789)
            uniform token[] xformOpOrder = ["xformOp:translate", "xformOp:orient"]

            def Capsule "Visual" (
                prepend apiSchemas = ["MaterialBindingAPI"]
            )
            {
                uniform token axis = "Z"
                double height = 0.0050241758241758245
                rel material:binding = </Looks/Wire_5>
                color3f[] primvars:displayColor = [(0.13, 0.24, 0.82)]
                double radius = 0.001
            }
        }

        def Xform "Segment_11"
        {
            quatf xformOp:orient = (0.8627551, -0.5056209, 0.000044447217, -0.0010196689)
            float3 xformOp:translate = (0.006263735, 0.058150493, 0.13447464)
            uniform token[] xformOpOrder = ["xformOp:translate", "xformOp:orient"]

            def Capsule "Visual" (
                prepend apiSchemas = ["MaterialBindingAPI"]
            )
            {
                uniform token axis = "Z"
                double height = 0.0050241758241758245
                rel material:binding = </Looks/Wire_5>
                color3f[] primvars:displayColor = [(0.13, 0.24, 0.82)]
                double radius = 0.001
            }
        }

        def Xform "Segment_12"
        {
            quatf xformOp:orient = (0.857943, -0.51374376, 0.00008469592, -0.0011340283)
            float3 xformOp:translate = (0.0062701553, 0.062556356, 0.1368885)
            uniform token[] xformOpOrder = ["xformOp:translate", "xformOp:orient"]

            def Capsule "Visual" (
                prepend apiSchemas = ["MaterialBindingAPI"]
            )
            {
                uniform token axis = "Z"
                double height = 0.0050241758241758245
                rel material:binding = </Looks/Wire_5>
                color3f[] primvars:displayColor = [(0.13, 0.24, 0.82)]
                double radius = 0.001
            }
        }

        def Xform "Segment_13"
        {
            quatf xformOp:orient = (0.8530869, -0.5217676, 0.000098589364, -0.0012314526)
            float3 xformOp:translate = (0.0062774443, 0.06700687, 0.13921903)
            uniform token[] xformOpOrder = ["xformOp:translate", "xformOp:orient"]

            def Capsule "Visual" (
                prepend apiSchemas = ["MaterialBindingAPI"]
            )
            {
                uniform token axis = "Z"
                double height = 0.0050241758241758245
                rel material:binding = </Looks/Wire_5>
                color3f[] primvars:displayColor = [(0.13, 0.24, 0.82)]
                double radius = 0.001
            }
        }

        def Xform "Segment_14"
        {
            quatf xformOp:orient = (0.8481646, -0.5297312, 0.000056766574, -0.0013031873)
            float3 xformOp:translate = (0.0062855226, 0.07150005, 0.14146608)
            uniform token[] xformOpOrder = ["xformOp:translate", "xformOp:orient"]

            def Capsule "Visual" (
                prepend apiSchemas = ["MaterialBindingAPI"]
            )
            {
                uniform token axis = "Z"
                double height = 0.0050241758241758245
                rel material:binding = </Looks/Wire_5>
                color3f[] primvars:displayColor = [(0.13, 0.24, 0.82)]
                double radius = 0.001
            }
        }

        def Xform "Segment_15"
        {
            quatf xformOp:orient = (0.84316623, -0.5376514, -0.00003903255, -0.0013426701)
            float3 xformOp:translate = (0.006293415, 0.0760345, 0.14362858)
            uniform token[] xformOpOrder = ["xformOp:translate", "xformOp:orient"]

            def Capsule "Visual" (
                prepend apiSchemas = ["MaterialBindingAPI"]
            )
            {
                uniform token axis = "Z"
                double height = 0.0050241758241758245
                rel material:binding = </Looks/Wire_5>
                color3f[] primvars:displayColor = [(0.13, 0.24, 0.82)]
                double radius = 0.001
            }
        }

        def Xform "Segment_16"
        {
            quatf xformOp:orient = (0.83806753, -0.5455648, -0.00022039415, -0.0013431336)
            float3 xformOp:translate = (0.006299893, 0.08060892, 0.14570515)
            uniform token[] xformOpOrder = ["xformOp:translate", "xformOp:orient"]

            def Capsule "Visual" (
                prepend apiSchemas = ["MaterialBindingAPI"]
            )
            {
                uniform token axis = "Z"
                double height = 0.0050241758241758245
                rel material:binding = </Looks/Wire_5>
                color3f[] primvars:displayColor = [(0.13, 0.24, 0.82)]
                double radius = 0.001
            }
        }

        def Xform "Segment_17"
        {
            quatf xformOp:orient = (0.8328773, -0.553456, -0.0004420163, -0.0013218259)
            float3 xformOp:translate = (0.0063047386, 0.085221685, 0.14769508)
            uniform token[] xformOpOrder = ["xformOp:translate", "xformOp:orient"]

            def Capsule "Visual" (
                prepend apiSchemas = ["MaterialBindingAPI"]
            )
            {
                uniform token axis = "Z"
                double height = 0.0050241758241758245
                rel material:binding = </Looks/Wire_5>
                color3f[] primvars:displayColor = [(0.13, 0.24, 0.82)]
                double radius = 0.001
            }
        }

        def Xform "Segment_18"
        {
            quatf xformOp:orient = (0.8275922, -0.5613278, -0.00069823326, -0.001298501)
            float3 xformOp:translate = (0.006305767, 0.08987206, 0.14959574)
            uniform token[] xformOpOrder = ["xformOp:translate", "xformOp:orient"]

            def Capsule "Visual" (
                prepend apiSchemas = ["MaterialBindingAPI"]
            )
            {
                uniform token axis = "Z"
                double height = 0.0050241758241758245
                rel material:binding = </Looks/Wire_5>
                color3f[] primvars:displayColor = [(0.13, 0.24, 0.82)]
                double radius = 0.001
            }
        }

        def Xform "Segment_19"
        {
            quatf xformOp:orient = (0.8222352, -0.56914556, -0.00091378624, -0.0013067775)
            float3 xformOp:translate = (0.006304929, 0.094557665, 0.15140788)
            uniform token[] xformOpOrder = ["xformOp:translate", "xformOp:orient"]

            def Capsule "Visual" (
                prepend apiSchemas = ["MaterialBindingAPI"]
            )
            {
                uniform token axis = "Z"
                double height = 0.0050241758241758245
                rel material:binding = </Looks/Wire_5>
                color3f[] primvars:displayColor = [(0.13, 0.24, 0.82)]
                double radius = 0.001
            }
        }

        def Xform "Segment_20"
        {
            quatf xformOp:orient = (0.8168385, -0.5768638, -0.0010234176, -0.0014044065)
            float3 xformOp:translate = (0.0063009197, 0.0992778, 0.15312919)
            uniform token[] xformOpOrder = ["xformOp:translate", "xformOp:orient"]

            def Capsule "Visual" (
                prepend apiSchemas = ["MaterialBindingAPI"]
            )
            {
                uniform token axis = "Z"
                double height = 0.0050241758241758245
                rel material:binding = </Looks/Wire_5>
                color3f[] primvars:displayColor = [(0.13, 0.24, 0.82)]
                double radius = 0.001
            }
        }

        def Xform "Segment_21"
        {
            quatf xformOp:orient = (0.81138206, -0.58451325, -0.0009889734, -0.0016002384)
            float3 xformOp:translate = (0.0062975995, 0.10402956, 0.1547614)
            uniform token[] xformOpOrder = ["xformOp:translate", "xformOp:orient"]

            def Capsule "Visual" (
                prepend apiSchemas = ["MaterialBindingAPI"]
            )
            {
                uniform token axis = "Z"
                double height = 0.0050241758241758245
                rel material:binding = </Looks/Wire_5>
                color3f[] primvars:displayColor = [(0.13, 0.24, 0.82)]
                double radius = 0.001
            }
        }

        def Xform "Segment_22"
        {
            quatf xformOp:orient = (0.8058947, -0.5920554, -0.00072488893, -0.0019563243)
            float3 xformOp:translate = (0.0062969895, 0.108811736, 0.15630431)
            uniform token[] xformOpOrder = ["xformOp:translate", "xformOp:orient"]

            def Capsule "Visual" (
                prepend apiSchemas = ["MaterialBindingAPI"]
            )
            {
                uniform token axis = "Z"
                double height = 0.0050241758241758245
                rel material:binding = </Looks/Wire_5>
                color3f[] primvars:displayColor = [(0.13, 0.24, 0.82)]
                double radius = 0.001
            }
        }

        def Xform "Segment_23"
        {
            quatf xformOp:orient = (0.80028063, -0.59962064, -0.0002975686, -0.0024147173)
            float3 xformOp:translate = (0.0063017677, 0.11362206, 0.15775734)
            uniform token[] xformOpOrder = ["xformOp:translate", "xformOp:orient"]

            def Capsule "Visual" (
                prepend apiSchemas = ["MaterialBindingAPI"]
            )
            {
                uniform token axis = "Z"
                double height = 0.0050241758241758245
                rel material:binding = </Looks/Wire_5>
                color3f[] primvars:displayColor = [(0.13, 0.24, 0.82)]
                double radius = 0.001
            }
        }

        def Xform "Segment_24"
        {
            quatf xformOp:orient = (0.7944965, -0.60726154, 0.00030977165, -0.0029728676)
            float3 xformOp:translate = (0.0063176192, 0.118458845, 0.15912245)
            uniform token[] xformOpOrder = ["xformOp:translate", "xformOp:orient"]

            def Capsule "Visual" (
                prepend apiSchemas = ["MaterialBindingAPI"]
            )
            {
                uniform token axis = "Z"
                double height = 0.0050241758241758245
                rel material:binding = </Looks/Wire_5>
                color3f[] primvars:displayColor = [(0.13, 0.24, 0.82)]
                double radius = 0.001
            }
        }

        def Xform "Segment_25"
        {
            quatf xformOp:orient = (0.7884052, -0.61514556, 0.00094568473, -0.0035243803)
            float3 xformOp:translate = (0.006342035, 0.12332134, 0.16039282)
            uniform token[] xformOpOrder = ["xformOp:translate", "xformOp:orient"]

            def Capsule "Visual" (
                prepend apiSchemas = ["MaterialBindingAPI"]
            )
            {
                uniform token axis = "Z"
                double height = 0.0050241758241758245
                rel material:binding = </Looks/Wire_5>
                color3f[] primvars:displayColor = [(0.13, 0.24, 0.82)]
                double radius = 0.001
            }
        }

        def Xform "Segment_26"
        {
            quatf xformOp:orient = (0.7818612, -0.62343806, 0.0015048246, -0.0039667836)
            float3 xformOp:translate = (0.006380913, 0.12820798, 0.16156954)
            uniform token[] xformOpOrder = ["xformOp:translate", "xformOp:orient"]

            def Capsule "Visual" (
                prepend apiSchemas = ["MaterialBindingAPI"]
            )
            {
                uniform token axis = "Z"
                double height = 0.0050241758241758245
                rel material:binding = </Looks/Wire_5>
                color3f[] primvars:displayColor = [(0.13, 0.24, 0.82)]
                double radius = 0.001
            }
        }

        def Xform "Segment_27"
        {
            quatf xformOp:orient = (0.7748124, -0.6321742, 0.0018754042, -0.004238196)
            float3 xformOp:translate = (0.006425997, 0.13311888, 0.16263959)
            uniform token[] xformOpOrder = ["xformOp:translate", "xformOp:orient"]

            def Capsule "Visual" (
                prepend apiSchemas = ["MaterialBindingAPI"]
            )
            {
                uniform token axis = "Z"
                double height = 0.0050241758241758245
                rel material:binding = </Looks/Wire_5>
                color3f[] primvars:displayColor = [(0.13, 0.24, 0.82)]
                double radius = 0.001
            }
        }

        def Xform "Segment_28"
        {
            quatf xformOp:orient = (0.7670724, -0.64154416, 0.0018935602, -0.0041968515)
            float3 xformOp:translate = (0.006478235, 0.13805306, 0.16359915)
            uniform token[] xformOpOrder = ["xformOp:translate", "xformOp:orient"]

            def Capsule "Visual" (
                prepend apiSchemas = ["MaterialBindingAPI"]
            )
            {
                uniform token axis = "Z"
                double height = 0.0050241758241758245
                rel material:binding = </Looks/Wire_5>
                color3f[] primvars:displayColor = [(0.13, 0.24, 0.82)]
                double radius = 0.001
            }
        }

        def Xform "Segment_29"
        {
            quatf xformOp:orient = (0.7587717, -0.651343, 0.001612832, -0.0039136037)
            float3 xformOp:translate = (0.0065288707, 0.14300936, 0.16443531)
            uniform token[] xformOpOrder = ["xformOp:translate", "xformOp:orient"]

            def Capsule "Visual" (
                prepend apiSchemas = ["MaterialBindingAPI"]
            )
            {
                uniform token axis = "Z"
                double height = 0.0050241758241758245
                rel material:binding = </Looks/Wire_5>
                color3f[] primvars:displayColor = [(0.13, 0.24, 0.82)]
                double radius = 0.001
            }
        }

        def Xform "Segment_30"
        {
            quatf xformOp:orient = (0.7498977, -0.66154474, 0.00096617156, -0.0033396587)
            float3 xformOp:translate = (0.006571449, 0.14798707, 0.16513847)
            uniform token[] xformOpOrder = ["xformOp:translate", "xformOp:orient"]

            def Capsule "Visual" (
                prepend apiSchemas = ["MaterialBindingAPI"]
            )
            {
                uniform token axis = "Z"
                double height = 0.0050241758241758245
                rel material:binding = </Looks/Wire_5>
                color3f[] primvars:displayColor = [(0.13, 0.24, 0.82)]
                double radius = 0.001
            }
        }

        def Xform "Segment_31"
        {
            quatf xformOp:orient = (0.74080175, -0.6717185, 0.00016586155, -0.0026640757)
            float3 xformOp:translate = (0.006604497, 0.15298183, 0.16570601)
            uniform token[] xformOpOrder = ["xformOp:translate", "xformOp:orient"]

            def Capsule "Visual" (
                prepend apiSchemas = ["MaterialBindingAPI"]
            )
            {
                uniform token axis = "Z"
                double height = 0.0050241758241758245
                rel material:binding = </Looks/Wire_5>
                color3f[] primvars:displayColor = [(0.13, 0.24, 0.82)]
                double radius = 0.001
            }
        }

        def Xform "Segment_32"
        {
            quatf xformOp:orient = (0.73168397, -0.6816408, -0.0006718074, -0.002001419)
            float3 xformOp:translate = (0.006618934, 0.15799254, 0.16612951)
            uniform token[] xformOpOrder = ["xformOp:translate", "xformOp:orient"]

            def Capsule "Visual" (
                prepend apiSchemas = ["MaterialBindingAPI"]
            )
            {
                uniform token axis = "Z"
                double height = 0.0050241758241758245
                rel material:binding = </Looks/Wire_5>
                color3f[] primvars:displayColor = [(0.13, 0.24, 0.82)]
                double radius = 0.001
            }
        }

        def Xform "Segment_33"
        {
            quatf xformOp:orient = (0.72281826, -0.6910352, -0.0013827953, -0.0014872833)
            float3 xformOp:translate = (0.00662377, 0.16301276, 0.16642062)
            uniform token[] xformOpOrder = ["xformOp:translate", "xformOp:orient"]

            def Capsule "Visual" (
                prepend apiSchemas = ["MaterialBindingAPI"]
            )
            {
                uniform token axis = "Z"
                double height = 0.0050241758241758245
                rel material:binding = </Looks/Wire_5>
                color3f[] primvars:displayColor = [(0.13, 0.24, 0.82)]
                double radius = 0.001
            }
        }

        def Xform "Segment_34"
        {
            quatf xformOp:orient = (0.71449375, -0.6996384, -0.0017830967, -0.001289691)
            float3 xformOp:translate = (0.006612845, 0.16804169, 0.16657686)
            uniform token[] xformOpOrder = ["xformOp:translate", "xformOp:orient"]

            def Capsule "Visual" (
                prepend apiSchemas = ["MaterialBindingAPI"]
            )
            {
                uniform token axis = "Z"
                double height = 0.0050241758241758245
                rel material:binding = </Looks/Wire_5>
                color3f[] primvars:displayColor = [(0.13, 0.24, 0.82)]
                double radius = 0.001
            }
        }

        def Xform "Segment_35"
        {
            quatf xformOp:orient = (0.7066909, -0.7075185, -0.001927634, -0.001350562)
            float3 xformOp:translate = (0.0065995483, 0.17307317, 0.16661707)
            uniform token[] xformOpOrder = ["xformOp:translate", "xformOp:orient"]

            def Capsule "Visual" (
                prepend apiSchemas = ["MaterialBindingAPI"]
            )
            {
                uniform token axis = "Z"
                double height = 0.0050241758241758245
                rel material:binding = </Looks/Wire_5>
                color3f[] primvars:displayColor = [(0.13, 0.24, 0.82)]
                double radius = 0.001
            }
        }

        def Xform "Segment_36"
        {
            quatf xformOp:orient = (0.69953513, -0.71459407, -0.001748328, -0.0017047462)
            float3 xformOp:translate = (0.0065835426, 0.17810754, 0.16654567)
            uniform token[] xformOpOrder = ["xformOp:translate", "xformOp:orient"]

            def Capsule "Visual" (
                prepend apiSchemas = ["MaterialBindingAPI"]
            )
            {
                uniform token axis = "Z"
                double height = 0.0050241758241758245
                rel material:binding = </Looks/Wire_5>
                color3f[] primvars:displayColor = [(0.13, 0.24, 0.82)]
                double radius = 0.001
            }
        }

        def Xform "Segment_37"
        {
            quatf xformOp:orient = (0.69273174, -0.7211907, -0.0014795822, -0.002139766)
            float3 xformOp:translate = (0.006572373, 0.18313988, 0.16637634)
            uniform token[] xformOpOrder = ["xformOp:translate", "xformOp:orient"]

            def Capsule "Visual" (
                prepend apiSchemas = ["MaterialBindingAPI"]
            )
            {
                uniform token axis = "Z"
                double height = 0.0050241758241758245
                rel material:binding = </Looks/Wire_5>
                color3f[] primvars:displayColor = [(0.13, 0.24, 0.82)]
                double radius = 0.001
            }
        }

        def Xform "Segment_38"
        {
            quatf xformOp:orient = (0.6861436, -0.72746074, -0.0011651274, -0.0025547687)
            float3 xformOp:translate = (0.0065698964, 0.18817112, 0.1661164)
            uniform token[] xformOpOrder = ["xformOp:translate", "xformOp:orient"]

            def Capsule "Visual" (
                prepend apiSchemas = ["MaterialBindingAPI"]
            )
            {
                uniform token axis = "Z"
                double height = 0.0050241758241758245
                rel material:binding = </Looks/Wire_5>
                color3f[] primvars:displayColor = [(0.13, 0.24, 0.82)]
                double radius = 0.001
            }
        }

        def Xform "Segment_39"
        {
            quatf xformOp:orient = (0.6795112, -0.7336591, -0.000955716, -0.0028396165)
            float3 xformOp:translate = (0.006572082, 0.19319704, 0.16576537)
            uniform token[] xformOpOrder = ["xformOp:translate", "xformOp:orient"]

            def Capsule "Visual" (
                prepend apiSchemas = ["MaterialBindingAPI"]
            )
            {
                uniform token axis = "Z"
                double height = 0.0050241758241758245
                rel material:binding = </Looks/Wire_5>
                color3f[] primvars:displayColor = [(0.13, 0.24, 0.82)]
                double radius = 0.001
            }
        }

        def Xform "Segment_40"
        {
            quatf xformOp:orient = (0.67267454, -0.7399323, -0.0008933081, -0.0028904523)
            float3 xformOp:translate = (0.006585486, 0.19821803, 0.1653309)
            uniform token[] xformOpOrder = ["xformOp:translate", "xformOp:orient"]

            def Capsule "Visual" (
                prepend apiSchemas = ["MaterialBindingAPI"]
            )
            {
                uniform token axis = "Z"
                double height = 0.0050241758241758245
                rel material:binding = </Looks/Wire_5>
                color3f[] primvars:displayColor = [(0.13, 0.24, 0.82)]
                double radius = 0.001
            }
        }

        def Xform "Segment_41"
        {
            quatf xformOp:orient = (0.6656306, -0.7462756, -0.00095375546, -0.0027929589)
            float3 xformOp:translate = (0.0065989704, 0.2032301, 0.16480261)
            uniform token[] xformOpOrder = ["xformOp:translate", "xformOp:orient"]

            def Capsule "Visual" (
                prepend apiSchemas = ["MaterialBindingAPI"]
            )
            {
                uniform token axis = "Z"
                double height = 0.0050241758241758245
                rel material:binding = </Looks/Wire_5>
                color3f[] primvars:displayColor = [(0.13, 0.24, 0.82)]
                double radius = 0.001
            }
        }

        def Xform "Segment_42"
        {
            quatf xformOp:orient = (0.65836406, -0.7526945, -0.0010839006, -0.0025568404)
            float3 xformOp:translate = (0.0066202777, 0.20823228, 0.1641884)
            uniform token[] xformOpOrder = ["xformOp:translate", "xformOp:orient"]

            def Capsule "Visual" (
                prepend apiSchemas = ["MaterialBindingAPI"]
            )
            {
                uniform token axis = "Z"
                double height = 0.0050241758241758245
                rel material:binding = </Looks/Wire_5>
                color3f[] primvars:displayColor = [(0.13, 0.24, 0.82)]
                double radius = 0.001
            }
        }

        def Xform "Segment_43"
        {
            quatf xformOp:orient = (0.6509545, -0.7591123, -0.0012118829, -0.0023231413)
            float3 xformOp:translate = (0.0066392473, 0.2132215, 0.16347712)
            uniform token[] xformOpOrder = ["xformOp:translate", "xformOp:orient"]

            def Capsule "Visual" (
                prepend apiSchemas = ["MaterialBindingAPI"]
            )
            {
                uniform token axis = "Z"
                double height = 0.0050241758241758245
                rel material:binding = </Looks/Wire_5>
                color3f[] primvars:displayColor = [(0.13, 0.24, 0.82)]
                double radius = 0.001
            }
        }

        def Xform "Segment_44"
        {
            quatf xformOp:orient = (0.6434059, -0.76552117, -0.001266516, -0.0021209859)
            float3 xformOp:translate = (0.0066615557, 0.21819495, 0.16267413)
            uniform token[] xformOpOrder = ["xformOp:translate", "xformOp:orient"]

            def Capsule "Visual" (
                prepend apiSchemas = ["MaterialBindingAPI"]
            )
            {
                uniform token axis = "Z"
                double height = 0.0050241758241758245
                rel material:binding = </Looks/Wire_5>
                color3f[] primvars:displayColor = [(0.13, 0.24, 0.82)]
                double radius = 0.001
            }
        }

        def Xform "Segment_45"
        {
            quatf xformOp:orient = (0.6356196, -0.77199894, -0.0012971343, -0.0019543893)
            float3 xformOp:translate = (0.006682583, 0.22315118, 0.16177218)
            uniform token[] xformOpOrder = ["xformOp:translate", "xformOp:orient"]

            def Capsule "Visual" (
                prepend apiSchemas = ["MaterialBindingAPI"]
            )
            {
                uniform token axis = "Z"
                double height = 0.0050241758241758245
                rel material:binding = </Looks/Wire_5>
                color3f[] primvars:displayColor = [(0.13, 0.24, 0.82)]
                double radius = 0.001
            }
        }

        def Xform "Segment_46"
        {
            quatf xformOp:orient = (0.6274055, -0.7786896, -0.0013562511, -0.0017003681)
            float3 xformOp:translate = (0.0067005986, 0.22808431, 0.1607673)
            uniform token[] xformOpOrder = ["xformOp:translate", "xformOp:orient"]

            def Capsule "Visual" (
                prepend apiSchemas = ["MaterialBindingAPI"]
            )
            {
                uniform token axis = "Z"
                double height = 0.0050241758241758245
                rel material:binding = </Looks/Wire_5>
                color3f[] primvars:displayColor = [(0.13, 0.24, 0.82)]
                double radius = 0.001
            }
        }

        def Xform "Segment_47"
        {
            quatf xformOp:orient = (0.61857843, -0.7857205, -0.001570658, -0.0012730215)
            float3 xformOp:translate = (0.0067151627, 0.23299389, 0.15965487)
            uniform token[] xformOpOrder = ["xformOp:translate", "xformOp:orient"]

            def Capsule "Visual" (
                prepend apiSchemas = ["MaterialBindingAPI"]
            )
            {
                uniform token axis = "Z"
                double height = 0.0050241758241758245
                rel material:binding = </Looks/Wire_5>
                color3f[] primvars:displayColor = [(0.13, 0.24, 0.82)]
                double radius = 0.001
            }
        }

        def Xform "Segment_48"
        {
            quatf xformOp:orient = (0.6088808, -0.7932589, -0.0020810869, -0.0004533551)
            float3 xformOp:translate = (0.006715134, 0.23786986, 0.15841976)
            uniform token[] xformOpOrder = ["xformOp:translate", "xformOp:orient"]

            def Capsule "Visual" (
                prepend apiSchemas = ["MaterialBindingAPI"]
            )
            {
                uniform token axis = "Z"
                double height = 0.0050241758241758245
                rel material:binding = </Looks/Wire_5>
                color3f[] primvars:displayColor = [(0.13, 0.24, 0.82)]
                double radius = 0.001
            }
        }

        def Xform "Segment_49"
        {
            quatf xformOp:orient = (0.5983702, -0.8012143, -0.002889732, 0.0007033778)
            float3 xformOp:translate = (0.0067033716, 0.24271247, 0.15706103)
            uniform token[] xformOpOrder = ["xformOp:translate", "xformOp:orient"]

            def Capsule "Visual" (
                prepend apiSchemas = ["MaterialBindingAPI"]
            )
            {
                uniform token axis = "Z"
                double height = 0.0050241758241758245
                rel material:binding = </Looks/Wire_5>
                color3f[] primvars:displayColor = [(0.13, 0.24, 0.82)]
                double radius = 0.001
            }
        }

        def Xform "Segment_50"
        {
            quatf xformOp:orient = (0.5870946, -0.8095053, -0.004019699, 0.0022374387)
            float3 xformOp:translate = (0.006665905, 0.2475095, 0.15556182)
            uniform token[] xformOpOrder = ["xformOp:translate", "xformOp:orient"]

            def Capsule "Visual" (
                prepend apiSchemas = ["MaterialBindingAPI"]
            )
            {
                uniform token axis = "Z"
                double height = 0.0050241758241758245
                rel material:binding = </Looks/Wire_5>
                color3f[] primvars:displayColor = [(0.13, 0.24, 0.82)]
                double radius = 0.001
            }
        }

        def Xform "Segment_51"
        {
            quatf xformOp:orient = (0.57542926, -0.8178252, -0.0052878023, 0.0038860175)
            float3 xformOp:translate = (0.006608633, 0.25226194, 0.15392736)
            uniform token[] xformOpOrder = ["xformOp:translate", "xformOp:orient"]

            def Capsule "Visual" (
                prepend apiSchemas = ["MaterialBindingAPI"]
            )
            {
                uniform token axis = "Z"
                double height = 0.0050241758241758245
                rel material:binding = </Looks/Wire_5>
                color3f[] primvars:displayColor = [(0.13, 0.24, 0.82)]
                double radius = 0.001
            }
        }

        def Xform "Segment_52"
        {
            quatf xformOp:orient = (0.5638864, -0.8258096, -0.006477868, 0.005349718)
            float3 xformOp:translate = (0.006526038, 0.2569608, 0.15215303)
            uniform token[] xformOpOrder = ["xformOp:translate", "xformOp:orient"]

            def Capsule "Visual" (
                prepend apiSchemas = ["MaterialBindingAPI"]
            )
            {
                uniform token axis = "Z"
                double height = 0.0050241758241758245
                rel material:binding = </Looks/Wire_5>
                color3f[] primvars:displayColor = [(0.13, 0.24, 0.82)]
                double radius = 0.001
            }
        }

        def Xform "Segment_53"
        {
            quatf xformOp:orient = (0.55279016, -0.8332629, -0.007415065, 0.006401973)
            float3 xformOp:translate = (0.006427138, 0.26160926, 0.15025036)
            uniform token[] xformOpOrder = ["xformOp:translate", "xformOp:orient"]

            def Capsule "Visual" (
                prepend apiSchemas = ["MaterialBindingAPI"]
            )
            {
                uniform token axis = "Z"
                double height = 0.0050241758241758245
                rel material:binding = </Looks/Wire_5>
                color3f[] primvars:displayColor = [(0.13, 0.24, 0.82)]
                double radius = 0.001
            }
        }

        def Xform "Segment_54"
        {
            quatf xformOp:orient = (0.5427577, -0.8398267, -0.007814465, 0.0066516018)
            float3 xformOp:translate = (0.0063204733, 0.26620656, 0.14823186)
            uniform token[] xformOpOrder = ["xformOp:translate", "xformOp:orient"]

            def Capsule "Visual" (
                prepend apiSchemas = ["MaterialBindingAPI"]
            )
            {
                uniform token axis = "Z"
                double height = 0.0050241758241758245
                rel material:binding = </Looks/Wire_5>
                color3f[] primvars:displayColor = [(0.13, 0.24, 0.82)]
                double radius = 0.001
            }
        }

        def Xform "Segment_55"
        {
            quatf xformOp:orient = (0.5336645, -0.8456381, -0.0077391835, 0.0062057935)
            float3 xformOp:translate = (0.006214283, 0.27075708, 0.14610915)
            uniform token[] xformOpOrder = ["xformOp:translate", "xformOp:orient"]

            def Capsule "Visual" (
                prepend apiSchemas = ["MaterialBindingAPI"]
            )
            {
                uniform token axis = "Z"
                double height = 0.0050241758241758245
                rel material:binding = </Looks/Wire_5>
                color3f[] primvars:displayColor = [(0.13, 0.24, 0.82)]
                double radius = 0.001
            }
        }

        def Xform "Segment_56"
        {
            quatf xformOp:orient = (0.5257328, -0.85060567, -0.007094655, 0.0049666036)
            float3 xformOp:translate = (0.00612317, 0.27526578, 0.14390156)
            uniform token[] xformOpOrder = ["xformOp:translate", "xformOp:orient"]

            def Capsule "Visual" (
                prepend apiSchemas = ["MaterialBindingAPI"]
            )
            {
                uniform token axis = "Z"
                double height = 0.0050241758241758245
                rel material:binding = </Looks/Wire_5>
                color3f[] primvars:displayColor = [(0.13, 0.24, 0.82)]
                double radius = 0.001
            }
        }

        def Xform "Segment_57"
        {
            quatf xformOp:orient = (0.51851994, -0.85503745, -0.006112353, 0.0032708368)
            float3 xformOp:translate = (0.0060492703, 0.27973485, 0.14161384)
            uniform token[] xformOpOrder = ["xformOp:translate", "xformOp:orient"]

            def Capsule "Visual" (
                prepend apiSchemas = ["MaterialBindingAPI"]
            )
            {
                uniform token axis = "Z"
                double height = 0.0050241758241758245
                rel material:binding = </Looks/Wire_5>
                color3f[] primvars:displayColor = [(0.13, 0.24, 0.82)]
                double radius = 0.001
            }
        }

        def Xform "Segment_58"
        {
            quatf xformOp:orient = (0.51177895, -0.859102, -0.004927348, 0.0013702227)
            float3 xformOp:translate = (0.00600261, 0.2841687, 0.13926005)
            uniform token[] xformOpOrder = ["xformOp:translate", "xformOp:orient"]

            def Capsule "Visual" (
                prepend apiSchemas = ["MaterialBindingAPI"]
            )
            {
                uniform token axis = "Z"
                double height = 0.0050241758241758245
                rel material:binding = </Looks/Wire_5>
                color3f[] primvars:displayColor = [(0.13, 0.24, 0.82)]
                double radius = 0.001
            }
        }

        def Xform "Segment_59"
        {
            quatf xformOp:orient = (0.50515026, -0.8630233, -0.0037225978, -0.00047866988)
            float3 xformOp:translate = (0.0059785508, 0.28856546, 0.13683744)
            uniform token[] xformOpOrder = ["xformOp:translate", "xformOp:orient"]

            def Capsule "Visual" (
                prepend apiSchemas = ["MaterialBindingAPI"]
            )
            {
                uniform token axis = "Z"
                double height = 0.0050241758241758245
                rel material:binding = </Looks/Wire_5>
                color3f[] primvars:displayColor = [(0.13, 0.24, 0.82)]
                double radius = 0.001
            }
        }

        def Xform "Segment_60"
        {
            quatf xformOp:orient = (0.4982153, -0.86704695, -0.002695973, -0.001947927)
            float3 xformOp:translate = (0.005977416, 0.29292503, 0.13434917)
            uniform token[] xformOpOrder = ["xformOp:translate", "xformOp:orient"]

            def Capsule "Visual" (
                prepend apiSchemas = ["MaterialBindingAPI"]
            )
            {
                uniform token axis = "Z"
                double height = 0.0050241758241758245
                rel material:binding = </Looks/Wire_5>
                color3f[] primvars:displayColor = [(0.13, 0.24, 0.82)]
                double radius = 0.001
            }
        }

        def Xform "Segment_61"
        {
            quatf xformOp:orient = (0.4909114, -0.8712023, -0.0018598828, -0.0030350443)
            float3 xformOp:translate = (0.0059923287, 0.29724306, 0.13178964)
            uniform token[] xformOpOrder = ["xformOp:translate", "xformOp:orient"]

            def Capsule "Visual" (
                prepend apiSchemas = ["MaterialBindingAPI"]
            )
            {
                uniform token axis = "Z"
                double height = 0.0050241758241758245
                rel material:binding = </Looks/Wire_5>
                color3f[] primvars:displayColor = [(0.13, 0.24, 0.82)]
                double radius = 0.001
            }
        }

        def Xform "Segment_62"
        {
            quatf xformOp:orient = (0.48300937, -0.87560683, -0.0013134505, -0.0036045252)
            float3 xformOp:translate = (0.00601728, 0.30151543, 0.12915443)
            uniform token[] xformOpOrder = ["xformOp:translate", "xformOp:orient"]

            def Capsule "Visual" (
                prepend apiSchemas = ["MaterialBindingAPI"]
            )
            {
                uniform token axis = "Z"
                double height = 0.0050241758241758245
                rel material:binding = </Looks/Wire_5>
                color3f[] primvars:displayColor = [(0.13, 0.24, 0.82)]
                double radius = 0.001
            }
        }

        def Xform "Segment_63"
        {
            quatf xformOp:orient = (0.4746618, -0.88015956, -0.0009617706, -0.0038061354)
            float3 xformOp:translate = (0.0060480568, 0.30573803, 0.12644038)
            uniform token[] xformOpOrder = ["xformOp:translate", "xformOp:orient"]

            def Capsule "Visual" (
                prepend apiSchemas = ["MaterialBindingAPI"]
            )
            {
                uniform token axis = "Z"
                double height = 0.0050241758241758245
                rel material:binding = </Looks/Wire_5>
                color3f[] primvars:displayColor = [(0.13, 0.24, 0.82)]
                double radius = 0.001
            }
        }

        def Xform "Segment_64"
        {
            quatf xformOp:orient = (0.4658969, -0.88483095, -0.000793247, -0.0037107593)
            float3 xformOp:translate = (0.0060785245, 0.3099062, 0.1236422)
            uniform token[] xformOpOrder = ["xformOp:translate", "xformOp:orient"]

            def Capsule "Visual" (
                prepend apiSchemas = ["MaterialBindingAPI"]
            )
            {
                uniform token axis = "Z"
                double height = 0.0050241758241758245
                rel material:binding = </Looks/Wire_5>
                color3f[] primvars:displayColor = [(0.13, 0.24, 0.82)]
                double radius = 0.001
            }
        }

        def Xform "Segment_65"
        {
            quatf xformOp:orient = (0.45685342, -0.88953507, -0.000722428, -0.0034367442)
            float3 xformOp:translate = (0.006108153, 0.31401718, 0.120760664)
            uniform token[] xformOpOrder = ["xformOp:translate", "xformOp:orient"]

            def Capsule "Visual" (
                prepend apiSchemas = ["MaterialBindingAPI"]
            )
            {
                uniform token axis = "Z"
                double height = 0.0050241758241758245
                rel material:binding = </Looks/Wire_5>
                color3f[] primvars:displayColor = [(0.13, 0.24, 0.82)]
                double radius = 0.001
            }
        }

        def Xform "Segment_66"
        {
            quatf xformOp:orient = (0.44763938, -0.8942085, -0.0007041499, -0.0031113965)
            float3 xformOp:translate = (0.0061339447, 0.31806788, 0.11779324)
            uniform token[] xformOpOrder = ["xformOp:translate", "xformOp:orient"]

            def Capsule "Visual" (
                prepend apiSchemas = ["MaterialBindingAPI"]
            )
            {
                uniform token axis = "Z"
                double height = 0.0050241758241758245
                rel material:binding = </Looks/Wire_5>
                color3f[] primvars:displayColor = [(0.13, 0.24, 0.82)]
                double radius = 0.001
            }
        }

        def Xform "Segment_67"
        {
            quatf xformOp:orient = (0.43829104, -0.89882857, -0.0007066154, -0.0027571018)
            float3 xformOp:translate = (0.0061569326, 0.32205608, 0.11474231)
            uniform token[] xformOpOrder = ["xformOp:translate", "xformOp:orient"]

            def Capsule "Visual" (
                prepend apiSchemas = ["MaterialBindingAPI"]
            )
            {
                uniform token axis = "Z"
                double height = 0.0050241758241758245
                rel material:binding = </Looks/Wire_5>
                color3f[] primvars:displayColor = [(0.13, 0.24, 0.82)]
                double radius = 0.001
            }
        }

        def Xform "Segment_68"
        {
            quatf xformOp:orient = (0.42887503, -0.9033603, -0.00070602656, -0.0024477683)
            float3 xformOp:translate = (0.006176793, 0.32598028, 0.111607835)
            uniform token[] xformOpOrder = ["xformOp:translate", "xformOp:orient"]

            def Capsule "Visual" (
                prepend apiSchemas = ["MaterialBindingAPI"]
            )
            {
                uniform token axis = "Z"
                double height = 0.0050241758241758245
                rel material:binding = </Looks/Wire_5>
                color3f[] primvars:displayColor = [(0.13, 0.24, 0.82)]
                double radius = 0.001
            }
        }

        def Xform "Segment_69"
        {
            quatf xformOp:orient = (0.41936508, -0.90781486, -0.0007014772, -0.0021574036)
            float3 xformOp:translate = (0.006194123, 0.32983795, 0.1083918)
            uniform token[] xformOpOrder = ["xformOp:translate", "xformOp:orient"]

            def Capsule "Visual" (
                prepend apiSchemas = ["MaterialBindingAPI"]
            )
            {
                uniform token axis = "Z"
                double height = 0.0050241758241758245
                rel material:binding = </Looks/Wire_5>
                color3f[] primvars:displayColor = [(0.13, 0.24, 0.82)]
                double radius = 0.001
            }
        }

        def Xform "Segment_70"
        {
            quatf xformOp:orient = (0.4097693, -0.9121869, -0.00069344323, -0.0019008305)
            float3 xformOp:translate = (0.00620951, 0.333628, 0.1050951)
            uniform token[] xformOpOrder = ["xformOp:translate", "xformOp:orient"]

            def Capsule "Visual" (
                prepend apiSchemas = ["MaterialBindingAPI"]
            )
            {
                uniform token axis = "Z"
                double height = 0.0050241758241758245
                rel material:binding = </Looks/Wire_5>
                color3f[] primvars:displayColor = [(0.13, 0.24, 0.82)]
                double radius = 0.001
            }
        }

        def Xform "Segment_71"
        {
            quatf xformOp:orient = (0.40006074, -0.916487, -0.00068314356, -0.0016583536)
            float3 xformOp:translate = (0.006222798, 0.3373474, 0.101718925)
            uniform token[] xformOpOrder = ["xformOp:translate", "xformOp:orient"]

            def Capsule "Visual" (
                prepend apiSchemas = ["MaterialBindingAPI"]
            )
            {
                uniform token axis = "Z"
                double height = 0.0050241758241758245
                rel material:binding = </Looks/Wire_5>
                color3f[] primvars:displayColor = [(0.13, 0.24, 0.82)]
                double radius = 0.001
            }
        }

        def Xform "Segment_72"
        {
            quatf xformOp:orient = (0.39022255, -0.9207192, -0.00067739864, -0.0014251407)
            float3 xformOp:translate = (0.0062343995, 0.34099457, 0.09826415)
            uniform token[] xformOpOrder = ["xformOp:translate", "xformOp:orient"]

            def Capsule "Visual" (
                prepend apiSchemas = ["MaterialBindingAPI"]
            )
            {
                uniform token axis = "Z"
                double height = 0.0050241758241758245
                rel material:binding = </Looks/Wire_5>
                color3f[] primvars:displayColor = [(0.13, 0.24, 0.82)]
                double radius = 0.001
            }
        }

        def Xform "Segment_73"
        {
            quatf xformOp:orient = (0.38024992, -0.9248827, -0.00067212334, -0.001199965)
            float3 xformOp:translate = (0.0062440294, 0.34456658, 0.0947317)
            uniform token[] xformOpOrder = ["xformOp:translate", "xformOp:orient"]

            def Capsule "Visual" (
                prepend apiSchemas = ["MaterialBindingAPI"]
            )
            {
                uniform token axis = "Z"
                double height = 0.0050241758241758245
                rel material:binding = </Looks/Wire_5>
                color3f[] primvars:displayColor = [(0.13, 0.24, 0.82)]
                double radius = 0.001
            }
        }

        def Xform "Segment_74"
        {
            quatf xformOp:orient = (0.37014055, -0.92897505, -0.00067017577, -0.0009825442)
            float3 xformOp:translate = (0.006251795, 0.34806123, 0.09112242)
            uniform token[] xformOpOrder = ["xformOp:translate", "xformOp:orient"]

            def Capsule "Visual" (
                prepend apiSchemas = ["MaterialBindingAPI"]
            )
            {
                uniform token axis = "Z"
                double height = 0.0050241758241758245
                rel material:binding = </Looks/Wire_5>
                color3f[] primvars:displayColor = [(0.13, 0.24, 0.82)]
                double radius = 0.001
            }
        }

        def Xform "Segment_75"
        {
            quatf xformOp:orient = (0.3599053, -0.9329883, -0.0006666713, -0.000778272)
            float3 xformOp:translate = (0.0062577114, 0.35147598, 0.08743748)
            uniform token[] xformOpOrder = ["xformOp:translate", "xformOp:orient"]

            def Capsule "Visual" (
                prepend apiSchemas = ["MaterialBindingAPI"]
            )
            {
                uniform token axis = "Z"
                double height = 0.0050241758241758245
                rel material:binding = </Looks/Wire_5>
                color3f[] primvars:displayColor = [(0.13, 0.24, 0.82)]
                double radius = 0.001
            }
        }

        def Xform "Segment_76"
        {
            quatf xformOp:orient = (0.34955212, -0.9369165, -0.0006604875, -0.00059228775)
            float3 xformOp:translate = (0.006261828, 0.3548085, 0.08367799)
            uniform token[] xformOpOrder = ["xformOp:translate", "xformOp:orient"]

            def Capsule "Visual" (
                prepend apiSchemas = ["MaterialBindingAPI"]
            )
            {
                uniform token axis = "Z"
                double height = 0.0050241758241758245
                rel material:binding = </Looks/Wire_5>
                color3f[] primvars:displayColor = [(0.13, 0.24, 0.82)]
                double radius = 0.001
            }
        }

        def Xform "Segment_77"
        {
            quatf xformOp:orient = (0.33909473, -0.94075197, -0.00064961246, -0.00042700462)
            float3 xformOp:translate = (0.0062644123, 0.35805675, 0.07984543)
            uniform token[] xformOpOrder = ["xformOp:translate", "xformOp:orient"]

            def Capsule "Visual" (
                prepend apiSchemas = ["MaterialBindingAPI"]
            )
            {
                uniform token axis = "Z"
                double height = 0.0050241758241758245
                rel material:binding = </Looks/Wire_5>
                color3f[] primvars:displayColor = [(0.13, 0.24, 0.82)]
                double radius = 0.001
            }
        }

        def Xform "Segment_78"
        {
            quatf xformOp:orient = (0.3285589, -0.9444832, -0.0006319005, -0.00028675835)
            float3 xformOp:translate = (0.0062656133, 0.36121854, 0.07594133)
            uniform token[] xformOpOrder = ["xformOp:translate", "xformOp:orient"]

            def Capsule "Visual" (
                prepend apiSchemas = ["MaterialBindingAPI"]
            )
            {
                uniform token axis = "Z"
                double height = 0.0050241758241758245
                rel material:binding = </Looks/Wire_5>
                color3f[] primvars:displayColor = [(0.13, 0.24, 0.82)]
                double radius = 0.001
            }
        }

        def Xform "Segment_79"
        {
            quatf xformOp:orient = (0.31795067, -0.94810706, -0.0006081334, -0.00016992626)
            float3 xformOp:translate = (0.0062657413, 0.36429211, 0.07196744)
            uniform token[] xformOpOrder = ["xformOp:translate", "xformOp:orient"]

            def Capsule "Visual" (
                prepend apiSchemas = ["MaterialBindingAPI"]
            )
            {
                uniform token axis = "Z"
                double height = 0.0050241758241758245
                rel material:binding = </Looks/Wire_5>
                color3f[] primvars:displayColor = [(0.13, 0.24, 0.82)]
                double radius = 0.001
            }
        }

        def Xform "Segment_80"
        {
            quatf xformOp:orient = (0.30730075, -0.95161235, -0.0005767634, -0.000077150915)
            float3 xformOp:translate = (0.0062650195, 0.36727574, 0.06792573)
            uniform token[] xformOpOrder = ["xformOp:translate", "xformOp:orient"]

            def Capsule "Visual" (
                prepend apiSchemas = ["MaterialBindingAPI"]
            )
            {
                uniform token axis = "Z"
                double height = 0.0050241758241758245
                rel material:binding = </Looks/Wire_5>
                color3f[] primvars:displayColor = [(0.13, 0.24, 0.82)]
                double radius = 0.001
            }
        }

        def Xform "Segment_81"
        {
            quatf xformOp:orient = (0.29661903, -0.9549958, -0.0005397239, -0.0000055478067)
            float3 xformOp:translate = (0.0062636826, 0.37016803, 0.06381816)
            uniform token[] xformOpOrder = ["xformOp:translate", "xformOp:orient"]

            def Capsule "Visual" (
                prepend apiSchemas = ["MaterialBindingAPI"]
            )
            {
                uniform token axis = "Z"
                double height = 0.0050241758241758245
                rel material:binding = </Looks/Wire_5>
                color3f[] primvars:displayColor = [(0.13, 0.24, 0.82)]
                double radius = 0.001
            }
        }

        def Xform "Segment_82"
        {
            quatf xformOp:orient = (0.28593394, -0.9582493, -0.0004962345, 0.00004708218)
            float3 xformOp:translate = (0.0062619476, 0.3729676, 0.059647027)
            uniform token[] xformOpOrder = ["xformOp:translate", "xformOp:orient"]

            def Capsule "Visual" (
                prepend apiSchemas = ["MaterialBindingAPI"]
            )
            {
                uniform token axis = "Z"
                double height = 0.0050241758241758245
                rel material:binding = </Looks/Wire_5>
                color3f[] primvars:displayColor = [(0.13, 0.24, 0.82)]
                double radius = 0.001
            }
        }

        def Xform "Segment_83"
        {
            quatf xformOp:orient = (0.2752727, -0.96136606, -0.00044816016, 0.00008289799)
            float3 xformOp:translate = (0.0062599694, 0.3756736, 0.05541456)
            uniform token[] xformOpOrder = ["xformOp:translate", "xformOp:orient"]

            def Capsule "Visual" (
                prepend apiSchemas = ["MaterialBindingAPI"]
            )
            {
                uniform token axis = "Z"
                double height = 0.0050241758241758245
                rel material:binding = </Looks/Wire_5>
                color3f[] primvars:displayColor = [(0.13, 0.24, 0.82)]
                double radius = 0.001
            }
        }

        def Xform "Segment_84"
        {
            quatf xformOp:orient = (0.26465768, -0.9643424, -0.0003950738, 0.00010479022)
            float3 xformOp:translate = (0.006257911, 0.37828523, 0.051123355)
            uniform token[] xformOpOrder = ["xformOp:translate", "xformOp:orient"]

            def Capsule "Visual" (
                prepend apiSchemas = ["MaterialBindingAPI"]
            )
            {
                uniform token axis = "Z"
                double height = 0.0050241758241758245
                rel material:binding = </Looks/Wire_5>
                color3f[] primvars:displayColor = [(0.13, 0.24, 0.82)]
                double radius = 0.001
            }
        }

        def Xform "Segment_85"
        {
            quatf xformOp:orient = (0.25414407, -0.96716636, -0.00033826262, 0.00011355666)
            float3 xformOp:translate = (0.0062558893, 0.38080218, 0.04677595)
            uniform token[] xformOpOrder = ["xformOp:translate", "xformOp:orient"]

            def Capsule "Visual" (
                prepend apiSchemas = ["MaterialBindingAPI"]
            )
            {
                uniform token axis = "Z"
                double height = 0.0050241758241758245
                rel material:binding = </Looks/Wire_5>
                color3f[] primvars:displayColor = [(0.13, 0.24, 0.82)]
                double radius = 0.001
            }
        }

        def Xform "Segment_86"
        {
            quatf xformOp:orient = (0.24375787, -0.9698362, -0.00027738104, 0.00011136745)
            float3 xformOp:translate = (0.0062540183, 0.3832246, 0.04237523)
            uniform token[] xformOpOrder = ["xformOp:translate", "xformOp:orient"]

            def Capsule "Visual" (
                prepend apiSchemas = ["MaterialBindingAPI"]
            )
            {
                uniform token axis = "Z"
                double height = 0.0050241758241758245
                rel material:binding = </Looks/Wire_5>
                color3f[] primvars:displayColor = [(0.13, 0.24, 0.82)]
                double radius = 0.001
            }
        }

        def Xform "Segment_87"
        {
            quatf xformOp:orient = (0.23357859, -0.9723379, -0.00021317138, 0.00009819711)
            float3 xformOp:translate = (0.006252401, 0.38555315, 0.037924115)
            uniform token[] xformOpOrder = ["xformOp:translate", "xformOp:orient"]

            def Capsule "Visual" (
                prepend apiSchemas = ["MaterialBindingAPI"]
            )
            {
                uniform token axis = "Z"
                double height = 0.0050241758241758245
                rel material:binding = </Looks/Wire_5>
                color3f[] primvars:displayColor = [(0.13, 0.24, 0.82)]
                double radius = 0.001
            }
        }

        def Xform "Segment_88"
        {
            quatf xformOp:orient = (0.22365221, -0.97466904, -0.00014535872, 0.00007521532)
            float3 xformOp:translate = (0.00625113, 0.38778913, 0.03342583)
            uniform token[] xformOpOrder = ["xformOp:translate", "xformOp:orient"]

            def Capsule "Visual" (
                prepend apiSchemas = ["MaterialBindingAPI"]
            )
            {
                uniform token axis = "Z"
                double height = 0.0050241758241758245
                rel material:binding = </Looks/Wire_5>
                color3f[] primvars:displayColor = [(0.13, 0.24, 0.82)]
                double radius = 0.001
            }
        }

        def Xform "Segment_89"
        {
            quatf xformOp:orient = (0.21406469, -0.97681946, -0.00007433943, 0.000042340067)
            float3 xformOp:translate = (0.0062503004, 0.38993463, 0.028883664)
            uniform token[] xformOpOrder = ["xformOp:translate", "xformOp:orient"]

            def Capsule "Visual" (
                prepend apiSchemas = ["MaterialBindingAPI"]
            )
            {
                uniform token axis = "Z"
                double height = 0.0050241758241758245
                rel material:binding = </Looks/Wire_5>
                color3f[] primvars:displayColor = [(0.13, 0.24, 0.82)]
                double radius = 0.001
            }
        }

        def Xform "Segment_90"
        {
            quatf xformOp:orient = (0.2048915, -0.9787847, -2.759861e-10, 1.3805883e-9)
            float3 xformOp:translate = (0.006250001, 0.39199245, 0.024301121)
            uniform token[] xformOpOrder = ["xformOp:translate", "xformOp:orient"]

            def Capsule "Visual" (
                prepend apiSchemas = ["MaterialBindingAPI"]
            )
            {
                uniform token axis = "Z"
                double height = 0.0050241758241758245
                rel material:binding = </Looks/Wire_5>
                color3f[] primvars:displayColor = [(0.13, 0.24, 0.82)]
                double radius = 0.001
            }
        }
    }

    def Xform "SpringClipTop"
    {
        quatf xformOp:orient = (1, -4.0205386e-9, 9.076868e-7, -5.2150834e-10)
        float3 xformOp:translate = (-0.018000022, 0.215, 0.0010000151)
        uniform token[] xformOpOrder = ["xformOp:translate", "xformOp:orient"]

        def Mesh "Visual" (
            prepend apiSchemas = ["MaterialBindingAPI"]
        )
        {
            int[] faceVertexCounts = [3, 3, 3, 3, 3, 3, 3, 3, 3, 3, 3, 3, 3, 3, 3, 3, 3, 3, 3, 3, 3, 3, 3, 3, 3, 3, 3, 3, 3, 3, 3, 3, 3, 3, 3, 3, 3, 3, 3, 3, 3, 3, 3, 3, 3, 3, 3, 3, 3, 3, 3, 3, 3, 3, 3, 3, 3, 3, 3, 3, 3, 3, 3, 3, 3, 3, 3, 3, 3, 3, 3, 3, 3, 3, 3, 3, 3, 3, 3, 3, 3, 3, 3, 3, 3, 3, 3, 3, 3, 3, 3, 3, 3, 3, 3, 3, 3, 3, 3, 3, 3, 3, 3, 3, 3, 3, 3, 3, 3, 3, 3, 3, 3, 3, 3, 3, 3, 3, 3, 3, 3, 3, 3, 3, 3, 3, 3, 3, 3, 3, 3, 3, 3, 3, 3, 3, 3, 3, 3, 3, 3, 3, 3, 3, 3, 3, 3, 3, 3, 3, 3, 3, 3, 3, 3, 3, 3, 3, 3, 3, 3, 3, 3, 3, 3, 3, 3, 3, 3, 3, 3, 3, 3, 3, 3, 3, 3, 3, 3, 3, 3, 3, 3, 3, 3, 3, 3, 3, 3, 3, 3, 3, 3, 3, 3, 3, 3, 3, 3, 3, 3, 3, 3, 3, 3, 3, 3, 3, 3, 3, 3, 3, 3, 3, 3, 3, 3, 3, 3, 3, 3, 3, 3, 3, 3, 3, 3, 3, 3, 3, 3, 3, 3, 3, 3, 3, 3, 3, 3, 3, 3, 3, 3, 3, 3, 3, 3, 3, 3, 3, 3, 3, 3, 3, 3, 3, 3, 3, 3, 3, 3, 3, 3, 3, 3, 3, 3, 3, 3, 3, 3, 3, 3, 3, 3, 3, 3, 3, 3, 3, 3, 3, 3, 3, 3, 3, 3, 3, 3, 3, 3, 3, 3, 3, 3, 3, 3, 3, 3, 3, 3, 3, 3, 3, 3, 3, 3, 3, 3, 3, 3, 3, 3, 3, 3, 3, 3, 3, 3, 3, 3, 3, 3, 3, 3, 3, 3, 3, 3, 3, 3, 3, 3, 3, 3, 3, 3, 3, 3, 3, 3, 3, 3, 3, 3, 3, 3, 3, 3, 3, 3, 3, 3, 3, 3, 3, 3, 3, 3, 3, 3, 3, 3, 3, 3, 3, 3, 3, 3, 3, 3, 3, 3, 3, 3, 3, 3, 3, 3, 3, 3, 3, 3, 3, 3, 3, 3, 3, 3, 3, 3, 3, 3, 3, 3, 3, 3, 3, 3, 3, 3, 3, 3, 3, 3, 3, 3, 3, 3, 3, 3, 3, 3, 3, 3, 3, 3, 3, 3, 3, 3, 3, 3, 3, 3, 3, 3, 3, 3, 3, 3, 3, 3, 3, 3, 3, 3, 3, 3, 3, 3, 3, 3, 3, 3, 3, 3, 3, 3, 3, 3, 3, 3, 3, 3, 3, 3, 3, 3, 3, 3, 3, 3, 3, 3, 3, 3, 3, 3, 3, 3, 3, 3, 3, 3, 3, 3, 3, 3, 3, 3, 3, 3, 3, 3, 3, 3, 3, 3, 3, 3, 3, 3, 3, 3, 3, 3, 3, 3, 3, 3, 3, 3, 3, 3, 3, 3, 3, 3, 3, 3, 3, 3, 3, 3, 3, 3, 3, 3, 3, 3, 3, 3, 3, 3, 3, 3, 3, 3, 3, 3, 3, 3, 3, 3, 3, 3, 3, 3, 3, 3, 3, 3, 3, 3, 3, 3, 3, 3, 3, 3, 3, 3, 3, 3, 3, 3, 3, 3, 3, 3, 3, 3, 3, 3, 3, 3, 3, 3, 3, 3, 3, 3, 3, 3, 3, 3, 3, 3, 3, 3, 3, 3, 3, 3, 3, 3, 3]
            int[] faceVertexIndices = [0, 1, 2, 1, 3, 2, 2, 3, 4, 3, 5, 4, 4, 5, 6, 5, 7, 6, 6, 7, 8, 7, 9, 8, 8, 9, 10, 9, 11, 10, 10, 11, 12, 11, 13, 12, 12, 13, 14, 13, 15, 14, 14, 15, 16, 15, 17, 16, 16, 17, 18, 17, 19, 18, 18, 19, 20, 19, 21, 20, 20, 21, 22, 21, 23, 22, 22, 23, 24, 23, 25, 24, 24, 25, 26, 25, 27, 26, 26, 27, 28, 27, 29, 28, 28, 29, 30, 29, 31, 30, 30, 31, 32, 31, 33, 32, 32, 33, 34, 33, 35, 34, 34, 35, 36, 35, 37, 36, 36, 37, 38, 37, 39, 38, 38, 39, 40, 39, 41, 40, 40, 41, 42, 41, 43, 42, 42, 43, 44, 43, 45, 44, 44, 45, 46, 45, 47, 46, 46, 47, 48, 47, 49, 48, 48, 49, 50, 49, 51, 50, 50, 51, 52, 51, 53, 52, 52, 53, 54, 53, 55, 54, 54, 55, 56, 55, 57, 56, 56, 57, 58, 57, 59, 58, 58, 59, 60, 59, 61, 60, 60, 61, 62, 61, 63, 62, 62, 63, 64, 63, 65, 64, 64, 65, 66, 65, 67, 66, 66, 67, 68, 67, 69, 68, 68, 69, 70, 69, 71, 70, 70, 71, 72, 71, 73, 72, 72, 73, 74, 73, 75, 74, 74, 75, 76, 75, 77, 76, 76, 77, 78, 77, 79, 78, 78, 79, 80, 79, 81, 80, 80, 81, 82, 81, 83, 82, 82, 83, 84, 83, 85, 84, 84, 85, 86, 85, 87, 86, 86, 87, 88, 87, 89, 88, 88, 89, 90, 89, 91, 90, 90, 91, 92, 91, 93, 92, 92, 93, 94, 93, 95, 94, 94, 95, 96, 95, 97, 96, 96, 97, 98, 97, 99, 98, 98, 99, 100, 99, 101, 100, 100, 101, 102, 101, 103, 102, 102, 103, 104, 103, 105, 104, 104, 105, 106, 105, 107, 106, 106, 107, 108, 107, 109, 108, 108, 109, 110, 109, 111, 110, 110, 111, 112, 111, 113, 112, 112, 113, 114, 113, 115, 114, 114, 115, 0, 115, 1, 0, 116, 117, 118, 116, 118, 119, 118, 120, 119, 119, 120, 121, 120, 122, 121, 121, 122, 123, 122, 124, 123, 123, 124, 125, 124, 126, 125, 125, 126, 127, 126, 128, 127, 127, 128, 129, 128, 130, 129, 129, 130, 131, 130, 132, 131, 131, 132, 133, 132, 134, 133, 133, 134, 135, 134, 136, 135, 135, 136, 137, 136, 138, 137, 137, 138, 139, 138, 140, 139, 139, 140, 141, 140, 142, 141, 141, 142, 143, 142, 144, 143, 143, 144, 145, 144, 146, 145, 145, 146, 147, 146, 148, 147, 147, 148, 149, 148, 150, 149, 149, 150, 151, 150, 152, 151, 151, 152, 153, 152, 154, 153, 153, 154, 155, 156, 157, 158, 156, 158, 159, 158, 160, 159, 159, 160, 161, 160, 162, 161, 161, 162, 163, 162, 164, 163, 163, 164, 165, 164, 166, 165, 165, 166, 167, 166, 168, 167, 167, 168, 169, 168, 170, 169, 169, 170, 171, 170, 172, 171, 171, 172, 173, 172, 174, 173, 173, 174, 175, 176, 177, 178, 177, 179, 178, 178, 179, 180, 179, 181, 180, 180, 181, 182, 181, 183, 182, 182, 183, 184, 183, 185, 184, 184, 185, 186, 185, 187, 186, 186, 187, 188, 187, 189, 188, 188, 189, 190, 189, 191, 190, 192, 193, 194, 193, 195, 194, 196, 190, 197, 190, 191, 197, 115, 113, 193, 107, 105, 193, 49, 47, 188, 196, 79, 77, 11, 9, 192, 9, 7, 192, 7, 5, 192, 5, 3, 192, 192, 3, 193, 3, 1, 193, 193, 1, 115, 105, 103, 193, 103, 101, 193, 193, 101, 99, 198, 199, 83, 113, 111, 193, 111, 109, 193, 193, 109, 107, 99, 97, 193, 97, 95, 193, 193, 95, 200, 95, 93, 200, 200, 93, 91, 201, 202, 83, 202, 203, 83, 83, 203, 204, 204, 205, 83, 205, 206, 83, 83, 206, 85, 198, 83, 207, 199, 208, 83, 208, 209, 83, 83, 209, 201, 79, 196, 81, 196, 210, 81, 81, 210, 211, 188, 47, 186, 180, 41, 39, 91, 89, 200, 89, 87, 200, 200, 87, 212, 87, 85, 212, 212, 85, 213, 85, 206, 213, 214, 215, 81, 215, 216, 81, 81, 216, 83, 216, 217, 83, 83, 217, 207, 211, 218, 81, 218, 219, 81, 81, 219, 214, 176, 178, 220, 77, 75, 196, 75, 73, 196, 196, 73, 71, 71, 69, 196, 69, 67, 196, 196, 67, 190, 67, 65, 190, 190, 65, 63, 176, 220, 221, 23, 21, 192, 21, 19, 192, 192, 19, 17, 63, 61, 190, 61, 59, 190, 190, 59, 57, 47, 45, 186, 45, 43, 186, 186, 43, 184, 43, 41, 184, 184, 41, 182, 41, 180, 182, 222, 223, 224, 127, 129, 37, 129, 131, 37, 37, 131, 133, 225, 226, 27, 17, 15, 192, 15, 13, 192, 192, 13, 11, 57, 55, 190, 55, 53, 190, 190, 53, 188, 53, 51, 188, 188, 51, 49, 133, 135, 37, 135, 137, 37, 37, 137, 139, 139, 141, 37, 141, 143, 37, 37, 143, 145, 145, 147, 37, 147, 149, 37, 37, 149, 151, 121, 123, 37, 123, 125, 37, 37, 125, 127, 35, 33, 116, 33, 31, 116, 227, 228, 116, 228, 229, 116, 116, 229, 230, 221, 220, 224, 220, 231, 224, 224, 231, 222, 35, 116, 37, 116, 119, 37, 37, 119, 121, 227, 116, 232, 116, 31, 232, 232, 31, 226, 31, 29, 226, 226, 29, 27, 225, 27, 192, 27, 25, 192, 192, 25, 23, 178, 180, 220, 180, 39, 220, 220, 39, 155, 39, 37, 155, 155, 37, 153, 37, 151, 153, 230, 233, 116, 233, 234, 116, 116, 234, 156, 116, 175, 235, 236, 237, 235, 237, 238, 235, 235, 238, 116, 156, 159, 116, 159, 161, 116, 116, 161, 163, 163, 165, 116, 165, 167, 116, 116, 167, 169, 169, 171, 116, 171, 173, 116, 116, 173, 175, 239, 240, 241, 240, 242, 241, 239, 243, 240, 243, 244, 240, 240, 244, 235, 244, 245, 235, 235, 245, 236, 246, 195, 200, 195, 193, 200, 246, 200, 212, 246, 212, 247, 212, 213, 247, 247, 213, 248, 213, 206, 248, 248, 206, 249, 206, 205, 249, 249, 205, 250, 205, 204, 250, 250, 204, 251, 204, 203, 251, 251, 203, 252, 203, 202, 252, 252, 202, 253, 202, 201, 253, 253, 201, 254, 201, 209, 254, 254, 209, 255, 209, 208, 255, 255, 208, 256, 208, 199, 256, 256, 199, 257, 199, 198, 257, 257, 198, 258, 198, 207, 258, 258, 207, 259, 207, 217, 259, 259, 217, 260, 217, 216, 260, 260, 216, 261, 216, 215, 261, 261, 215, 262, 215, 214, 262, 262, 214, 263, 214, 219, 263, 263, 219, 264, 219, 218, 264, 264, 218, 265, 218, 211, 265, 265, 211, 266, 211, 210, 266, 266, 210, 267, 210, 196, 267, 267, 196, 197, 268, 157, 234, 157, 156, 234, 235, 175, 269, 175, 174, 269, 270, 117, 238, 117, 116, 238, 155, 154, 271, 155, 271, 220, 271, 272, 220, 220, 272, 231, 272, 273, 231, 231, 273, 222, 273, 274, 222, 222, 274, 223, 274, 275, 223, 223, 275, 224, 275, 276, 224, 224, 276, 221, 276, 177, 221, 221, 177, 176, 263, 264, 80, 16, 18, 277, 60, 62, 191, 62, 64, 191, 191, 64, 197, 64, 66, 197, 197, 66, 68, 68, 70, 197, 70, 72, 197, 197, 72, 74, 74, 76, 197, 76, 78, 197, 197, 78, 267, 78, 80, 267, 6, 8, 194, 54, 56, 191, 56, 58, 191, 191, 58, 60, 264, 265, 80, 265, 266, 80, 80, 266, 267, 84, 86, 246, 86, 88, 246, 96, 98, 195, 98, 100, 195, 195, 100, 102, 102, 104, 195, 104, 106, 195, 195, 106, 108, 46, 48, 189, 48, 50, 189, 189, 50, 191, 50, 52, 191, 191, 52, 54, 256, 257, 82, 257, 258, 82, 82, 261, 80, 261, 262, 80, 80, 262, 263, 250, 251, 82, 251, 252, 82, 82, 252, 253, 253, 254, 82, 254, 255, 82, 82, 255, 256, 246, 247, 84, 247, 248, 84, 84, 248, 82, 248, 249, 82, 82, 249, 250, 88, 90, 246, 90, 92, 246, 246, 92, 195, 92, 94, 195, 195, 94, 96, 108, 110, 195, 110, 112, 195, 195, 112, 114, 114, 0, 195, 0, 2, 195, 195, 2, 194, 2, 4, 194, 194, 4, 6, 8, 10, 194, 10, 12, 194, 194, 12, 277, 12, 14, 277, 277, 14, 16, 18, 20, 277, 20, 22, 277, 277, 22, 278, 22, 24, 278, 278, 24, 26, 258, 259, 82, 259, 260, 82, 82, 260, 261, 150, 148, 36, 36, 130, 128, 38, 40, 183, 46, 189, 44, 189, 187, 44, 44, 187, 42, 150, 36, 152, 148, 146, 36, 146, 144, 36, 36, 144, 142, 142, 140, 36, 140, 138, 36, 36, 138, 136, 136, 134, 36, 134, 132, 36, 36, 132, 130, 181, 179, 271, 179, 177, 271, 279, 280, 117, 280, 281, 117, 281, 282, 117, 282, 283, 117, 117, 283, 284, 128, 126, 36, 126, 124, 36, 36, 124, 122, 42, 187, 40, 187, 185, 40, 40, 185, 183, 26, 28, 278, 28, 30, 278, 278, 30, 284, 30, 32, 284, 284, 32, 117, 32, 34, 117, 117, 34, 118, 34, 36, 118, 118, 36, 120, 36, 122, 120, 275, 274, 273, 183, 181, 38, 181, 271, 38, 38, 271, 36, 271, 154, 36, 36, 154, 152, 177, 276, 271, 276, 275, 271, 271, 275, 272, 275, 273, 272, 158, 157, 117, 157, 268, 117, 117, 268, 279, 166, 164, 117, 269, 174, 117, 174, 172, 117, 164, 162, 117, 162, 160, 117, 117, 160, 158, 117, 270, 269, 270, 285, 269, 269, 285, 286, 286, 287, 269, 287, 288, 269, 269, 288, 289, 172, 170, 117, 170, 168, 117, 117, 168, 166, 289, 290, 269, 290, 291, 269, 269, 291, 292, 291, 293, 292, 268, 234, 279, 234, 233, 279, 279, 233, 280, 233, 230, 280, 280, 230, 281, 230, 229, 281, 281, 229, 282, 229, 228, 282, 282, 228, 283, 228, 227, 283, 283, 227, 284, 227, 232, 284, 284, 232, 278, 232, 226, 278, 278, 226, 277, 226, 225, 277, 277, 225, 194, 225, 192, 194, 235, 269, 292, 235, 292, 240, 292, 293, 240, 240, 293, 242, 293, 291, 242, 242, 291, 241, 291, 290, 241, 241, 290, 239, 290, 289, 239, 239, 289, 243, 289, 288, 243, 243, 288, 244, 288, 287, 244, 244, 287, 245, 287, 286, 245, 245, 286, 236, 286, 285, 236, 236, 285, 237, 285, 270, 237, 237, 270, 238]
            rel material:binding = </Looks/Clip>
            point3f[] points = [(0.003, -0.0085, 0.0195), (0.003, -0.0215, 0.0195), (0.0032702975, -0.0085, 0.019514656), (0.0032702975, -0.0215, 0.019514656), (0.003537426, -0.0085, 0.019558448), (0.003537426, -0.0215, 0.019558448), (0.0037982538, -0.0085, 0.019630868), (0.0037982538, -0.0215, 0.019630868), (0.0040497226, -0.0085, 0.019731062), (0.0040497226, -0.0215, 0.019731062), (0.004288885, -0.0085, 0.019857857), (0.004288885, -0.0215, 0.019857857), (0.0045129354, -0.0085, 0.020009767), (0.0045129354, -0.0215, 0.020009767), (0.0047192485, -0.0085, 0.02018501), (0.0047192485, -0.0215, 0.02018501), (0.004905405, -0.0085, 0.020381534), (0.004905405, -0.0215, 0.020381534), (0.0050692223, -0.0085, 0.020597033), (0.0050692223, -0.0215, 0.020597033), (0.00520878, -0.0085, 0.02082898), (0.00520878, -0.0215, 0.02082898), (0.005322442, -0.0085, 0.021074655), (0.005322442, -0.0215, 0.021074655), (0.005408875, -0.0085, 0.02133118), (0.005408875, -0.0215, 0.02133118), (0.005467066, -0.0085, 0.021595545), (0.005467066, -0.0215, 0.021595545), (0.0054963334, -0.0085, 0.021864653), (0.0054963334, -0.0215, 0.021864653), (0.0054963334, -0.0085, 0.022135347), (0.0054963334, -0.0215, 0.022135347), (0.005467066, -0.0085, 0.022404455), (0.005467066, -0.0215, 0.022404455), (0.005408875, -0.0085, 0.022668822), (0.005408875, -0.0215, 0.022668822), (0.005322442, -0.0085, 0.022925345), (0.005322442, -0.0215, 0.022925345), (0.00520878, -0.0085, 0.02317102), (0.00520878, -0.0215, 0.02317102), (0.0050692223, -0.0085, 0.02340297), (0.0050692223, -0.0215, 0.02340297), (0.004905405, -0.0085, 0.023618465), (0.004905405, -0.0215, 0.023618465), (0.0047192485, -0.0085, 0.02381499), (0.0047192485, -0.0215, 0.02381499), (0.0045129354, -0.0085, 0.023990232), (0.0045129354, -0.0215, 0.023990232), (0.004288885, -0.0085, 0.024142142), (0.004288885, -0.0215, 0.024142142), (0.0040497226, -0.0085, 0.024268938), (0.0040497226, -0.0215, 0.024268938), (0.0037982538, -0.0085, 0.024369134), (0.0037982538, -0.0215, 0.024369134), (0.003537426, -0.0085, 0.024441551), (0.003537426, -0.0215, 0.024441551), (0.0032702975, -0.0085, 0.024485344), (0.0032702975, -0.0215, 0.024485344), (0.003, -0.0085, 0.0245), (0.003, -0.0215, 0.0245), (0.0027297025, -0.0085, 0.024485344), (0.0027297025, -0.0215, 0.024485344), (0.0024625738, -0.0085, 0.024441551), (0.0024625738, -0.0215, 0.024441551), (0.0022017462, -0.0085, 0.024369134), (0.0022017462, -0.0215, 0.024369134), (0.0019502772, -0.0085, 0.024268938), (0.0019502772, -0.0215, 0.024268938), (0.0017111154, -0.0085, 0.024142142), (0.0017111154, -0.0215, 0.024142142), (0.0014870644, -0.0085, 0.023990232), (0.0014870644, -0.0215, 0.023990232), (0.0012807513, -0.0085, 0.02381499), (0.0012807513, -0.0215, 0.02381499), (0.0010945948, -0.0085, 0.023618465), (0.0010945948, -0.0215, 0.023618465), (0.0009307775, -0.0085, 0.02340297), (0.0009307775, -0.0215, 0.02340297), (0.0007912199, -0.0085, 0.02317102), (0.0007912199, -0.0215, 0.02317102), (0.0006775582, -0.0085, 0.022925345), (0.0006775582, -0.0215, 0.022925345), (0.000591125, -0.0085, 0.022668822), (0.000591125, -0.0215, 0.022668822), (0.0005329337, -0.0085, 0.022404455), (0.0005329337, -0.0215, 0.022404455), (0.00050366647, -0.0085, 0.022135347), (0.00050366647, -0.0215, 0.022135347), (0.00050366647, -0.0085, 0.021864653), (0.00050366647, -0.0215, 0.021864653), (0.0005329337, -0.0085, 0.021595545), (0.0005329337, -0.0215, 0.021595545), (0.000591125, -0.0085, 0.02133118), (0.000591125, -0.0215, 0.02133118), (0.0006775582, -0.0085, 0.021074655), (0.0006775582, -0.0215, 0.021074655), (0.0007912199, -0.0085, 0.02082898), (0.0007912199, -0.0215, 0.02082898), (0.0009307775, -0.0085, 0.020597033), (0.0009307775, -0.0215, 0.020597033), (0.0010945948, -0.0085, 0.020381534), (0.0010945948, -0.0215, 0.020381534), (0.0012807513, -0.0085, 0.02018501), (0.0012807513, -0.0215, 0.02018501), (0.0014870644, -0.0085, 0.020009767), (0.0014870644, -0.0215, 0.020009767), (0.0017111154, -0.0085, 0.019857857), (0.0017111154, -0.0215, 0.019857857), (0.0019502772, -0.0085, 0.019731062), (0.0019502772, -0.0215, 0.019731062), (0.0022017462, -0.0085, 0.019630868), (0.0022017462, -0.0215, 0.019630868), (0.0024625738, -0.0085, 0.019558448), (0.0024625738, -0.0215, 0.019558448), (0.0027297025, -0.0085, 0.019514656), (0.0027297025, -0.0215, 0.019514656), (0.049118266, -0.0215, 0.03973266), (0.049118266, -0.0085, 0.03973266), (0.049207292, -0.0085, 0.03992623), (0.049207292, -0.0215, 0.03992623), (0.049275223, -0.0085, 0.04012817), (0.049275223, -0.0215, 0.04012817), (0.049321286, -0.0085, 0.040336195), (0.049321286, -0.0215, 0.040336195), (0.049344957, -0.0085, 0.040547937), (0.049344957, -0.0215, 0.040547937), (0.049345966, -0.0085, 0.040760994), (0.049345966, -0.0215, 0.040760994), (0.04932431, -0.0085, 0.04097295), (0.04932431, -0.0215, 0.04097295), (0.049280226, -0.0085, 0.0411814), (0.049280226, -0.0215, 0.0411814), (0.049214218, -0.0085, 0.041383978), (0.049214218, -0.0215, 0.041383978), (0.049127035, -0.0085, 0.041578386), (0.049127035, -0.0215, 0.041578386), (0.049019665, -0.0085, 0.041762415), (0.049019665, -0.0215, 0.041762415), (0.04889333, -0.0085, 0.041933976), (0.04889333, -0.0215, 0.041933976), (0.048749458, -0.0085, 0.042091127), (0.048749458, -0.0215, 0.042091127), (0.048589688, -0.0085, 0.04223208), (0.048589688, -0.0215, 0.04223208), (0.048415825, -0.0085, 0.042355236), (0.048415825, -0.0215, 0.042355236), (0.04822985, -0.0085, 0.0424592), (0.04822985, -0.0215, 0.0424592), (0.048033874, -0.0085, 0.04254279), (0.048033874, -0.0215, 0.04254279), (0.047830116, -0.0085, 0.042605054), (0.047830116, -0.0215, 0.042605054), (0.04762089, -0.0085, 0.042645294), (0.04762089, -0.0215, 0.042645294), (0.04740857, -0.0085, 0.042663045), (0.04740857, -0.0215, 0.042663045), (0.02877076, -0.0215, 0.011828265), (0.02877076, -0.0085, 0.011828265), (0.02890247, -0.0085, 0.011664871), (0.02890247, -0.0215, 0.011664871), (0.029050576, -0.0085, 0.011516178), (0.029050576, -0.0215, 0.011516178), (0.029213449, -0.0085, 0.011383824), (0.029213449, -0.0215, 0.011383824), (0.029389294, -0.0085, 0.011269267), (0.029389294, -0.0215, 0.011269267), (0.029576177, -0.0085, 0.011173766), (0.029576177, -0.0215, 0.011173766), (0.029772038, -0.0085, 0.011098376), (0.029772038, -0.0215, 0.011098376), (0.02997472, -0.0085, 0.011043924), (0.02997472, -0.0215, 0.011043924), (0.030181993, -0.0085, 0.011011011), (0.030181993, -0.0215, 0.011011011), (0.030391576, -0.0085, 0.011), (0.030391576, -0.0215, 0.011), (0.020386662, -0.0215, 0.032816768), (0.020386662, -0.0085, 0.032816768), (0.018346002, -0.0215, 0.031318042), (0.018346002, -0.0085, 0.031318042), (0.0161692, -0.0215, 0.03002499), (0.0161692, -0.0085, 0.03002499), (0.0138769075, -0.0215, 0.02894988), (0.0138769075, -0.0085, 0.02894988), (0.011490883, -0.0215, 0.028102912), (0.011490883, -0.0085, 0.028102912), (0.009033769, -0.0215, 0.027492128), (0.009033769, -0.0085, 0.027492128), (0.0065288837, -0.0215, 0.027123325), (0.0065288837, -0.0085, 0.027123325), (0.004, -0.0215, 0.027), (0.004, -0.0085, 0.027), (0.024039386, -0.0215, 0.016959243), (-0.0030788092, -0.0215, 0.016959243), (0.024039386, -0.0085, 0.016959243), (-0.0030788092, -0.0085, 0.016959243), (-0.007547614, -0.0215, 0.027), (-0.007547614, -0.0085, 0.027), (-0.009276651, -0.0215, 0.026005203), (-0.009372004, -0.0215, 0.025819512), (-0.009042723, -0.0215, 0.0236716), (-0.009535761, -0.0215, 0.025217427), (-0.009547594, -0.0215, 0.02500902), (-0.009537641, -0.0215, 0.024800513), (-0.0095060095, -0.0215, 0.02459418), (-0.009453044, -0.0215, 0.02439227), (-0.009379323, -0.0215, 0.024196977), (-0.009162461, -0.0215, 0.026179945), (-0.009447485, -0.0215, 0.025624892), (-0.009502269, -0.0215, 0.025423467), (-0.007756073, -0.0215, 0.026989106), (-0.007962261, -0.0215, 0.026956545), (-0.009173038, -0.0215, 0.023834668), (-0.0092856465, -0.0215, 0.024010433), (-0.008545009, -0.0215, 0.026733553), (-0.008720264, -0.0215, 0.026620151), (-0.008882744, -0.0215, 0.026489103), (-0.009030679, -0.0215, 0.026341833), (-0.008163932, -0.0215, 0.02690267), (-0.008358889, -0.0215, 0.026828067), (0.043202963, -0.0215, 0.04256169), (0.023671586, -0.0215, 0.035444822), (0.03494776, -0.0215, 0.041001756), (0.030995158, -0.0215, 0.0395615), (0.027221655, -0.0215, 0.037701905), (0.024248967, -0.0215, 0.01694823), (0.02445624, -0.0215, 0.01691532), (0.024854783, -0.0215, 0.016785476), (0.025041666, -0.0215, 0.016689975), (0.02521751, -0.0215, 0.016575418), (0.025380384, -0.0215, 0.016443064), (0.03903303, -0.0215, 0.04200575), (0.024658922, -0.0215, 0.016860867), (0.02552849, -0.0215, 0.016294371), (0.0256602, -0.0215, 0.016130976), (0.03279238, -0.0215, 0.011), (0.034319937, -0.0215, 0.011709042), (0.034450907, -0.0215, 0.011882285), (0.034562323, -0.0215, 0.012068709), (0.033634428, -0.0215, 0.0111859), (0.03300924, -0.0215, 0.011011791), (0.03343276, -0.0215, 0.011105293), (0.033223543, -0.0215, 0.011047028), (0.033826165, -0.0215, 0.011287899), (0.034005713, -0.0215, 0.0114100855), (0.03417095, -0.0215, 0.011551021), (-0.009042723, -0.0085, 0.0236716), (-0.009173038, -0.0085, 0.023834668), (-0.0092856465, -0.0085, 0.024010433), (-0.009379323, -0.0085, 0.024196977), (-0.009453044, -0.0085, 0.02439227), (-0.0095060095, -0.0085, 0.02459418), (-0.009537641, -0.0085, 0.024800513), (-0.009547594, -0.0085, 0.02500902), (-0.009535761, -0.0085, 0.025217427), (-0.009502269, -0.0085, 0.025423467), (-0.009447485, -0.0085, 0.025624892), (-0.009372004, -0.0085, 0.025819512), (-0.009276651, -0.0085, 0.026005203), (-0.009162461, -0.0085, 0.026179945), (-0.009030679, -0.0085, 0.026341833), (-0.008882744, -0.0085, 0.026489103), (-0.008720264, -0.0085, 0.026620151), (-0.008545009, -0.0085, 0.026733553), (-0.008358889, -0.0085, 0.026828067), (-0.008163932, -0.0085, 0.02690267), (-0.007962261, -0.0085, 0.026956545), (-0.007756073, -0.0085, 0.026989106), (0.0256602, -0.0085, 0.016130976), (0.03279238, -0.0085, 0.011), (0.034562323, -0.0085, 0.012068709), (0.043202963, -0.0085, 0.04256169), (0.03903303, -0.0085, 0.04200575), (0.03494776, -0.0085, 0.041001756), (0.030995158, -0.0085, 0.0395615), (0.027221655, -0.0085, 0.037701905), (0.023671586, -0.0085, 0.035444822), (0.024248967, -0.0085, 0.01694823), (0.02445624, -0.0085, 0.01691532), (0.02552849, -0.0085, 0.016294371), (0.025380384, -0.0085, 0.016443064), (0.02521751, -0.0085, 0.016575418), (0.025041666, -0.0085, 0.016689975), (0.024854783, -0.0085, 0.016785476), (0.024658922, -0.0085, 0.016860867), (0.034450907, -0.0085, 0.011882285), (0.034319937, -0.0085, 0.011709042), (0.03417095, -0.0085, 0.011551021), (0.034005713, -0.0085, 0.0114100855), (0.033826165, -0.0085, 0.011287899), (0.033634428, -0.0085, 0.0111859), (0.03343276, -0.0085, 0.011105293), (0.03300924, -0.0085, 0.011011791), (0.033223543, -0.0085, 0.011047028)]
            color3f[] primvars:displayColor = [(0.55, 0.58, 0.61)]
            uniform token subdivisionScheme = "none"
        }
    }

    def "Cameras"
    {
        def Camera "Overview"
        {
            float2 clippingRange = (0.0001, 10)
            float focalLength = 30
            matrix4d xformOp:transform = ( (0.7706452723106012, 0.6372643597953047, -2.775557561562892e-17, 0), (-0.2095940674006999, 0.25346259313573016, 0.9443659464377898, -0), (0.601810760269165, -0.7277711519534089, 0.32889657828663676, 0), (0.43000000000000005, -0.34, 0.34, 1) )
            uniform token[] xformOpOrder = ["xformOp:transform"]
        }

        def Camera "Insertion"
        {
            float2 clippingRange = (0.0001, 10)
            float focalLength = 30
            matrix4d xformOp:transform = ( (0.7612432304867113, 0.648466455599791, 0, 0), (-0.24101994427894305, 0.2829364563274549, 0.9283621858631671, -0), (0.6020117361795624, -0.7067094294281819, 0.3716768110325994, 0), (0.11499999999999999, -0.135, 0.11499999999999999, 1) )
            uniform token[] xformOpOrder = ["xformOp:transform"]
        }

        def Camera "CableClip"
        {
            float2 clippingRange = (0.0001, 10)
            float focalLength = 30
            matrix4d xformOp:transform = ( (0.8551978315540179, 0.5183017160933442, 0, 0), (-0.2602083400115, 0.42934376101897503, 0.8648442372257219, -0), (0.4482502523075309, -0.7396129163074261, 0.5020402825844348, 0), (0.09999999999999999, 0.03499999999999999, 0.13499999999999998, 1) )
            uniform token[] xformOpOrder = ["xformOp:transform"]
        }
    }
}

def "Looks"
{
    def Material "M_9ea8b2"
    {
        token outputs:surface.connect = </Looks/M_9ea8b2/Surface.outputs:surface>

        def Shader "Surface"
        {
            uniform token info:id = "UsdPreviewSurface"
            color3f inputs:diffuseColor = (0.62, 0.66, 0.7)
            float inputs:roughness = 0.38
            token outputs:surface
        }
    }

    def Material "M_080b0d"
    {
        token outputs:surface.connect = </Looks/M_080b0d/Surface.outputs:surface>

        def Shader "Surface"
        {
            uniform token info:id = "UsdPreviewSurface"
            color3f inputs:diffuseColor = (0.035, 0.045, 0.052)
            float inputs:roughness = 0.38
            token outputs:surface
        }
    }

    def Material "M_a87744"
    {
        token outputs:surface.connect = </Looks/M_a87744/Surface.outputs:surface>

        def Shader "Surface"
        {
            uniform token info:id = "UsdPreviewSurface"
            color3f inputs:diffuseColor = (0.66, 0.47, 0.27)
            float inputs:roughness = 0.38
            token outputs:surface
        }
    }

    def Material "M_778289"
    {
        token outputs:surface.connect = </Looks/M_778289/Surface.outputs:surface>

        def Shader "Surface"
        {
            uniform token info:id = "UsdPreviewSurface"
            color3f inputs:diffuseColor = (0.47, 0.51, 0.54)
            float inputs:roughness = 0.38
            token outputs:surface
        }
    }

    def Material "M_b7bfc4"
    {
        token outputs:surface.connect = </Looks/M_b7bfc4/Surface.outputs:surface>

        def Shader "Surface"
        {
            uniform token info:id = "UsdPreviewSurface"
            color3f inputs:diffuseColor = (0.72, 0.75, 0.77)
            float inputs:roughness = 0.38
            token outputs:surface
        }
    }

    def Material "M_0b309e"
    {
        token outputs:surface.connect = </Looks/M_0b309e/Surface.outputs:surface>

        def Shader "Surface"
        {
            uniform token info:id = "UsdPreviewSurface"
            color3f inputs:diffuseColor = (0.045, 0.19, 0.62)
            float inputs:roughness = 0.38
            token outputs:surface
        }
    }

    def Material "M_18191c"
    {
        token outputs:surface.connect = </Looks/M_18191c/Surface.outputs:surface>

        def Shader "Surface"
        {
            uniform token info:id = "UsdPreviewSurface"
            color3f inputs:diffuseColor = (0.095, 0.1, 0.11)
            float inputs:roughness = 0.38
            token outputs:surface
        }
    }

    def Material "M_99844c"
    {
        token outputs:surface.connect = </Looks/M_99844c/Surface.outputs:surface>

        def Shader "Surface"
        {
            uniform token info:id = "UsdPreviewSurface"
            color3f inputs:diffuseColor = (0.6, 0.52, 0.3)
            float inputs:roughness = 0.38
            token outputs:surface
        }
    }

    def Material "Clip"
    {
        token outputs:surface.connect = </Looks/Clip/Surface.outputs:surface>

        def Shader "Surface"
        {
            uniform token info:id = "UsdPreviewSurface"
            color3f inputs:diffuseColor = (0.55, 0.58, 0.61)
            float inputs:roughness = 0.5
            token outputs:surface
        }
    }

    def Material "Wire_0"
    {
        token outputs:surface.connect = </Looks/Wire_0/Surface.outputs:surface>

        def Shader "Surface"
        {
            uniform token info:id = "UsdPreviewSurface"
            color3f inputs:diffuseColor = (0.85, 0.04, 0.065)
            token outputs:surface
        }
    }

    def Material "Wire_1"
    {
        token outputs:surface.connect = </Looks/Wire_1/Surface.outputs:surface>

        def Shader "Surface"
        {
            uniform token info:id = "UsdPreviewSurface"
            color3f inputs:diffuseColor = (0.95, 0.06, 0.08)
            token outputs:surface
        }
    }

    def Material "Wire_2"
    {
        token outputs:surface.connect = </Looks/Wire_2/Surface.outputs:surface>

        def Shader "Surface"
        {
            uniform token info:id = "UsdPreviewSurface"
            color3f inputs:diffuseColor = (0.78, 0.035, 0.06)
            token outputs:surface
        }
    }

    def Material "Wire_3"
    {
        token outputs:surface.connect = </Looks/Wire_3/Surface.outputs:surface>

        def Shader "Surface"
        {
            uniform token info:id = "UsdPreviewSurface"
            color3f inputs:diffuseColor = (0.93, 0.1, 0.15)
            token outputs:surface
        }
    }

    def Material "Wire_4"
    {
        token outputs:surface.connect = </Looks/Wire_4/Surface.outputs:surface>

        def Shader "Surface"
        {
            uniform token info:id = "UsdPreviewSurface"
            color3f inputs:diffuseColor = (0.035, 0.19, 0.8)
            token outputs:surface
        }
    }

    def Material "Wire_5"
    {
        token outputs:surface.connect = </Looks/Wire_5/Surface.outputs:surface>

        def Shader "Surface"
        {
            uniform token info:id = "UsdPreviewSurface"
            color3f inputs:diffuseColor = (0.13, 0.24, 0.82)
            token outputs:surface
        }
    }
}

