#usda 1.0
(
    customLayerData = {
        string asset_status = "Video-inspired approximate surrogate, not customer CAD"
        string physics = "Newton recorded playback; no active PhysX"
    }
    defaultPrim = "World"
    metersPerUnit = 1
    upAxis = "Z"
)

def Xform "World"
{
    def "FixtureBase"
    {
        def Mesh "mounting_disc" (
            prepend apiSchemas = ["MaterialBindingAPI"]
            customData = {
                bool newton_collision = 1
            }
        )
        {
            int[] faceVertexCounts = [3, 3, 3, 3, 3, 3, 3, 3, 3, 3, 3, 3, 3, 3, 3, 3, 3, 3, 3, 3, 3, 3, 3, 3, 3, 3, 3, 3, 3, 3, 3, 3, 3, 3, 3, 3, 3, 3, 3, 3, 3, 3, 3, 3, 3, 3, 3, 3, 3, 3, 3, 3, 3, 3, 3, 3, 3, 3, 3, 3, 3, 3, 3, 3, 3, 3, 3, 3, 3, 3, 3, 3, 3, 3, 3, 3, 3, 3, 3, 3, 3, 3, 3, 3, 3, 3, 3, 3, 3, 3, 3, 3, 3, 3, 3, 3, 3, 3, 3, 3, 3, 3, 3, 3, 3, 3, 3, 3, 3, 3, 3, 3, 3, 3, 3, 3, 3, 3, 3, 3, 3, 3, 3, 3, 3, 3, 3, 3]
            int[] faceVertexIndices = [1, 0, 4, 1, 4, 2, 2, 4, 5, 2, 5, 3, 4, 0, 6, 4, 6, 5, 5, 6, 7, 5, 7, 3, 6, 0, 8, 6, 8, 7, 7, 8, 9, 7, 9, 3, 8, 0, 10, 8, 10, 9, 9, 10, 11, 9, 11, 3, 10, 0, 12, 10, 12, 11, 11, 12, 13, 11, 13, 3, 12, 0, 14, 12, 14, 13, 13, 14, 15, 13, 15, 3, 14, 0, 16, 14, 16, 15, 15, 16, 17, 15, 17, 3, 16, 0, 18, 16, 18, 17, 17, 18, 19, 17, 19, 3, 18, 0, 20, 18, 20, 19, 19, 20, 21, 19, 21, 3, 20, 0, 22, 20, 22, 21, 21, 22, 23, 21, 23, 3, 22, 0, 24, 22, 24, 23, 23, 24, 25, 23, 25, 3, 24, 0, 26, 24, 26, 25, 25, 26, 27, 25, 27, 3, 26, 0, 28, 26, 28, 27, 27, 28, 29, 27, 29, 3, 28, 0, 30, 28, 30, 29, 29, 30, 31, 29, 31, 3, 30, 0, 32, 30, 32, 31, 31, 32, 33, 31, 33, 3, 32, 0, 34, 32, 34, 33, 33, 34, 35, 33, 35, 3, 34, 0, 36, 34, 36, 35, 35, 36, 37, 35, 37, 3, 36, 0, 38, 36, 38, 37, 37, 38, 39, 37, 39, 3, 38, 0, 40, 38, 40, 39, 39, 40, 41, 39, 41, 3, 40, 0, 42, 40, 42, 41, 41, 42, 43, 41, 43, 3, 42, 0, 44, 42, 44, 43, 43, 44, 45, 43, 45, 3, 44, 0, 46, 44, 46, 45, 45, 46, 47, 45, 47, 3, 46, 0, 48, 46, 48, 47, 47, 48, 49, 47, 49, 3, 48, 0, 50, 48, 50, 49, 49, 50, 51, 49, 51, 3, 50, 0, 52, 50, 52, 51, 51, 52, 53, 51, 53, 3, 52, 0, 54, 52, 54, 53, 53, 54, 55, 53, 55, 3, 54, 0, 56, 54, 56, 55, 55, 56, 57, 55, 57, 3, 56, 0, 58, 56, 58, 57, 57, 58, 59, 57, 59, 3, 58, 0, 60, 58, 60, 59, 59, 60, 61, 59, 61, 3, 60, 0, 62, 60, 62, 61, 61, 62, 63, 61, 63, 3, 62, 0, 64, 62, 64, 63, 63, 64, 65, 63, 65, 3, 64, 0, 1, 64, 1, 65, 65, 1, 2, 65, 2, 3]
            rel material:binding = </Looks/M_9ea8b2>
            point3f[] points = [(0, 0, -0.002), (0.027, 0, -0.002), (0.027, 0, 0.001), (0, 0, 0.001), (0.026481202, 0.0052674385, -0.002), (0.026481202, 0.0052674385, 0.001), (0.024944747, 0.010332453, -0.002), (0.024944747, 0.010332453, 0.001), (0.02244968, 0.015000396, -0.002), (0.02244968, 0.015000396, 0.001), (0.019091884, 0.019091884, -0.002), (0.019091884, 0.019091884, 0.001), (0.015000396, 0.02244968, -0.002), (0.015000396, 0.02244968, 0.001), (0.010332453, 0.024944747, -0.002), (0.010332453, 0.024944747, 0.001), (0.0052674385, 0.026481202, -0.002), (0.0052674385, 0.026481202, 0.001), (1.6532732e-18, 0.027, -0.002), (1.6532732e-18, 0.027, 0.001), (-0.0052674385, 0.026481202, -0.002), (-0.0052674385, 0.026481202, 0.001), (-0.010332453, 0.024944747, -0.002), (-0.010332453, 0.024944747, 0.001), (-0.015000396, 0.02244968, -0.002), (-0.015000396, 0.02244968, 0.001), (-0.019091884, 0.019091884, -0.002), (-0.019091884, 0.019091884, 0.001), (-0.02244968, 0.015000396, -0.002), (-0.02244968, 0.015000396, 0.001), (-0.024944747, 0.010332453, -0.002), (-0.024944747, 0.010332453, 0.001), (-0.026481202, 0.0052674385, -0.002), (-0.026481202, 0.0052674385, 0.001), (-0.027, 3.3065463e-18, -0.002), (-0.027, 3.3065463e-18, 0.001), (-0.026481202, -0.0052674385, -0.002), (-0.026481202, -0.0052674385, 0.001), (-0.024944747, -0.010332453, -0.002), (-0.024944747, -0.010332453, 0.001), (-0.02244968, -0.015000396, -0.002), (-0.02244968, -0.015000396, 0.001), (-0.019091884, -0.019091884, -0.002), (-0.019091884, -0.019091884, 0.001), (-0.015000396, -0.02244968, -0.002), (-0.015000396, -0.02244968, 0.001), (-0.010332453, -0.024944747, -0.002), (-0.010332453, -0.024944747, 0.001), (-0.0052674385, -0.026481202, -0.002), (-0.0052674385, -0.026481202, 0.001), (-4.9598196e-18, -0.027, -0.002), (-4.9598196e-18, -0.027, 0.001), (0.0052674385, -0.026481202, -0.002), (0.0052674385, -0.026481202, 0.001), (0.010332453, -0.024944747, -0.002), (0.010332453, -0.024944747, 0.001), (0.015000396, -0.02244968, -0.002), (0.015000396, -0.02244968, 0.001), (0.019091884, -0.019091884, -0.002), (0.019091884, -0.019091884, 0.001), (0.02244968, -0.015000396, -0.002), (0.02244968, -0.015000396, 0.001), (0.024944747, -0.010332453, -0.002), (0.024944747, -0.010332453, 0.001), (0.026481202, -0.0052674385, -0.002), (0.026481202, -0.0052674385, 0.001)]
            color3f[] primvars:displayColor = [(0.62, 0.66, 0.7)]
            uniform token subdivisionScheme = "none"
        }

        def Mesh "pedestal" (
            prepend apiSchemas = ["MaterialBindingAPI"]
            customData = {
                bool newton_collision = 1
            }
        )
        {
            int[] faceVertexCounts = [3, 3, 3, 3, 3, 3, 3, 3, 3, 3, 3, 3, 3, 3, 3, 3, 3, 3, 3, 3, 3, 3, 3, 3, 3, 3, 3, 3, 3, 3, 3, 3, 3, 3, 3, 3, 3, 3, 3, 3, 3, 3, 3, 3, 3, 3, 3, 3, 3, 3, 3, 3, 3, 3, 3, 3, 3, 3, 3, 3, 3, 3, 3, 3, 3, 3, 3, 3, 3, 3, 3, 3, 3, 3, 3, 3, 3, 3, 3, 3, 3, 3, 3, 3, 3, 3, 3, 3, 3, 3, 3, 3, 3, 3, 3, 3, 3, 3, 3, 3, 3, 3, 3, 3, 3, 3, 3, 3, 3, 3, 3, 3, 3, 3, 3, 3, 3, 3, 3, 3, 3, 3, 3, 3, 3, 3, 3, 3]
            int[] faceVertexIndices = [1, 0, 4, 1, 4, 2, 2, 4, 5, 2, 5, 3, 4, 0, 6, 4, 6, 5, 5, 6, 7, 5, 7, 3, 6, 0, 8, 6, 8, 7, 7, 8, 9, 7, 9, 3, 8, 0, 10, 8, 10, 9, 9, 10, 11, 9, 11, 3, 10, 0, 12, 10, 12, 11, 11, 12, 13, 11, 13, 3, 12, 0, 14, 12, 14, 13, 13, 14, 15, 13, 15, 3, 14, 0, 16, 14, 16, 15, 15, 16, 17, 15, 17, 3, 16, 0, 18, 16, 18, 17, 17, 18, 19, 17, 19, 3, 18, 0, 20, 18, 20, 19, 19, 20, 21, 19, 21, 3, 20, 0, 22, 20, 22, 21, 21, 22, 23, 21, 23, 3, 22, 0, 24, 22, 24, 23, 23, 24, 25, 23, 25, 3, 24, 0, 26, 24, 26, 25, 25, 26, 27, 25, 27, 3, 26, 0, 28, 26, 28, 27, 27, 28, 29, 27, 29, 3, 28, 0, 30, 28, 30, 29, 29, 30, 31, 29, 31, 3, 30, 0, 32, 30, 32, 31, 31, 32, 33, 31, 33, 3, 32, 0, 34, 32, 34, 33, 33, 34, 35, 33, 35, 3, 34, 0, 36, 34, 36, 35, 35, 36, 37, 35, 37, 3, 36, 0, 38, 36, 38, 37, 37, 38, 39, 37, 39, 3, 38, 0, 40, 38, 40, 39, 39, 40, 41, 39, 41, 3, 40, 0, 42, 40, 42, 41, 41, 42, 43, 41, 43, 3, 42, 0, 44, 42, 44, 43, 43, 44, 45, 43, 45, 3, 44, 0, 46, 44, 46, 45, 45, 46, 47, 45, 47, 3, 46, 0, 48, 46, 48, 47, 47, 48, 49, 47, 49, 3, 48, 0, 50, 48, 50, 49, 49, 50, 51, 49, 51, 3, 50, 0, 52, 50, 52, 51, 51, 52, 53, 51, 53, 3, 52, 0, 54, 52, 54, 53, 53, 54, 55, 53, 55, 3, 54, 0, 56, 54, 56, 55, 55, 56, 57, 55, 57, 3, 56, 0, 58, 56, 58, 57, 57, 58, 59, 57, 59, 3, 58, 0, 60, 58, 60, 59, 59, 60, 61, 59, 61, 3, 60, 0, 62, 60, 62, 61, 61, 62, 63, 61, 63, 3, 62, 0, 64, 62, 64, 63, 63, 64, 65, 63, 65, 3, 64, 0, 1, 64, 1, 65, 65, 1, 2, 65, 2, 3]
            rel material:binding = </Looks/M_080b0d>
            point3f[] points = [(0, 0, 0.001), (0.021, 0, 0.001), (0.021, 0, 0.013), (0, 0, 0.013), (0.020596491, 0.004096897, 0.001), (0.020596491, 0.004096897, 0.013), (0.01940147, 0.008036352, 0.001), (0.01940147, 0.008036352, 0.013), (0.017460862, 0.011666975, 0.001), (0.017460862, 0.011666975, 0.013), (0.014849243, 0.014849243, 0.001), (0.014849243, 0.014849243, 0.013), (0.011666975, 0.017460862, 0.001), (0.011666975, 0.017460862, 0.013), (0.008036352, 0.01940147, 0.001), (0.008036352, 0.01940147, 0.013), (0.004096897, 0.020596491, 0.001), (0.004096897, 0.020596491, 0.013), (1.2858791e-18, 0.021, 0.001), (1.2858791e-18, 0.021, 0.013), (-0.004096897, 0.020596491, 0.001), (-0.004096897, 0.020596491, 0.013), (-0.008036352, 0.01940147, 0.001), (-0.008036352, 0.01940147, 0.013), (-0.011666975, 0.017460862, 0.001), (-0.011666975, 0.017460862, 0.013), (-0.014849243, 0.014849243, 0.001), (-0.014849243, 0.014849243, 0.013), (-0.017460862, 0.011666975, 0.001), (-0.017460862, 0.011666975, 0.013), (-0.01940147, 0.008036352, 0.001), (-0.01940147, 0.008036352, 0.013), (-0.020596491, 0.004096897, 0.001), (-0.020596491, 0.004096897, 0.013), (-0.021, 2.5717583e-18, 0.001), (-0.021, 2.5717583e-18, 0.013), (-0.020596491, -0.004096897, 0.001), (-0.020596491, -0.004096897, 0.013), (-0.01940147, -0.008036352, 0.001), (-0.01940147, -0.008036352, 0.013), (-0.017460862, -0.011666975, 0.001), (-0.017460862, -0.011666975, 0.013), (-0.014849243, -0.014849243, 0.001), (-0.014849243, -0.014849243, 0.013), (-0.011666975, -0.017460862, 0.001), (-0.011666975, -0.017460862, 0.013), (-0.008036352, -0.01940147, 0.001), (-0.008036352, -0.01940147, 0.013), (-0.004096897, -0.020596491, 0.001), (-0.004096897, -0.020596491, 0.013), (-3.8576374e-18, -0.021, 0.001), (-3.8576374e-18, -0.021, 0.013), (0.004096897, -0.020596491, 0.001), (0.004096897, -0.020596491, 0.013), (0.008036352, -0.01940147, 0.001), (0.008036352, -0.01940147, 0.013), (0.011666975, -0.017460862, 0.001), (0.011666975, -0.017460862, 0.013), (0.014849243, -0.014849243, 0.001), (0.014849243, -0.014849243, 0.013), (0.017460862, -0.011666975, 0.001), (0.017460862, -0.011666975, 0.013), (0.01940147, -0.008036352, 0.001), (0.01940147, -0.008036352, 0.013), (0.020596491, -0.004096897, 0.001), (0.020596491, -0.004096897, 0.013)]
            color3f[] primvars:displayColor = [(0.035, 0.045, 0.052)]
            uniform token subdivisionScheme = "none"
        }

        def Mesh "standoff_m1" (
            prepend apiSchemas = ["MaterialBindingAPI"]
            customData = {
                bool newton_collision = 0
            }
        )
        {
            int[] faceVertexCounts = [3, 3, 3, 3, 3, 3, 3, 3, 3, 3, 3, 3, 3, 3, 3, 3, 3, 3, 3, 3, 3, 3, 3, 3, 3, 3, 3, 3, 3, 3, 3, 3, 3, 3, 3, 3, 3, 3, 3, 3, 3, 3, 3, 3, 3, 3, 3, 3, 3, 3, 3, 3, 3, 3, 3, 3, 3, 3, 3, 3, 3, 3, 3, 3, 3, 3, 3, 3, 3, 3, 3, 3, 3, 3, 3, 3, 3, 3, 3, 3, 3, 3, 3, 3, 3, 3, 3, 3, 3, 3, 3, 3, 3, 3, 3, 3, 3, 3, 3, 3, 3, 3, 3, 3, 3, 3, 3, 3, 3, 3, 3, 3, 3, 3, 3, 3, 3, 3, 3, 3, 3, 3, 3, 3, 3, 3, 3, 3]
            int[] faceVertexIndices = [1, 0, 4, 1, 4, 2, 2, 4, 5, 2, 5, 3, 4, 0, 6, 4, 6, 5, 5, 6, 7, 5, 7, 3, 6, 0, 8, 6, 8, 7, 7, 8, 9, 7, 9, 3, 8, 0, 10, 8, 10, 9, 9, 10, 11, 9, 11, 3, 10, 0, 12, 10, 12, 11, 11, 12, 13, 11, 13, 3, 12, 0, 14, 12, 14, 13, 13, 14, 15, 13, 15, 3, 14, 0, 16, 14, 16, 15, 15, 16, 17, 15, 17, 3, 16, 0, 18, 16, 18, 17, 17, 18, 19, 17, 19, 3, 18, 0, 20, 18, 20, 19, 19, 20, 21, 19, 21, 3, 20, 0, 22, 20, 22, 21, 21, 22, 23, 21, 23, 3, 22, 0, 24, 22, 24, 23, 23, 24, 25, 23, 25, 3, 24, 0, 26, 24, 26, 25, 25, 26, 27, 25, 27, 3, 26, 0, 28, 26, 28, 27, 27, 28, 29, 27, 29, 3, 28, 0, 30, 28, 30, 29, 29, 30, 31, 29, 31, 3, 30, 0, 32, 30, 32, 31, 31, 32, 33, 31, 33, 3, 32, 0, 34, 32, 34, 33, 33, 34, 35, 33, 35, 3, 34, 0, 36, 34, 36, 35, 35, 36, 37, 35, 37, 3, 36, 0, 38, 36, 38, 37, 37, 38, 39, 37, 39, 3, 38, 0, 40, 38, 40, 39, 39, 40, 41, 39, 41, 3, 40, 0, 42, 40, 42, 41, 41, 42, 43, 41, 43, 3, 42, 0, 44, 42, 44, 43, 43, 44, 45, 43, 45, 3, 44, 0, 46, 44, 46, 45, 45, 46, 47, 45, 47, 3, 46, 0, 48, 46, 48, 47, 47, 48, 49, 47, 49, 3, 48, 0, 50, 48, 50, 49, 49, 50, 51, 49, 51, 3, 50, 0, 52, 50, 52, 51, 51, 52, 53, 51, 53, 3, 52, 0, 54, 52, 54, 53, 53, 54, 55, 53, 55, 3, 54, 0, 56, 54, 56, 55, 55, 56, 57, 55, 57, 3, 56, 0, 58, 56, 58, 57, 57, 58, 59, 57, 59, 3, 58, 0, 60, 58, 60, 59, 59, 60, 61, 59, 61, 3, 60, 0, 62, 60, 62, 61, 61, 62, 63, 61, 63, 3, 62, 0, 64, 62, 64, 63, 63, 64, 65, 63, 65, 3, 64, 0, 1, 64, 1, 65, 65, 1, 2, 65, 2, 3]
            rel material:binding = </Looks/M_9ea8b2>
            point3f[] points = [(-0.019, 0.012, 0.001), (-0.0164, 0.012, 0.001), (-0.0164, 0.012, 0.017), (-0.019, 0.012, 0.017), (-0.016449958, 0.012507235, 0.001), (-0.016449958, 0.012507235, 0.017), (-0.016597914, 0.012994977, 0.001), (-0.016597914, 0.012994977, 0.017), (-0.01683818, 0.013444482, 0.001), (-0.01683818, 0.013444482, 0.017), (-0.017161522, 0.013838477, 0.001), (-0.017161522, 0.013838477, 0.017), (-0.017555518, 0.014161821, 0.001), (-0.017555518, 0.014161821, 0.017), (-0.018005023, 0.014402087, 0.001), (-0.018005023, 0.014402087, 0.017), (-0.018492766, 0.014550041, 0.001), (-0.018492766, 0.014550041, 0.017), (-0.019, 0.0146, 0.001), (-0.019, 0.0146, 0.017), (-0.019507235, 0.014550041, 0.001), (-0.019507235, 0.014550041, 0.017), (-0.019994976, 0.014402087, 0.001), (-0.019994976, 0.014402087, 0.017), (-0.020444483, 0.014161821, 0.001), (-0.020444483, 0.014161821, 0.017), (-0.020838477, 0.013838477, 0.001), (-0.020838477, 0.013838477, 0.017), (-0.02116182, 0.013444482, 0.001), (-0.02116182, 0.013444482, 0.017), (-0.021402087, 0.012994977, 0.001), (-0.021402087, 0.012994977, 0.017), (-0.021550043, 0.012507235, 0.001), (-0.021550043, 0.012507235, 0.017), (-0.0216, 0.012, 0.001), (-0.0216, 0.012, 0.017), (-0.021550043, 0.0114927655, 0.001), (-0.021550043, 0.0114927655, 0.017), (-0.021402087, 0.0110050235, 0.001), (-0.021402087, 0.0110050235, 0.017), (-0.02116182, 0.010555518, 0.001), (-0.02116182, 0.010555518, 0.017), (-0.020838477, 0.010161523, 0.001), (-0.020838477, 0.010161523, 0.017), (-0.020444483, 0.009838179, 0.001), (-0.020444483, 0.009838179, 0.017), (-0.019994976, 0.009597913, 0.001), (-0.019994976, 0.009597913, 0.017), (-0.019507235, 0.009449958, 0.001), (-0.019507235, 0.009449958, 0.017), (-0.019, 0.0094, 0.001), (-0.019, 0.0094, 0.017), (-0.018492766, 0.009449958, 0.001), (-0.018492766, 0.009449958, 0.017), (-0.018005023, 0.009597913, 0.001), (-0.018005023, 0.009597913, 0.017), (-0.017555518, 0.009838179, 0.001), (-0.017555518, 0.009838179, 0.017), (-0.017161522, 0.010161523, 0.001), (-0.017161522, 0.010161523, 0.017), (-0.01683818, 0.010555518, 0.001), (-0.01683818, 0.010555518, 0.017), (-0.016597914, 0.0110050235, 0.001), (-0.016597914, 0.0110050235, 0.017), (-0.016449958, 0.0114927655, 0.001), (-0.016449958, 0.0114927655, 0.017)]
            color3f[] primvars:displayColor = [(0.62, 0.66, 0.7)]
            uniform token subdivisionScheme = "none"
        }

        def Mesh "bearing_m1" (
            prepend apiSchemas = ["MaterialBindingAPI"]
            customData = {
                bool newton_collision = 0
            }
        )
        {
            int[] faceVertexCounts = [3, 3, 3, 3, 3, 3, 3, 3, 3, 3, 3, 3]
            int[] faceVertexIndices = [1, 3, 0, 4, 1, 0, 0, 3, 2, 2, 4, 0, 1, 7, 3, 5, 1, 4, 5, 7, 1, 3, 7, 2, 6, 4, 2, 2, 7, 6, 6, 5, 4, 7, 5, 6]
            rel material:binding = </Looks/M_080b0d>
            point3f[] points = [(-0.03, -0.024, 0.016), (-0.03, -0.024, 0.03), (-0.03, -0.012, 0.016), (-0.03, -0.012, 0.03), (-0.024, -0.024, 0.016), (-0.024, -0.024, 0.03), (-0.024, -0.012, 0.016), (-0.024, -0.012, 0.03)]
            color3f[] primvars:displayColor = [(0.035, 0.045, 0.052)]
            uniform token subdivisionScheme = "none"
        }

        def Mesh "pivot_head_m1" (
            prepend apiSchemas = ["MaterialBindingAPI"]
            customData = {
                bool newton_collision = 0
            }
        )
        {
            int[] faceVertexCounts = [3, 3, 3, 3, 3, 3, 3, 3, 3, 3, 3, 3, 3, 3, 3, 3, 3, 3, 3, 3, 3, 3, 3, 3, 3, 3, 3, 3, 3, 3, 3, 3, 3, 3, 3, 3, 3, 3, 3, 3, 3, 3, 3, 3, 3, 3, 3, 3, 3, 3, 3, 3, 3, 3, 3, 3, 3, 3, 3, 3, 3, 3, 3, 3, 3, 3, 3, 3, 3, 3, 3, 3, 3, 3, 3, 3, 3, 3, 3, 3, 3, 3, 3, 3, 3, 3, 3, 3, 3, 3, 3, 3, 3, 3, 3, 3, 3, 3, 3, 3, 3, 3, 3, 3, 3, 3, 3, 3, 3, 3, 3, 3, 3, 3, 3, 3, 3, 3, 3, 3, 3, 3, 3, 3, 3, 3, 3, 3]
            int[] faceVertexIndices = [1, 0, 4, 1, 4, 2, 2, 4, 5, 2, 5, 3, 4, 0, 6, 4, 6, 5, 5, 6, 7, 5, 7, 3, 6, 0, 8, 6, 8, 7, 7, 8, 9, 7, 9, 3, 8, 0, 10, 8, 10, 9, 9, 10, 11, 9, 11, 3, 10, 0, 12, 10, 12, 11, 11, 12, 13, 11, 13, 3, 12, 0, 14, 12, 14, 13, 13, 14, 15, 13, 15, 3, 14, 0, 16, 14, 16, 15, 15, 16, 17, 15, 17, 3, 16, 0, 18, 16, 18, 17, 17, 18, 19, 17, 19, 3, 18, 0, 20, 18, 20, 19, 19, 20, 21, 19, 21, 3, 20, 0, 22, 20, 22, 21, 21, 22, 23, 21, 23, 3, 22, 0, 24, 22, 24, 23, 23, 24, 25, 23, 25, 3, 24, 0, 26, 24, 26, 25, 25, 26, 27, 25, 27, 3, 26, 0, 28, 26, 28, 27, 27, 28, 29, 27, 29, 3, 28, 0, 30, 28, 30, 29, 29, 30, 31, 29, 31, 3, 30, 0, 32, 30, 32, 31, 31, 32, 33, 31, 33, 3, 32, 0, 34, 32, 34, 33, 33, 34, 35, 33, 35, 3, 34, 0, 36, 34, 36, 35, 35, 36, 37, 35, 37, 3, 36, 0, 38, 36, 38, 37, 37, 38, 39, 37, 39, 3, 38, 0, 40, 38, 40, 39, 39, 40, 41, 39, 41, 3, 40, 0, 42, 40, 42, 41, 41, 42, 43, 41, 43, 3, 42, 0, 44, 42, 44, 43, 43, 44, 45, 43, 45, 3, 44, 0, 46, 44, 46, 45, 45, 46, 47, 45, 47, 3, 46, 0, 48, 46, 48, 47, 47, 48, 49, 47, 49, 3, 48, 0, 50, 48, 50, 49, 49, 50, 51, 49, 51, 3, 50, 0, 52, 50, 52, 51, 51, 52, 53, 51, 53, 3, 52, 0, 54, 52, 54, 53, 53, 54, 55, 53, 55, 3, 54, 0, 56, 54, 56, 55, 55, 56, 57, 55, 57, 3, 56, 0, 58, 56, 58, 57, 57, 58, 59, 57, 59, 3, 58, 0, 60, 58, 60, 59, 59, 60, 61, 59, 61, 3, 60, 0, 62, 60, 62, 61, 61, 62, 63, 61, 63, 3, 62, 0, 64, 62, 64, 63, 63, 64, 65, 63, 65, 3, 64, 0, 1, 64, 1, 65, 65, 1, 2, 65, 2, 3]
            rel material:binding = </Looks/M_9ea8b2>
            point3f[] points = [(-0.032, -0.018, 0.024), (-0.032, -0.018, 0.0205), (-0.03, -0.018, 0.0205), (-0.03, -0.018, 0.024), (-0.032, -0.017317183, 0.020567251), (-0.03, -0.017317183, 0.020567251), (-0.032, -0.016660608, 0.020766422), (-0.03, -0.016660608, 0.020766422), (-0.032, -0.016055504, 0.021089856), (-0.03, -0.016055504, 0.021089856), (-0.032, -0.015525126, 0.021525126), (-0.03, -0.015525126, 0.021525126), (-0.032, -0.015089856, 0.022055505), (-0.03, -0.015089856, 0.022055505), (-0.032, -0.014766422, 0.022660607), (-0.03, -0.014766422, 0.022660607), (-0.032, -0.014567251, 0.023317184), (-0.03, -0.014567251, 0.023317184), (-0.032, -0.0145, 0.024), (-0.03, -0.0145, 0.024), (-0.032, -0.014567251, 0.024682816), (-0.03, -0.014567251, 0.024682816), (-0.032, -0.014766422, 0.025339391), (-0.03, -0.014766422, 0.025339391), (-0.032, -0.015089856, 0.025944496), (-0.03, -0.015089856, 0.025944496), (-0.032, -0.015525126, 0.026474874), (-0.03, -0.015525126, 0.026474874), (-0.032, -0.016055504, 0.026910143), (-0.03, -0.016055504, 0.026910143), (-0.032, -0.016660608, 0.027233578), (-0.03, -0.016660608, 0.027233578), (-0.032, -0.017317183, 0.027432749), (-0.03, -0.017317183, 0.027432749), (-0.032, -0.018, 0.0275), (-0.03, -0.018, 0.0275), (-0.032, -0.018682817, 0.027432749), (-0.03, -0.018682817, 0.027432749), (-0.032, -0.019339392, 0.027233578), (-0.03, -0.019339392, 0.027233578), (-0.032, -0.019944496, 0.026910143), (-0.03, -0.019944496, 0.026910143), (-0.032, -0.020474873, 0.026474874), (-0.03, -0.020474873, 0.026474874), (-0.032, -0.020910144, 0.025944496), (-0.03, -0.020910144, 0.025944496), (-0.032, -0.02123358, 0.025339391), (-0.03, -0.02123358, 0.025339391), (-0.032, -0.021432748, 0.024682816), (-0.03, -0.021432748, 0.024682816), (-0.032, -0.0215, 0.024), (-0.03, -0.0215, 0.024), (-0.032, -0.021432748, 0.023317184), (-0.03, -0.021432748, 0.023317184), (-0.032, -0.02123358, 0.022660607), (-0.03, -0.02123358, 0.022660607), (-0.032, -0.020910144, 0.022055505), (-0.03, -0.020910144, 0.022055505), (-0.032, -0.020474873, 0.021525126), (-0.03, -0.020474873, 0.021525126), (-0.032, -0.019944496, 0.021089856), (-0.03, -0.019944496, 0.021089856), (-0.032, -0.019339392, 0.020766422), (-0.03, -0.019339392, 0.020766422), (-0.032, -0.018682817, 0.020567251), (-0.03, -0.018682817, 0.020567251)]
            color3f[] primvars:displayColor = [(0.62, 0.66, 0.7)]
            uniform token subdivisionScheme = "none"
        }

        def Mesh "standoff_1" (
            prepend apiSchemas = ["MaterialBindingAPI"]
            customData = {
                bool newton_collision = 0
            }
        )
        {
            int[] faceVertexCounts = [3, 3, 3, 3, 3, 3, 3, 3, 3, 3, 3, 3, 3, 3, 3, 3, 3, 3, 3, 3, 3, 3, 3, 3, 3, 3, 3, 3, 3, 3, 3, 3, 3, 3, 3, 3, 3, 3, 3, 3, 3, 3, 3, 3, 3, 3, 3, 3, 3, 3, 3, 3, 3, 3, 3, 3, 3, 3, 3, 3, 3, 3, 3, 3, 3, 3, 3, 3, 3, 3, 3, 3, 3, 3, 3, 3, 3, 3, 3, 3, 3, 3, 3, 3, 3, 3, 3, 3, 3, 3, 3, 3, 3, 3, 3, 3, 3, 3, 3, 3, 3, 3, 3, 3, 3, 3, 3, 3, 3, 3, 3, 3, 3, 3, 3, 3, 3, 3, 3, 3, 3, 3, 3, 3, 3, 3, 3, 3]
            int[] faceVertexIndices = [1, 0, 4, 1, 4, 2, 2, 4, 5, 2, 5, 3, 4, 0, 6, 4, 6, 5, 5, 6, 7, 5, 7, 3, 6, 0, 8, 6, 8, 7, 7, 8, 9, 7, 9, 3, 8, 0, 10, 8, 10, 9, 9, 10, 11, 9, 11, 3, 10, 0, 12, 10, 12, 11, 11, 12, 13, 11, 13, 3, 12, 0, 14, 12, 14, 13, 13, 14, 15, 13, 15, 3, 14, 0, 16, 14, 16, 15, 15, 16, 17, 15, 17, 3, 16, 0, 18, 16, 18, 17, 17, 18, 19, 17, 19, 3, 18, 0, 20, 18, 20, 19, 19, 20, 21, 19, 21, 3, 20, 0, 22, 20, 22, 21, 21, 22, 23, 21, 23, 3, 22, 0, 24, 22, 24, 23, 23, 24, 25, 23, 25, 3, 24, 0, 26, 24, 26, 25, 25, 26, 27, 25, 27, 3, 26, 0, 28, 26, 28, 27, 27, 28, 29, 27, 29, 3, 28, 0, 30, 28, 30, 29, 29, 30, 31, 29, 31, 3, 30, 0, 32, 30, 32, 31, 31, 32, 33, 31, 33, 3, 32, 0, 34, 32, 34, 33, 33, 34, 35, 33, 35, 3, 34, 0, 36, 34, 36, 35, 35, 36, 37, 35, 37, 3, 36, 0, 38, 36, 38, 37, 37, 38, 39, 37, 39, 3, 38, 0, 40, 38, 40, 39, 39, 40, 41, 39, 41, 3, 40, 0, 42, 40, 42, 41, 41, 42, 43, 41, 43, 3, 42, 0, 44, 42, 44, 43, 43, 44, 45, 43, 45, 3, 44, 0, 46, 44, 46, 45, 45, 46, 47, 45, 47, 3, 46, 0, 48, 46, 48, 47, 47, 48, 49, 47, 49, 3, 48, 0, 50, 48, 50, 49, 49, 50, 51, 49, 51, 3, 50, 0, 52, 50, 52, 51, 51, 52, 53, 51, 53, 3, 52, 0, 54, 52, 54, 53, 53, 54, 55, 53, 55, 3, 54, 0, 56, 54, 56, 55, 55, 56, 57, 55, 57, 3, 56, 0, 58, 56, 58, 57, 57, 58, 59, 57, 59, 3, 58, 0, 60, 58, 60, 59, 59, 60, 61, 59, 61, 3, 60, 0, 62, 60, 62, 61, 61, 62, 63, 61, 63, 3, 62, 0, 64, 62, 64, 63, 63, 64, 65, 63, 65, 3, 64, 0, 1, 64, 1, 65, 65, 1, 2, 65, 2, 3]
            rel material:binding = </Looks/M_9ea8b2>
            point3f[] points = [(0.019, 0.012, 0.001), (0.0216, 0.012, 0.001), (0.0216, 0.012, 0.017), (0.019, 0.012, 0.017), (0.021550043, 0.012507235, 0.001), (0.021550043, 0.012507235, 0.017), (0.021402087, 0.012994977, 0.001), (0.021402087, 0.012994977, 0.017), (0.02116182, 0.013444482, 0.001), (0.02116182, 0.013444482, 0.017), (0.020838477, 0.013838477, 0.001), (0.020838477, 0.013838477, 0.017), (0.020444483, 0.014161821, 0.001), (0.020444483, 0.014161821, 0.017), (0.019994976, 0.014402087, 0.001), (0.019994976, 0.014402087, 0.017), (0.019507235, 0.014550041, 0.001), (0.019507235, 0.014550041, 0.017), (0.019, 0.0146, 0.001), (0.019, 0.0146, 0.017), (0.018492766, 0.014550041, 0.001), (0.018492766, 0.014550041, 0.017), (0.018005023, 0.014402087, 0.001), (0.018005023, 0.014402087, 0.017), (0.017555518, 0.014161821, 0.001), (0.017555518, 0.014161821, 0.017), (0.017161522, 0.013838477, 0.001), (0.017161522, 0.013838477, 0.017), (0.01683818, 0.013444482, 0.001), (0.01683818, 0.013444482, 0.017), (0.016597914, 0.012994977, 0.001), (0.016597914, 0.012994977, 0.017), (0.016449958, 0.012507235, 0.001), (0.016449958, 0.012507235, 0.017), (0.0164, 0.012, 0.001), (0.0164, 0.012, 0.017), (0.016449958, 0.0114927655, 0.001), (0.016449958, 0.0114927655, 0.017), (0.016597914, 0.0110050235, 0.001), (0.016597914, 0.0110050235, 0.017), (0.01683818, 0.010555518, 0.001), (0.01683818, 0.010555518, 0.017), (0.017161522, 0.010161523, 0.001), (0.017161522, 0.010161523, 0.017), (0.017555518, 0.009838179, 0.001), (0.017555518, 0.009838179, 0.017), (0.018005023, 0.009597913, 0.001), (0.018005023, 0.009597913, 0.017), (0.018492766, 0.009449958, 0.001), (0.018492766, 0.009449958, 0.017), (0.019, 0.0094, 0.001), (0.019, 0.0094, 0.017), (0.019507235, 0.009449958, 0.001), (0.019507235, 0.009449958, 0.017), (0.019994976, 0.009597913, 0.001), (0.019994976, 0.009597913, 0.017), (0.020444483, 0.009838179, 0.001), (0.020444483, 0.009838179, 0.017), (0.020838477, 0.010161523, 0.001), (0.020838477, 0.010161523, 0.017), (0.02116182, 0.010555518, 0.001), (0.02116182, 0.010555518, 0.017), (0.021402087, 0.0110050235, 0.001), (0.021402087, 0.0110050235, 0.017), (0.021550043, 0.0114927655, 0.001), (0.021550043, 0.0114927655, 0.017)]
            color3f[] primvars:displayColor = [(0.62, 0.66, 0.7)]
            uniform token subdivisionScheme = "none"
        }

        def Mesh "bearing_1" (
            prepend apiSchemas = ["MaterialBindingAPI"]
            customData = {
                bool newton_collision = 0
            }
        )
        {
            int[] faceVertexCounts = [3, 3, 3, 3, 3, 3, 3, 3, 3, 3, 3, 3]
            int[] faceVertexIndices = [1, 3, 0, 4, 1, 0, 0, 3, 2, 2, 4, 0, 1, 7, 3, 5, 1, 4, 5, 7, 1, 3, 7, 2, 6, 4, 2, 2, 7, 6, 6, 5, 4, 7, 5, 6]
            rel material:binding = </Looks/M_080b0d>
            point3f[] points = [(0.024, -0.024, 0.016), (0.024, -0.024, 0.03), (0.024, -0.012, 0.016), (0.024, -0.012, 0.03), (0.03, -0.024, 0.016), (0.03, -0.024, 0.03), (0.03, -0.012, 0.016), (0.03, -0.012, 0.03)]
            color3f[] primvars:displayColor = [(0.035, 0.045, 0.052)]
            uniform token subdivisionScheme = "none"
        }

        def Mesh "pivot_head_1" (
            prepend apiSchemas = ["MaterialBindingAPI"]
            customData = {
                bool newton_collision = 0
            }
        )
        {
            int[] faceVertexCounts = [3, 3, 3, 3, 3, 3, 3, 3, 3, 3, 3, 3, 3, 3, 3, 3, 3, 3, 3, 3, 3, 3, 3, 3, 3, 3, 3, 3, 3, 3, 3, 3, 3, 3, 3, 3, 3, 3, 3, 3, 3, 3, 3, 3, 3, 3, 3, 3, 3, 3, 3, 3, 3, 3, 3, 3, 3, 3, 3, 3, 3, 3, 3, 3, 3, 3, 3, 3, 3, 3, 3, 3, 3, 3, 3, 3, 3, 3, 3, 3, 3, 3, 3, 3, 3, 3, 3, 3, 3, 3, 3, 3, 3, 3, 3, 3, 3, 3, 3, 3, 3, 3, 3, 3, 3, 3, 3, 3, 3, 3, 3, 3, 3, 3, 3, 3, 3, 3, 3, 3, 3, 3, 3, 3, 3, 3, 3, 3]
            int[] faceVertexIndices = [1, 0, 4, 1, 4, 2, 2, 4, 5, 2, 5, 3, 4, 0, 6, 4, 6, 5, 5, 6, 7, 5, 7, 3, 6, 0, 8, 6, 8, 7, 7, 8, 9, 7, 9, 3, 8, 0, 10, 8, 10, 9, 9, 10, 11, 9, 11, 3, 10, 0, 12, 10, 12, 11, 11, 12, 13, 11, 13, 3, 12, 0, 14, 12, 14, 13, 13, 14, 15, 13, 15, 3, 14, 0, 16, 14, 16, 15, 15, 16, 17, 15, 17, 3, 16, 0, 18, 16, 18, 17, 17, 18, 19, 17, 19, 3, 18, 0, 20, 18, 20, 19, 19, 20, 21, 19, 21, 3, 20, 0, 22, 20, 22, 21, 21, 22, 23, 21, 23, 3, 22, 0, 24, 22, 24, 23, 23, 24, 25, 23, 25, 3, 24, 0, 26, 24, 26, 25, 25, 26, 27, 25, 27, 3, 26, 0, 28, 26, 28, 27, 27, 28, 29, 27, 29, 3, 28, 0, 30, 28, 30, 29, 29, 30, 31, 29, 31, 3, 30, 0, 32, 30, 32, 31, 31, 32, 33, 31, 33, 3, 32, 0, 34, 32, 34, 33, 33, 34, 35, 33, 35, 3, 34, 0, 36, 34, 36, 35, 35, 36, 37, 35, 37, 3, 36, 0, 38, 36, 38, 37, 37, 38, 39, 37, 39, 3, 38, 0, 40, 38, 40, 39, 39, 40, 41, 39, 41, 3, 40, 0, 42, 40, 42, 41, 41, 42, 43, 41, 43, 3, 42, 0, 44, 42, 44, 43, 43, 44, 45, 43, 45, 3, 44, 0, 46, 44, 46, 45, 45, 46, 47, 45, 47, 3, 46, 0, 48, 46, 48, 47, 47, 48, 49, 47, 49, 3, 48, 0, 50, 48, 50, 49, 49, 50, 51, 49, 51, 3, 50, 0, 52, 50, 52, 51, 51, 52, 53, 51, 53, 3, 52, 0, 54, 52, 54, 53, 53, 54, 55, 53, 55, 3, 54, 0, 56, 54, 56, 55, 55, 56, 57, 55, 57, 3, 56, 0, 58, 56, 58, 57, 57, 58, 59, 57, 59, 3, 58, 0, 60, 58, 60, 59, 59, 60, 61, 59, 61, 3, 60, 0, 62, 60, 62, 61, 61, 62, 63, 61, 63, 3, 62, 0, 64, 62, 64, 63, 63, 64, 65, 63, 65, 3, 64, 0, 1, 64, 1, 65, 65, 1, 2, 65, 2, 3]
            rel material:binding = </Looks/M_9ea8b2>
            point3f[] points = [(0.03, -0.018, 0.024), (0.03, -0.018, 0.0205), (0.032, -0.018, 0.0205), (0.032, -0.018, 0.024), (0.03, -0.017317183, 0.020567251), (0.032, -0.017317183, 0.020567251), (0.03, -0.016660608, 0.020766422), (0.032, -0.016660608, 0.020766422), (0.03, -0.016055504, 0.021089856), (0.032, -0.016055504, 0.021089856), (0.03, -0.015525126, 0.021525126), (0.032, -0.015525126, 0.021525126), (0.03, -0.015089856, 0.022055505), (0.032, -0.015089856, 0.022055505), (0.03, -0.014766422, 0.022660607), (0.032, -0.014766422, 0.022660607), (0.03, -0.014567251, 0.023317184), (0.032, -0.014567251, 0.023317184), (0.03, -0.0145, 0.024), (0.032, -0.0145, 0.024), (0.03, -0.014567251, 0.024682816), (0.032, -0.014567251, 0.024682816), (0.03, -0.014766422, 0.025339391), (0.032, -0.014766422, 0.025339391), (0.03, -0.015089856, 0.025944496), (0.032, -0.015089856, 0.025944496), (0.03, -0.015525126, 0.026474874), (0.032, -0.015525126, 0.026474874), (0.03, -0.016055504, 0.026910143), (0.032, -0.016055504, 0.026910143), (0.03, -0.016660608, 0.027233578), (0.032, -0.016660608, 0.027233578), (0.03, -0.017317183, 0.027432749), (0.032, -0.017317183, 0.027432749), (0.03, -0.018, 0.0275), (0.032, -0.018, 0.0275), (0.03, -0.018682817, 0.027432749), (0.032, -0.018682817, 0.027432749), (0.03, -0.019339392, 0.027233578), (0.032, -0.019339392, 0.027233578), (0.03, -0.019944496, 0.026910143), (0.032, -0.019944496, 0.026910143), (0.03, -0.020474873, 0.026474874), (0.032, -0.020474873, 0.026474874), (0.03, -0.020910144, 0.025944496), (0.032, -0.020910144, 0.025944496), (0.03, -0.02123358, 0.025339391), (0.032, -0.02123358, 0.025339391), (0.03, -0.021432748, 0.024682816), (0.032, -0.021432748, 0.024682816), (0.03, -0.0215, 0.024), (0.032, -0.0215, 0.024), (0.03, -0.021432748, 0.023317184), (0.032, -0.021432748, 0.023317184), (0.03, -0.02123358, 0.022660607), (0.032, -0.02123358, 0.022660607), (0.03, -0.020910144, 0.022055505), (0.032, -0.020910144, 0.022055505), (0.03, -0.020474873, 0.021525126), (0.032, -0.020474873, 0.021525126), (0.03, -0.019944496, 0.021089856), (0.032, -0.019944496, 0.021089856), (0.03, -0.019339392, 0.020766422), (0.032, -0.019339392, 0.020766422), (0.03, -0.018682817, 0.020567251), (0.032, -0.018682817, 0.020567251)]
            color3f[] primvars:displayColor = [(0.62, 0.66, 0.7)]
            uniform token subdivisionScheme = "none"
        }

        def Mesh "bearing_support" (
            prepend apiSchemas = ["MaterialBindingAPI"]
            customData = {
                bool newton_collision = 1
            }
        )
        {
            int[] faceVertexCounts = [3, 3, 3, 3, 3, 3, 3, 3, 3, 3, 3, 3]
            int[] faceVertexIndices = [1, 3, 0, 4, 1, 0, 0, 3, 2, 2, 4, 0, 1, 7, 3, 5, 1, 4, 5, 7, 1, 3, 7, 2, 6, 4, 2, 2, 7, 6, 6, 5, 4, 7, 5, 6]
            rel material:binding = </Looks/M_080b0d>
            point3f[] points = [(-0.029, -0.0255, 0.013), (-0.029, -0.0255, 0.0175), (-0.029, 0.0195, 0.013), (-0.029, 0.0195, 0.0175), (0.029, -0.0255, 0.013), (0.029, -0.0255, 0.0175), (0.029, 0.0195, 0.013), (0.029, 0.0195, 0.0175)]
            color3f[] primvars:displayColor = [(0.035, 0.045, 0.052)]
            uniform token subdivisionScheme = "none"
        }

        def Mesh "hinge_pin" (
            prepend apiSchemas = ["MaterialBindingAPI"]
            customData = {
                bool newton_collision = 0
            }
        )
        {
            int[] faceVertexCounts = [3, 3, 3, 3, 3, 3, 3, 3, 3, 3, 3, 3, 3, 3, 3, 3, 3, 3, 3, 3, 3, 3, 3, 3, 3, 3, 3, 3, 3, 3, 3, 3, 3, 3, 3, 3, 3, 3, 3, 3, 3, 3, 3, 3, 3, 3, 3, 3, 3, 3, 3, 3, 3, 3, 3, 3, 3, 3, 3, 3, 3, 3, 3, 3, 3, 3, 3, 3, 3, 3, 3, 3, 3, 3, 3, 3, 3, 3, 3, 3, 3, 3, 3, 3, 3, 3, 3, 3, 3, 3, 3, 3, 3, 3, 3, 3, 3, 3, 3, 3, 3, 3, 3, 3, 3, 3, 3, 3, 3, 3, 3, 3, 3, 3, 3, 3, 3, 3, 3, 3, 3, 3, 3, 3, 3, 3, 3, 3]
            int[] faceVertexIndices = [1, 0, 4, 1, 4, 2, 2, 4, 5, 2, 5, 3, 4, 0, 6, 4, 6, 5, 5, 6, 7, 5, 7, 3, 6, 0, 8, 6, 8, 7, 7, 8, 9, 7, 9, 3, 8, 0, 10, 8, 10, 9, 9, 10, 11, 9, 11, 3, 10, 0, 12, 10, 12, 11, 11, 12, 13, 11, 13, 3, 12, 0, 14, 12, 14, 13, 13, 14, 15, 13, 15, 3, 14, 0, 16, 14, 16, 15, 15, 16, 17, 15, 17, 3, 16, 0, 18, 16, 18, 17, 17, 18, 19, 17, 19, 3, 18, 0, 20, 18, 20, 19, 19, 20, 21, 19, 21, 3, 20, 0, 22, 20, 22, 21, 21, 22, 23, 21, 23, 3, 22, 0, 24, 22, 24, 23, 23, 24, 25, 23, 25, 3, 24, 0, 26, 24, 26, 25, 25, 26, 27, 25, 27, 3, 26, 0, 28, 26, 28, 27, 27, 28, 29, 27, 29, 3, 28, 0, 30, 28, 30, 29, 29, 30, 31, 29, 31, 3, 30, 0, 32, 30, 32, 31, 31, 32, 33, 31, 33, 3, 32, 0, 34, 32, 34, 33, 33, 34, 35, 33, 35, 3, 34, 0, 36, 34, 36, 35, 35, 36, 37, 35, 37, 3, 36, 0, 38, 36, 38, 37, 37, 38, 39, 37, 39, 3, 38, 0, 40, 38, 40, 39, 39, 40, 41, 39, 41, 3, 40, 0, 42, 40, 42, 41, 41, 42, 43, 41, 43, 3, 42, 0, 44, 42, 44, 43, 43, 44, 45, 43, 45, 3, 44, 0, 46, 44, 46, 45, 45, 46, 47, 45, 47, 3, 46, 0, 48, 46, 48, 47, 47, 48, 49, 47, 49, 3, 48, 0, 50, 48, 50, 49, 49, 50, 51, 49, 51, 3, 50, 0, 52, 50, 52, 51, 51, 52, 53, 51, 53, 3, 52, 0, 54, 52, 54, 53, 53, 54, 55, 53, 55, 3, 54, 0, 56, 54, 56, 55, 55, 56, 57, 55, 57, 3, 56, 0, 58, 56, 58, 57, 57, 58, 59, 57, 59, 3, 58, 0, 60, 58, 60, 59, 59, 60, 61, 59, 61, 3, 60, 0, 62, 60, 62, 61, 61, 62, 63, 61, 63, 3, 62, 0, 64, 62, 64, 63, 63, 64, 65, 63, 65, 3, 64, 0, 1, 64, 1, 65, 65, 1, 2, 65, 2, 3]
            rel material:binding = </Looks/M_9ea8b2>
            point3f[] points = [(-0.0315, -0.018, 0.024), (-0.0315, -0.018, 0.022), (0.0315, -0.018, 0.022), (0.0315, -0.018, 0.024), (-0.0315, -0.01760982, 0.02203843), (0.0315, -0.01760982, 0.02203843), (-0.0315, -0.017234633, 0.022152241), (0.0315, -0.017234633, 0.022152241), (-0.0315, -0.016888859, 0.02233706), (0.0315, -0.016888859, 0.02233706), (-0.0315, -0.016585786, 0.022585787), (0.0315, -0.016585786, 0.022585787), (-0.0315, -0.016337061, 0.02288886), (0.0315, -0.016337061, 0.02288886), (-0.0315, -0.01615224, 0.023234634), (0.0315, -0.01615224, 0.023234634), (-0.0315, -0.016038429, 0.023609819), (0.0315, -0.016038429, 0.023609819), (-0.0315, -0.016, 0.024), (0.0315, -0.016, 0.024), (-0.0315, -0.016038429, 0.024390182), (0.0315, -0.016038429, 0.024390182), (-0.0315, -0.01615224, 0.024765367), (0.0315, -0.01615224, 0.024765367), (-0.0315, -0.016337061, 0.02511114), (0.0315, -0.016337061, 0.02511114), (-0.0315, -0.016585786, 0.025414214), (0.0315, -0.016585786, 0.025414214), (-0.0315, -0.016888859, 0.02566294), (0.0315, -0.016888859, 0.02566294), (-0.0315, -0.017234633, 0.02584776), (0.0315, -0.017234633, 0.02584776), (-0.0315, -0.01760982, 0.02596157), (0.0315, -0.01760982, 0.02596157), (-0.0315, -0.018, 0.026), (0.0315, -0.018, 0.026), (-0.0315, -0.01839018, 0.02596157), (0.0315, -0.01839018, 0.02596157), (-0.0315, -0.018765368, 0.02584776), (0.0315, -0.018765368, 0.02584776), (-0.0315, -0.01911114, 0.02566294), (0.0315, -0.01911114, 0.02566294), (-0.0315, -0.019414214, 0.025414214), (0.0315, -0.019414214, 0.025414214), (-0.0315, -0.019662939, 0.02511114), (0.0315, -0.019662939, 0.02511114), (-0.0315, -0.01984776, 0.024765367), (0.0315, -0.01984776, 0.024765367), (-0.0315, -0.019961571, 0.024390182), (0.0315, -0.019961571, 0.024390182), (-0.0315, -0.02, 0.024), (0.0315, -0.02, 0.024), (-0.0315, -0.019961571, 0.023609819), (0.0315, -0.019961571, 0.023609819), (-0.0315, -0.01984776, 0.023234634), (0.0315, -0.01984776, 0.023234634), (-0.0315, -0.019662939, 0.02288886), (0.0315, -0.019662939, 0.02288886), (-0.0315, -0.019414214, 0.022585787), (0.0315, -0.019414214, 0.022585787), (-0.0315, -0.01911114, 0.02233706), (0.0315, -0.01911114, 0.02233706), (-0.0315, -0.018765368, 0.022152241), (0.0315, -0.018765368, 0.022152241), (-0.0315, -0.01839018, 0.02203843), (0.0315, -0.01839018, 0.02203843)]
            color3f[] primvars:displayColor = [(0.62, 0.66, 0.7)]
            uniform token subdivisionScheme = "none"
        }
    }

    def "Table"
    {
        def Mesh "Wood" (
            prepend apiSchemas = ["MaterialBindingAPI"]
            customData = {
                bool newton_collision = 1
            }
        )
        {
            int[] faceVertexCounts = [3, 3, 3, 3, 3, 3, 3, 3, 3, 3, 3, 3]
            int[] faceVertexIndices = [1, 3, 0, 4, 1, 0, 0, 3, 2, 2, 4, 0, 1, 7, 3, 5, 1, 4, 5, 7, 1, 3, 7, 2, 6, 4, 2, 2, 7, 6, 6, 5, 4, 7, 5, 6]
            rel material:binding = </Looks/M_a87744>
            point3f[] points = [(-0.19, -0.12, -0.018), (-0.19, -0.12, -0.002), (-0.19, 0.36, -0.018), (-0.19, 0.36, -0.002), (0.19, -0.12, -0.018), (0.19, -0.12, -0.002), (0.19, 0.36, -0.018), (0.19, 0.36, -0.002)]
            color3f[] primvars:displayColor = [(0.66, 0.47, 0.27)]
            uniform token subdivisionScheme = "none"
        }

        def Mesh "Steel_0" (
            prepend apiSchemas = ["MaterialBindingAPI"]
            customData = {
                bool newton_collision = 1
            }
        )
        {
            int[] faceVertexCounts = [3, 3, 3, 3, 3, 3, 3, 3, 3, 3, 3, 3]
            int[] faceVertexIndices = [1, 3, 0, 4, 1, 0, 0, 3, 2, 2, 4, 0, 1, 7, 3, 5, 1, 4, 5, 7, 1, 3, 7, 2, 6, 4, 2, 2, 7, 6, 6, 5, 4, 7, 5, 6]
            rel material:binding = </Looks/M_778289>
            point3f[] points = [(-0.19, -0.12, -0.002), (-0.19, -0.12, 0.001), (-0.19, 0.36, -0.002), (-0.19, 0.36, 0.001), (-0.036, -0.12, -0.002), (-0.036, -0.12, 0.001), (-0.036, 0.36, -0.002), (-0.036, 0.36, 0.001)]
            color3f[] primvars:displayColor = [(0.47, 0.51, 0.54)]
            uniform token subdivisionScheme = "none"
        }

        def Mesh "Steel_1" (
            prepend apiSchemas = ["MaterialBindingAPI"]
            customData = {
                bool newton_collision = 1
            }
        )
        {
            int[] faceVertexCounts = [3, 3, 3, 3, 3, 3, 3, 3, 3, 3, 3, 3]
            int[] faceVertexIndices = [1, 3, 0, 4, 1, 0, 0, 3, 2, 2, 4, 0, 1, 7, 3, 5, 1, 4, 5, 7, 1, 3, 7, 2, 6, 4, 2, 2, 7, 6, 6, 5, 4, 7, 5, 6]
            rel material:binding = </Looks/M_778289>
            point3f[] points = [(0.036, -0.12, -0.002), (0.036, -0.12, 0.001), (0.036, 0.36, -0.002), (0.036, 0.36, 0.001), (0.19, -0.12, -0.002), (0.19, -0.12, 0.001), (0.19, 0.36, -0.002), (0.19, 0.36, 0.001)]
            color3f[] primvars:displayColor = [(0.47, 0.51, 0.54)]
            uniform token subdivisionScheme = "none"
        }

        def Mesh "Steel_2" (
            prepend apiSchemas = ["MaterialBindingAPI"]
            customData = {
                bool newton_collision = 1
            }
        )
        {
            int[] faceVertexCounts = [3, 3, 3, 3, 3, 3, 3, 3, 3, 3, 3, 3]
            int[] faceVertexIndices = [1, 3, 0, 4, 1, 0, 0, 3, 2, 2, 4, 0, 1, 7, 3, 5, 1, 4, 5, 7, 1, 3, 7, 2, 6, 4, 2, 2, 7, 6, 6, 5, 4, 7, 5, 6]
            rel material:binding = </Looks/M_778289>
            point3f[] points = [(-0.036, -0.12, -0.002), (-0.036, -0.12, 0.001), (-0.036, -0.036, -0.002), (-0.036, -0.036, 0.001), (0.036, -0.12, -0.002), (0.036, -0.12, 0.001), (0.036, -0.036, -0.002), (0.036, -0.036, 0.001)]
            color3f[] primvars:displayColor = [(0.47, 0.51, 0.54)]
            uniform token subdivisionScheme = "none"
        }

        def Mesh "Steel_3" (
            prepend apiSchemas = ["MaterialBindingAPI"]
            customData = {
                bool newton_collision = 1
            }
        )
        {
            int[] faceVertexCounts = [3, 3, 3, 3, 3, 3, 3, 3, 3, 3, 3, 3]
            int[] faceVertexIndices = [1, 3, 0, 4, 1, 0, 0, 3, 2, 2, 4, 0, 1, 7, 3, 5, 1, 4, 5, 7, 1, 3, 7, 2, 6, 4, 2, 2, 7, 6, 6, 5, 4, 7, 5, 6]
            rel material:binding = </Looks/M_778289>
            point3f[] points = [(-0.036, 0.036, -0.002), (-0.036, 0.036, 0.001), (-0.036, 0.36, -0.002), (-0.036, 0.36, 0.001), (0.036, 0.036, -0.002), (0.036, 0.036, 0.001), (0.036, 0.36, -0.002), (0.036, 0.36, 0.001)]
            color3f[] primvars:displayColor = [(0.47, 0.51, 0.54)]
            uniform token subdivisionScheme = "none"
        }
    }

    def Xform "FarConnector"
    {
        float xformOp:rotateZ = 180
        double3 xformOp:translate = (0, 0.242, 0.01)
        uniform token[] xformOpOrder = ["xformOp:translate", "xformOp:rotateZ"]

        def Mesh "housing" (
            prepend apiSchemas = ["MaterialBindingAPI"]
            customData = {
                bool newton_collision = 1
            }
        )
        {
            int[] faceVertexCounts = [3, 3, 3, 3, 3, 3, 3, 3, 3, 3, 3, 3]
            int[] faceVertexIndices = [1, 3, 0, 4, 1, 0, 0, 3, 2, 2, 4, 0, 1, 7, 3, 5, 1, 4, 5, 7, 1, 3, 7, 2, 6, 4, 2, 2, 7, 6, 6, 5, 4, 7, 5, 6]
            rel material:binding = </Looks/M_b7bfc4>
            point3f[] points = [(-0.021, -0.0135, -0.004), (-0.021, -0.0135, 0.004), (-0.021, 0.0135, -0.004), (-0.021, 0.0135, 0.004), (0.021, -0.0135, -0.004), (0.021, -0.0135, 0.004), (0.021, 0.0135, -0.004), (0.021, 0.0135, 0.004)]
            color3f[] primvars:displayColor = [(0.72, 0.75, 0.77)]
            uniform token subdivisionScheme = "none"
        }

        def Mesh "top_ridge" (
            prepend apiSchemas = ["MaterialBindingAPI"]
            customData = {
                bool newton_collision = 0
            }
        )
        {
            int[] faceVertexCounts = [3, 3, 3, 3, 3, 3, 3, 3, 3, 3, 3, 3]
            int[] faceVertexIndices = [1, 3, 0, 4, 1, 0, 0, 3, 2, 2, 4, 0, 1, 7, 3, 5, 1, 4, 5, 7, 1, 3, 7, 2, 6, 4, 2, 2, 7, 6, 6, 5, 4, 7, 5, 6]
            rel material:binding = </Looks/M_b7bfc4>
            point3f[] points = [(-0.0215, -0.013, 0.004), (-0.0215, -0.013, 0.006), (-0.0215, -0.011, 0.004), (-0.0215, -0.011, 0.006), (0.0215, -0.013, 0.004), (0.0215, -0.013, 0.006), (0.0215, -0.011, 0.004), (0.0215, -0.011, 0.006)]
            color3f[] primvars:displayColor = [(0.72, 0.75, 0.77)]
            uniform token subdivisionScheme = "none"
        }

        def Mesh "rear_ridge" (
            prepend apiSchemas = ["MaterialBindingAPI"]
            customData = {
                bool newton_collision = 0
            }
        )
        {
            int[] faceVertexCounts = [3, 3, 3, 3, 3, 3, 3, 3, 3, 3, 3, 3]
            int[] faceVertexIndices = [1, 3, 0, 4, 1, 0, 0, 3, 2, 2, 4, 0, 1, 7, 3, 5, 1, 4, 5, 7, 1, 3, 7, 2, 6, 4, 2, 2, 7, 6, 6, 5, 4, 7, 5, 6]
            rel material:binding = </Looks/M_b7bfc4>
            point3f[] points = [(-0.0215, 0.011, 0.004), (-0.0215, 0.011, 0.006), (-0.0215, 0.013, 0.004), (-0.0215, 0.013, 0.006), (0.0215, 0.011, 0.004), (0.0215, 0.011, 0.006), (0.0215, 0.013, 0.004), (0.0215, 0.013, 0.006)]
            color3f[] primvars:displayColor = [(0.72, 0.75, 0.77)]
            uniform token subdivisionScheme = "none"
        }

        def Mesh "blue_wire_support" (
            prepend apiSchemas = ["MaterialBindingAPI"]
            customData = {
                bool newton_collision = 0
            }
        )
        {
            int[] faceVertexCounts = [3, 3, 3, 3, 3, 3, 3, 3, 3, 3, 3, 3]
            int[] faceVertexIndices = [1, 3, 0, 4, 1, 0, 0, 3, 2, 2, 4, 0, 1, 7, 3, 5, 1, 4, 5, 7, 1, 3, 7, 2, 6, 4, 2, 2, 7, 6, 6, 5, 4, 7, 5, 6]
            rel material:binding = </Looks/M_0b309e>
            point3f[] points = [(-0.01, 0.006, 0.004), (-0.01, 0.006, 0.011), (-0.01, 0.012, 0.004), (-0.01, 0.012, 0.011), (0.01, 0.006, 0.004), (0.01, 0.006, 0.011), (0.01, 0.012, 0.004), (0.01, 0.012, 0.011)]
            color3f[] primvars:displayColor = [(0.045, 0.19, 0.62)]
            uniform token subdivisionScheme = "none"
        }

        def Mesh "end_key_m1" (
            prepend apiSchemas = ["MaterialBindingAPI"]
            customData = {
                bool newton_collision = 1
            }
        )
        {
            int[] faceVertexCounts = [3, 3, 3, 3, 3, 3, 3, 3, 3, 3, 3, 3]
            int[] faceVertexIndices = [1, 3, 0, 4, 1, 0, 0, 3, 2, 2, 4, 0, 1, 7, 3, 5, 1, 4, 5, 7, 1, 3, 7, 2, 6, 4, 2, 2, 7, 6, 6, 5, 4, 7, 5, 6]
            rel material:binding = </Looks/M_b7bfc4>
            point3f[] points = [(-0.022, -0.0075, -0.002), (-0.022, -0.0075, 0.002), (-0.022, 0.0075, -0.002), (-0.022, 0.0075, 0.002), (-0.021, -0.0075, -0.002), (-0.021, -0.0075, 0.002), (-0.021, 0.0075, -0.002), (-0.021, 0.0075, 0.002)]
            color3f[] primvars:displayColor = [(0.72, 0.75, 0.77)]
            uniform token subdivisionScheme = "none"
        }

        def Mesh "grip_ear_m1" (
            prepend apiSchemas = ["MaterialBindingAPI"]
            customData = {
                bool newton_collision = 0
            }
        )
        {
            int[] faceVertexCounts = [3, 3, 3, 3, 3, 3, 3, 3, 3, 3, 3, 3]
            int[] faceVertexIndices = [1, 3, 0, 4, 1, 0, 0, 3, 2, 2, 4, 0, 1, 7, 3, 5, 1, 4, 5, 7, 1, 3, 7, 2, 6, 4, 2, 2, 7, 6, 6, 5, 4, 7, 5, 6]
            rel material:binding = </Looks/M_b7bfc4>
            point3f[] points = [(-0.0235, -0.003, 0.004), (-0.0235, -0.003, 0.006), (-0.0235, 0.003, 0.004), (-0.0235, 0.003, 0.006), (-0.0205, -0.003, 0.004), (-0.0205, -0.003, 0.006), (-0.0205, 0.003, 0.004), (-0.0205, 0.003, 0.006)]
            color3f[] primvars:displayColor = [(0.72, 0.75, 0.77)]
            uniform token subdivisionScheme = "none"
        }

        def Mesh "end_key_1" (
            prepend apiSchemas = ["MaterialBindingAPI"]
            customData = {
                bool newton_collision = 1
            }
        )
        {
            int[] faceVertexCounts = [3, 3, 3, 3, 3, 3, 3, 3, 3, 3, 3, 3]
            int[] faceVertexIndices = [1, 3, 0, 4, 1, 0, 0, 3, 2, 2, 4, 0, 1, 7, 3, 5, 1, 4, 5, 7, 1, 3, 7, 2, 6, 4, 2, 2, 7, 6, 6, 5, 4, 7, 5, 6]
            rel material:binding = </Looks/M_b7bfc4>
            point3f[] points = [(0.021, -0.0075, -0.002), (0.021, -0.0075, 0.002), (0.021, 0.0075, -0.002), (0.021, 0.0075, 0.002), (0.022, -0.0075, -0.002), (0.022, -0.0075, 0.002), (0.022, 0.0075, -0.002), (0.022, 0.0075, 0.002)]
            color3f[] primvars:displayColor = [(0.72, 0.75, 0.77)]
            uniform token subdivisionScheme = "none"
        }

        def Mesh "grip_ear_1" (
            prepend apiSchemas = ["MaterialBindingAPI"]
            customData = {
                bool newton_collision = 0
            }
        )
        {
            int[] faceVertexCounts = [3, 3, 3, 3, 3, 3, 3, 3, 3, 3, 3, 3]
            int[] faceVertexIndices = [1, 3, 0, 4, 1, 0, 0, 3, 2, 2, 4, 0, 1, 7, 3, 5, 1, 4, 5, 7, 1, 3, 7, 2, 6, 4, 2, 2, 7, 6, 6, 5, 4, 7, 5, 6]
            rel material:binding = </Looks/M_b7bfc4>
            point3f[] points = [(0.0205, -0.003, 0.004), (0.0205, -0.003, 0.006), (0.0205, 0.003, 0.004), (0.0205, 0.003, 0.006), (0.0235, -0.003, 0.004), (0.0235, -0.003, 0.006), (0.0235, 0.003, 0.004), (0.0235, 0.003, 0.006)]
            color3f[] primvars:displayColor = [(0.72, 0.75, 0.77)]
            uniform token subdivisionScheme = "none"
        }

        def Mesh "contact_recess_00" (
            prepend apiSchemas = ["MaterialBindingAPI"]
            customData = {
                bool newton_collision = 0
            }
        )
        {
            int[] faceVertexCounts = [3, 3, 3, 3, 3, 3, 3, 3, 3, 3, 3, 3]
            int[] faceVertexIndices = [1, 3, 0, 4, 1, 0, 0, 3, 2, 2, 4, 0, 1, 7, 3, 5, 1, 4, 5, 7, 1, 3, 7, 2, 6, 4, 2, 2, 7, 6, 6, 5, 4, 7, 5, 6]
            rel material:binding = </Looks/M_18191c>
            point3f[] points = [(-0.0177, -0.005, 0.00405), (-0.0177, -0.005, 0.00425), (-0.0177, -0.001, 0.00405), (-0.0177, -0.001, 0.00425), (-0.0165, -0.005, 0.00405), (-0.0165, -0.005, 0.00425), (-0.0165, -0.001, 0.00405), (-0.0165, -0.001, 0.00425)]
            color3f[] primvars:displayColor = [(0.095, 0.1, 0.11)]
            uniform token subdivisionScheme = "none"
        }

        def Mesh "contact_tip_00" (
            prepend apiSchemas = ["MaterialBindingAPI"]
            customData = {
                bool newton_collision = 0
            }
        )
        {
            int[] faceVertexCounts = [3, 3, 3, 3, 3, 3, 3, 3, 3, 3, 3, 3]
            int[] faceVertexIndices = [1, 3, 0, 4, 1, 0, 0, 3, 2, 2, 4, 0, 1, 7, 3, 5, 1, 4, 5, 7, 1, 3, 7, 2, 6, 4, 2, 2, 7, 6, 6, 5, 4, 7, 5, 6]
            rel material:binding = </Looks/M_99844c>
            point3f[] points = [(-0.017375, -0.004, 0.00419), (-0.017375, -0.004, 0.00441), (-0.017375, -0.002, 0.00419), (-0.017375, -0.002, 0.00441), (-0.016825, -0.004, 0.00419), (-0.016825, -0.004, 0.00441), (-0.016825, -0.002, 0.00419), (-0.016825, -0.002, 0.00441)]
            color3f[] primvars:displayColor = [(0.6, 0.52, 0.3)]
            uniform token subdivisionScheme = "none"
        }

        def Mesh "contact_recess_01" (
            prepend apiSchemas = ["MaterialBindingAPI"]
            customData = {
                bool newton_collision = 0
            }
        )
        {
            int[] faceVertexCounts = [3, 3, 3, 3, 3, 3, 3, 3, 3, 3, 3, 3]
            int[] faceVertexIndices = [1, 3, 0, 4, 1, 0, 0, 3, 2, 2, 4, 0, 1, 7, 3, 5, 1, 4, 5, 7, 1, 3, 7, 2, 6, 4, 2, 2, 7, 6, 6, 5, 4, 7, 5, 6]
            rel material:binding = </Looks/M_18191c>
            point3f[] points = [(-0.0159, -0.005, 0.00405), (-0.0159, -0.005, 0.00425), (-0.0159, -0.001, 0.00405), (-0.0159, -0.001, 0.00425), (-0.0147, -0.005, 0.00405), (-0.0147, -0.005, 0.00425), (-0.0147, -0.001, 0.00405), (-0.0147, -0.001, 0.00425)]
            color3f[] primvars:displayColor = [(0.095, 0.1, 0.11)]
            uniform token subdivisionScheme = "none"
        }

        def Mesh "contact_tip_01" (
            prepend apiSchemas = ["MaterialBindingAPI"]
            customData = {
                bool newton_collision = 0
            }
        )
        {
            int[] faceVertexCounts = [3, 3, 3, 3, 3, 3, 3, 3, 3, 3, 3, 3]
            int[] faceVertexIndices = [1, 3, 0, 4, 1, 0, 0, 3, 2, 2, 4, 0, 1, 7, 3, 5, 1, 4, 5, 7, 1, 3, 7, 2, 6, 4, 2, 2, 7, 6, 6, 5, 4, 7, 5, 6]
            rel material:binding = </Looks/M_99844c>
            point3f[] points = [(-0.015575, -0.004, 0.00419), (-0.015575, -0.004, 0.00441), (-0.015575, -0.002, 0.00419), (-0.015575, -0.002, 0.00441), (-0.015025, -0.004, 0.00419), (-0.015025, -0.004, 0.00441), (-0.015025, -0.002, 0.00419), (-0.015025, -0.002, 0.00441)]
            color3f[] primvars:displayColor = [(0.6, 0.52, 0.3)]
            uniform token subdivisionScheme = "none"
        }

        def Mesh "contact_recess_02" (
            prepend apiSchemas = ["MaterialBindingAPI"]
            customData = {
                bool newton_collision = 0
            }
        )
        {
            int[] faceVertexCounts = [3, 3, 3, 3, 3, 3, 3, 3, 3, 3, 3, 3]
            int[] faceVertexIndices = [1, 3, 0, 4, 1, 0, 0, 3, 2, 2, 4, 0, 1, 7, 3, 5, 1, 4, 5, 7, 1, 3, 7, 2, 6, 4, 2, 2, 7, 6, 6, 5, 4, 7, 5, 6]
            rel material:binding = </Looks/M_18191c>
            point3f[] points = [(-0.0141, -0.005, 0.00405), (-0.0141, -0.005, 0.00425), (-0.0141, -0.001, 0.00405), (-0.0141, -0.001, 0.00425), (-0.0129, -0.005, 0.00405), (-0.0129, -0.005, 0.00425), (-0.0129, -0.001, 0.00405), (-0.0129, -0.001, 0.00425)]
            color3f[] primvars:displayColor = [(0.095, 0.1, 0.11)]
            uniform token subdivisionScheme = "none"
        }

        def Mesh "contact_tip_02" (
            prepend apiSchemas = ["MaterialBindingAPI"]
            customData = {
                bool newton_collision = 0
            }
        )
        {
            int[] faceVertexCounts = [3, 3, 3, 3, 3, 3, 3, 3, 3, 3, 3, 3]
            int[] faceVertexIndices = [1, 3, 0, 4, 1, 0, 0, 3, 2, 2, 4, 0, 1, 7, 3, 5, 1, 4, 5, 7, 1, 3, 7, 2, 6, 4, 2, 2, 7, 6, 6, 5, 4, 7, 5, 6]
            rel material:binding = </Looks/M_99844c>
            point3f[] points = [(-0.013775, -0.004, 0.00419), (-0.013775, -0.004, 0.00441), (-0.013775, -0.002, 0.00419), (-0.013775, -0.002, 0.00441), (-0.013225, -0.004, 0.00419), (-0.013225, -0.004, 0.00441), (-0.013225, -0.002, 0.00419), (-0.013225, -0.002, 0.00441)]
            color3f[] primvars:displayColor = [(0.6, 0.52, 0.3)]
            uniform token subdivisionScheme = "none"
        }

        def Mesh "contact_recess_03" (
            prepend apiSchemas = ["MaterialBindingAPI"]
            customData = {
                bool newton_collision = 0
            }
        )
        {
            int[] faceVertexCounts = [3, 3, 3, 3, 3, 3, 3, 3, 3, 3, 3, 3]
            int[] faceVertexIndices = [1, 3, 0, 4, 1, 0, 0, 3, 2, 2, 4, 0, 1, 7, 3, 5, 1, 4, 5, 7, 1, 3, 7, 2, 6, 4, 2, 2, 7, 6, 6, 5, 4, 7, 5, 6]
            rel material:binding = </Looks/M_18191c>
            point3f[] points = [(-0.0123, -0.005, 0.00405), (-0.0123, -0.005, 0.00425), (-0.0123, -0.001, 0.00405), (-0.0123, -0.001, 0.00425), (-0.0111, -0.005, 0.00405), (-0.0111, -0.005, 0.00425), (-0.0111, -0.001, 0.00405), (-0.0111, -0.001, 0.00425)]
            color3f[] primvars:displayColor = [(0.095, 0.1, 0.11)]
            uniform token subdivisionScheme = "none"
        }

        def Mesh "contact_tip_03" (
            prepend apiSchemas = ["MaterialBindingAPI"]
            customData = {
                bool newton_collision = 0
            }
        )
        {
            int[] faceVertexCounts = [3, 3, 3, 3, 3, 3, 3, 3, 3, 3, 3, 3]
            int[] faceVertexIndices = [1, 3, 0, 4, 1, 0, 0, 3, 2, 2, 4, 0, 1, 7, 3, 5, 1, 4, 5, 7, 1, 3, 7, 2, 6, 4, 2, 2, 7, 6, 6, 5, 4, 7, 5, 6]
            rel material:binding = </Looks/M_99844c>
            point3f[] points = [(-0.011975, -0.004, 0.00419), (-0.011975, -0.004, 0.00441), (-0.011975, -0.002, 0.00419), (-0.011975, -0.002, 0.00441), (-0.011425, -0.004, 0.00419), (-0.011425, -0.004, 0.00441), (-0.011425, -0.002, 0.00419), (-0.011425, -0.002, 0.00441)]
            color3f[] primvars:displayColor = [(0.6, 0.52, 0.3)]
            uniform token subdivisionScheme = "none"
        }

        def Mesh "contact_recess_04" (
            prepend apiSchemas = ["MaterialBindingAPI"]
            customData = {
                bool newton_collision = 0
            }
        )
        {
            int[] faceVertexCounts = [3, 3, 3, 3, 3, 3, 3, 3, 3, 3, 3, 3]
            int[] faceVertexIndices = [1, 3, 0, 4, 1, 0, 0, 3, 2, 2, 4, 0, 1, 7, 3, 5, 1, 4, 5, 7, 1, 3, 7, 2, 6, 4, 2, 2, 7, 6, 6, 5, 4, 7, 5, 6]
            rel material:binding = </Looks/M_18191c>
            point3f[] points = [(-0.0105, -0.005, 0.00405), (-0.0105, -0.005, 0.00425), (-0.0105, -0.001, 0.00405), (-0.0105, -0.001, 0.00425), (-0.0093, -0.005, 0.00405), (-0.0093, -0.005, 0.00425), (-0.0093, -0.001, 0.00405), (-0.0093, -0.001, 0.00425)]
            color3f[] primvars:displayColor = [(0.095, 0.1, 0.11)]
            uniform token subdivisionScheme = "none"
        }

        def Mesh "contact_tip_04" (
            prepend apiSchemas = ["MaterialBindingAPI"]
            customData = {
                bool newton_collision = 0
            }
        )
        {
            int[] faceVertexCounts = [3, 3, 3, 3, 3, 3, 3, 3, 3, 3, 3, 3]
            int[] faceVertexIndices = [1, 3, 0, 4, 1, 0, 0, 3, 2, 2, 4, 0, 1, 7, 3, 5, 1, 4, 5, 7, 1, 3, 7, 2, 6, 4, 2, 2, 7, 6, 6, 5, 4, 7, 5, 6]
            rel material:binding = </Looks/M_99844c>
            point3f[] points = [(-0.010175, -0.004, 0.00419), (-0.010175, -0.004, 0.00441), (-0.010175, -0.002, 0.00419), (-0.010175, -0.002, 0.00441), (-0.009625, -0.004, 0.00419), (-0.009625, -0.004, 0.00441), (-0.009625, -0.002, 0.00419), (-0.009625, -0.002, 0.00441)]
            color3f[] primvars:displayColor = [(0.6, 0.52, 0.3)]
            uniform token subdivisionScheme = "none"
        }

        def Mesh "contact_recess_05" (
            prepend apiSchemas = ["MaterialBindingAPI"]
            customData = {
                bool newton_collision = 0
            }
        )
        {
            int[] faceVertexCounts = [3, 3, 3, 3, 3, 3, 3, 3, 3, 3, 3, 3]
            int[] faceVertexIndices = [1, 3, 0, 4, 1, 0, 0, 3, 2, 2, 4, 0, 1, 7, 3, 5, 1, 4, 5, 7, 1, 3, 7, 2, 6, 4, 2, 2, 7, 6, 6, 5, 4, 7, 5, 6]
            rel material:binding = </Looks/M_18191c>
            point3f[] points = [(-0.0087, -0.005, 0.00405), (-0.0087, -0.005, 0.00425), (-0.0087, -0.001, 0.00405), (-0.0087, -0.001, 0.00425), (-0.0075, -0.005, 0.00405), (-0.0075, -0.005, 0.00425), (-0.0075, -0.001, 0.00405), (-0.0075, -0.001, 0.00425)]
            color3f[] primvars:displayColor = [(0.095, 0.1, 0.11)]
            uniform token subdivisionScheme = "none"
        }

        def Mesh "contact_tip_05" (
            prepend apiSchemas = ["MaterialBindingAPI"]
            customData = {
                bool newton_collision = 0
            }
        )
        {
            int[] faceVertexCounts = [3, 3, 3, 3, 3, 3, 3, 3, 3, 3, 3, 3]
            int[] faceVertexIndices = [1, 3, 0, 4, 1, 0, 0, 3, 2, 2, 4, 0, 1, 7, 3, 5, 1, 4, 5, 7, 1, 3, 7, 2, 6, 4, 2, 2, 7, 6, 6, 5, 4, 7, 5, 6]
            rel material:binding = </Looks/M_99844c>
            point3f[] points = [(-0.008375, -0.004, 0.00419), (-0.008375, -0.004, 0.00441), (-0.008375, -0.002, 0.00419), (-0.008375, -0.002, 0.00441), (-0.007825, -0.004, 0.00419), (-0.007825, -0.004, 0.00441), (-0.007825, -0.002, 0.00419), (-0.007825, -0.002, 0.00441)]
            color3f[] primvars:displayColor = [(0.6, 0.52, 0.3)]
            uniform token subdivisionScheme = "none"
        }

        def Mesh "contact_recess_06" (
            prepend apiSchemas = ["MaterialBindingAPI"]
            customData = {
                bool newton_collision = 0
            }
        )
        {
            int[] faceVertexCounts = [3, 3, 3, 3, 3, 3, 3, 3, 3, 3, 3, 3]
            int[] faceVertexIndices = [1, 3, 0, 4, 1, 0, 0, 3, 2, 2, 4, 0, 1, 7, 3, 5, 1, 4, 5, 7, 1, 3, 7, 2, 6, 4, 2, 2, 7, 6, 6, 5, 4, 7, 5, 6]
            rel material:binding = </Looks/M_18191c>
            point3f[] points = [(-0.0069, -0.005, 0.00405), (-0.0069, -0.005, 0.00425), (-0.0069, -0.001, 0.00405), (-0.0069, -0.001, 0.00425), (-0.0057, -0.005, 0.00405), (-0.0057, -0.005, 0.00425), (-0.0057, -0.001, 0.00405), (-0.0057, -0.001, 0.00425)]
            color3f[] primvars:displayColor = [(0.095, 0.1, 0.11)]
            uniform token subdivisionScheme = "none"
        }

        def Mesh "contact_tip_06" (
            prepend apiSchemas = ["MaterialBindingAPI"]
            customData = {
                bool newton_collision = 0
            }
        )
        {
            int[] faceVertexCounts = [3, 3, 3, 3, 3, 3, 3, 3, 3, 3, 3, 3]
            int[] faceVertexIndices = [1, 3, 0, 4, 1, 0, 0, 3, 2, 2, 4, 0, 1, 7, 3, 5, 1, 4, 5, 7, 1, 3, 7, 2, 6, 4, 2, 2, 7, 6, 6, 5, 4, 7, 5, 6]
            rel material:binding = </Looks/M_99844c>
            point3f[] points = [(-0.006575, -0.004, 0.00419), (-0.006575, -0.004, 0.00441), (-0.006575, -0.002, 0.00419), (-0.006575, -0.002, 0.00441), (-0.006025, -0.004, 0.00419), (-0.006025, -0.004, 0.00441), (-0.006025, -0.002, 0.00419), (-0.006025, -0.002, 0.00441)]
            color3f[] primvars:displayColor = [(0.6, 0.52, 0.3)]
            uniform token subdivisionScheme = "none"
        }

        def Mesh "contact_recess_07" (
            prepend apiSchemas = ["MaterialBindingAPI"]
            customData = {
                bool newton_collision = 0
            }
        )
        {
            int[] faceVertexCounts = [3, 3, 3, 3, 3, 3, 3, 3, 3, 3, 3, 3]
            int[] faceVertexIndices = [1, 3, 0, 4, 1, 0, 0, 3, 2, 2, 4, 0, 1, 7, 3, 5, 1, 4, 5, 7, 1, 3, 7, 2, 6, 4, 2, 2, 7, 6, 6, 5, 4, 7, 5, 6]
            rel material:binding = </Looks/M_18191c>
            point3f[] points = [(-0.0051, -0.005, 0.00405), (-0.0051, -0.005, 0.00425), (-0.0051, -0.001, 0.00405), (-0.0051, -0.001, 0.00425), (-0.0039, -0.005, 0.00405), (-0.0039, -0.005, 0.00425), (-0.0039, -0.001, 0.00405), (-0.0039, -0.001, 0.00425)]
            color3f[] primvars:displayColor = [(0.095, 0.1, 0.11)]
            uniform token subdivisionScheme = "none"
        }

        def Mesh "contact_tip_07" (
            prepend apiSchemas = ["MaterialBindingAPI"]
            customData = {
                bool newton_collision = 0
            }
        )
        {
            int[] faceVertexCounts = [3, 3, 3, 3, 3, 3, 3, 3, 3, 3, 3, 3]
            int[] faceVertexIndices = [1, 3, 0, 4, 1, 0, 0, 3, 2, 2, 4, 0, 1, 7, 3, 5, 1, 4, 5, 7, 1, 3, 7, 2, 6, 4, 2, 2, 7, 6, 6, 5, 4, 7, 5, 6]
            rel material:binding = </Looks/M_99844c>
            point3f[] points = [(-0.004775, -0.004, 0.00419), (-0.004775, -0.004, 0.00441), (-0.004775, -0.002, 0.00419), (-0.004775, -0.002, 0.00441), (-0.004225, -0.004, 0.00419), (-0.004225, -0.004, 0.00441), (-0.004225, -0.002, 0.00419), (-0.004225, -0.002, 0.00441)]
            color3f[] primvars:displayColor = [(0.6, 0.52, 0.3)]
            uniform token subdivisionScheme = "none"
        }

        def Mesh "contact_recess_08" (
            prepend apiSchemas = ["MaterialBindingAPI"]
            customData = {
                bool newton_collision = 0
            }
        )
        {
            int[] faceVertexCounts = [3, 3, 3, 3, 3, 3, 3, 3, 3, 3, 3, 3]
            int[] faceVertexIndices = [1, 3, 0, 4, 1, 0, 0, 3, 2, 2, 4, 0, 1, 7, 3, 5, 1, 4, 5, 7, 1, 3, 7, 2, 6, 4, 2, 2, 7, 6, 6, 5, 4, 7, 5, 6]
            rel material:binding = </Looks/M_18191c>
            point3f[] points = [(-0.0033, -0.005, 0.00405), (-0.0033, -0.005, 0.00425), (-0.0033, -0.001, 0.00405), (-0.0033, -0.001, 0.00425), (-0.0021, -0.005, 0.00405), (-0.0021, -0.005, 0.00425), (-0.0021, -0.001, 0.00405), (-0.0021, -0.001, 0.00425)]
            color3f[] primvars:displayColor = [(0.095, 0.1, 0.11)]
            uniform token subdivisionScheme = "none"
        }

        def Mesh "contact_tip_08" (
            prepend apiSchemas = ["MaterialBindingAPI"]
            customData = {
                bool newton_collision = 0
            }
        )
        {
            int[] faceVertexCounts = [3, 3, 3, 3, 3, 3, 3, 3, 3, 3, 3, 3]
            int[] faceVertexIndices = [1, 3, 0, 4, 1, 0, 0, 3, 2, 2, 4, 0, 1, 7, 3, 5, 1, 4, 5, 7, 1, 3, 7, 2, 6, 4, 2, 2, 7, 6, 6, 5, 4, 7, 5, 6]
            rel material:binding = </Looks/M_99844c>
            point3f[] points = [(-0.002975, -0.004, 0.00419), (-0.002975, -0.004, 0.00441), (-0.002975, -0.002, 0.00419), (-0.002975, -0.002, 0.00441), (-0.002425, -0.004, 0.00419), (-0.002425, -0.004, 0.00441), (-0.002425, -0.002, 0.00419), (-0.002425, -0.002, 0.00441)]
            color3f[] primvars:displayColor = [(0.6, 0.52, 0.3)]
            uniform token subdivisionScheme = "none"
        }

        def Mesh "contact_recess_09" (
            prepend apiSchemas = ["MaterialBindingAPI"]
            customData = {
                bool newton_collision = 0
            }
        )
        {
            int[] faceVertexCounts = [3, 3, 3, 3, 3, 3, 3, 3, 3, 3, 3, 3]
            int[] faceVertexIndices = [1, 3, 0, 4, 1, 0, 0, 3, 2, 2, 4, 0, 1, 7, 3, 5, 1, 4, 5, 7, 1, 3, 7, 2, 6, 4, 2, 2, 7, 6, 6, 5, 4, 7, 5, 6]
            rel material:binding = </Looks/M_18191c>
            point3f[] points = [(-0.0015, -0.005, 0.00405), (-0.0015, -0.005, 0.00425), (-0.0015, -0.001, 0.00405), (-0.0015, -0.001, 0.00425), (-0.0003, -0.005, 0.00405), (-0.0003, -0.005, 0.00425), (-0.0003, -0.001, 0.00405), (-0.0003, -0.001, 0.00425)]
            color3f[] primvars:displayColor = [(0.095, 0.1, 0.11)]
            uniform token subdivisionScheme = "none"
        }

        def Mesh "contact_tip_09" (
            prepend apiSchemas = ["MaterialBindingAPI"]
            customData = {
                bool newton_collision = 0
            }
        )
        {
            int[] faceVertexCounts = [3, 3, 3, 3, 3, 3, 3, 3, 3, 3, 3, 3]
            int[] faceVertexIndices = [1, 3, 0, 4, 1, 0, 0, 3, 2, 2, 4, 0, 1, 7, 3, 5, 1, 4, 5, 7, 1, 3, 7, 2, 6, 4, 2, 2, 7, 6, 6, 5, 4, 7, 5, 6]
            rel material:binding = </Looks/M_99844c>
            point3f[] points = [(-0.001175, -0.004, 0.00419), (-0.001175, -0.004, 0.00441), (-0.001175, -0.002, 0.00419), (-0.001175, -0.002, 0.00441), (-0.000625, -0.004, 0.00419), (-0.000625, -0.004, 0.00441), (-0.000625, -0.002, 0.00419), (-0.000625, -0.002, 0.00441)]
            color3f[] primvars:displayColor = [(0.6, 0.52, 0.3)]
            uniform token subdivisionScheme = "none"
        }

        def Mesh "contact_recess_10" (
            prepend apiSchemas = ["MaterialBindingAPI"]
            customData = {
                bool newton_collision = 0
            }
        )
        {
            int[] faceVertexCounts = [3, 3, 3, 3, 3, 3, 3, 3, 3, 3, 3, 3]
            int[] faceVertexIndices = [1, 3, 0, 4, 1, 0, 0, 3, 2, 2, 4, 0, 1, 7, 3, 5, 1, 4, 5, 7, 1, 3, 7, 2, 6, 4, 2, 2, 7, 6, 6, 5, 4, 7, 5, 6]
            rel material:binding = </Looks/M_18191c>
            point3f[] points = [(0.0003, -0.005, 0.00405), (0.0003, -0.005, 0.00425), (0.0003, -0.001, 0.00405), (0.0003, -0.001, 0.00425), (0.0015, -0.005, 0.00405), (0.0015, -0.005, 0.00425), (0.0015, -0.001, 0.00405), (0.0015, -0.001, 0.00425)]
            color3f[] primvars:displayColor = [(0.095, 0.1, 0.11)]
            uniform token subdivisionScheme = "none"
        }

        def Mesh "contact_tip_10" (
            prepend apiSchemas = ["MaterialBindingAPI"]
            customData = {
                bool newton_collision = 0
            }
        )
        {
            int[] faceVertexCounts = [3, 3, 3, 3, 3, 3, 3, 3, 3, 3, 3, 3]
            int[] faceVertexIndices = [1, 3, 0, 4, 1, 0, 0, 3, 2, 2, 4, 0, 1, 7, 3, 5, 1, 4, 5, 7, 1, 3, 7, 2, 6, 4, 2, 2, 7, 6, 6, 5, 4, 7, 5, 6]
            rel material:binding = </Looks/M_99844c>
            point3f[] points = [(0.000625, -0.004, 0.00419), (0.000625, -0.004, 0.00441), (0.000625, -0.002, 0.00419), (0.000625, -0.002, 0.00441), (0.001175, -0.004, 0.00419), (0.001175, -0.004, 0.00441), (0.001175, -0.002, 0.00419), (0.001175, -0.002, 0.00441)]
            color3f[] primvars:displayColor = [(0.6, 0.52, 0.3)]
            uniform token subdivisionScheme = "none"
        }

        def Mesh "contact_recess_11" (
            prepend apiSchemas = ["MaterialBindingAPI"]
            customData = {
                bool newton_collision = 0
            }
        )
        {
            int[] faceVertexCounts = [3, 3, 3, 3, 3, 3, 3, 3, 3, 3, 3, 3]
            int[] faceVertexIndices = [1, 3, 0, 4, 1, 0, 0, 3, 2, 2, 4, 0, 1, 7, 3, 5, 1, 4, 5, 7, 1, 3, 7, 2, 6, 4, 2, 2, 7, 6, 6, 5, 4, 7, 5, 6]
            rel material:binding = </Looks/M_18191c>
            point3f[] points = [(0.0021, -0.005, 0.00405), (0.0021, -0.005, 0.00425), (0.0021, -0.001, 0.00405), (0.0021, -0.001, 0.00425), (0.0033, -0.005, 0.00405), (0.0033, -0.005, 0.00425), (0.0033, -0.001, 0.00405), (0.0033, -0.001, 0.00425)]
            color3f[] primvars:displayColor = [(0.095, 0.1, 0.11)]
            uniform token subdivisionScheme = "none"
        }

        def Mesh "contact_tip_11" (
            prepend apiSchemas = ["MaterialBindingAPI"]
            customData = {
                bool newton_collision = 0
            }
        )
        {
            int[] faceVertexCounts = [3, 3, 3, 3, 3, 3, 3, 3, 3, 3, 3, 3]
            int[] faceVertexIndices = [1, 3, 0, 4, 1, 0, 0, 3, 2, 2, 4, 0, 1, 7, 3, 5, 1, 4, 5, 7, 1, 3, 7, 2, 6, 4, 2, 2, 7, 6, 6, 5, 4, 7, 5, 6]
            rel material:binding = </Looks/M_99844c>
            point3f[] points = [(0.002425, -0.004, 0.00419), (0.002425, -0.004, 0.00441), (0.002425, -0.002, 0.00419), (0.002425, -0.002, 0.00441), (0.002975, -0.004, 0.00419), (0.002975, -0.004, 0.00441), (0.002975, -0.002, 0.00419), (0.002975, -0.002, 0.00441)]
            color3f[] primvars:displayColor = [(0.6, 0.52, 0.3)]
            uniform token subdivisionScheme = "none"
        }

        def Mesh "contact_recess_12" (
            prepend apiSchemas = ["MaterialBindingAPI"]
            customData = {
                bool newton_collision = 0
            }
        )
        {
            int[] faceVertexCounts = [3, 3, 3, 3, 3, 3, 3, 3, 3, 3, 3, 3]
            int[] faceVertexIndices = [1, 3, 0, 4, 1, 0, 0, 3, 2, 2, 4, 0, 1, 7, 3, 5, 1, 4, 5, 7, 1, 3, 7, 2, 6, 4, 2, 2, 7, 6, 6, 5, 4, 7, 5, 6]
            rel material:binding = </Looks/M_18191c>
            point3f[] points = [(0.0039, -0.005, 0.00405), (0.0039, -0.005, 0.00425), (0.0039, -0.001, 0.00405), (0.0039, -0.001, 0.00425), (0.0051, -0.005, 0.00405), (0.0051, -0.005, 0.00425), (0.0051, -0.001, 0.00405), (0.0051, -0.001, 0.00425)]
            color3f[] primvars:displayColor = [(0.095, 0.1, 0.11)]
            uniform token subdivisionScheme = "none"
        }

        def Mesh "contact_tip_12" (
            prepend apiSchemas = ["MaterialBindingAPI"]
            customData = {
                bool newton_collision = 0
            }
        )
        {
            int[] faceVertexCounts = [3, 3, 3, 3, 3, 3, 3, 3, 3, 3, 3, 3]
            int[] faceVertexIndices = [1, 3, 0, 4, 1, 0, 0, 3, 2, 2, 4, 0, 1, 7, 3, 5, 1, 4, 5, 7, 1, 3, 7, 2, 6, 4, 2, 2, 7, 6, 6, 5, 4, 7, 5, 6]
            rel material:binding = </Looks/M_99844c>
            point3f[] points = [(0.004225, -0.004, 0.00419), (0.004225, -0.004, 0.00441), (0.004225, -0.002, 0.00419), (0.004225, -0.002, 0.00441), (0.004775, -0.004, 0.00419), (0.004775, -0.004, 0.00441), (0.004775, -0.002, 0.00419), (0.004775, -0.002, 0.00441)]
            color3f[] primvars:displayColor = [(0.6, 0.52, 0.3)]
            uniform token subdivisionScheme = "none"
        }

        def Mesh "contact_recess_13" (
            prepend apiSchemas = ["MaterialBindingAPI"]
            customData = {
                bool newton_collision = 0
            }
        )
        {
            int[] faceVertexCounts = [3, 3, 3, 3, 3, 3, 3, 3, 3, 3, 3, 3]
            int[] faceVertexIndices = [1, 3, 0, 4, 1, 0, 0, 3, 2, 2, 4, 0, 1, 7, 3, 5, 1, 4, 5, 7, 1, 3, 7, 2, 6, 4, 2, 2, 7, 6, 6, 5, 4, 7, 5, 6]
            rel material:binding = </Looks/M_18191c>
            point3f[] points = [(0.0057, -0.005, 0.00405), (0.0057, -0.005, 0.00425), (0.0057, -0.001, 0.00405), (0.0057, -0.001, 0.00425), (0.0069, -0.005, 0.00405), (0.0069, -0.005, 0.00425), (0.0069, -0.001, 0.00405), (0.0069, -0.001, 0.00425)]
            color3f[] primvars:displayColor = [(0.095, 0.1, 0.11)]
            uniform token subdivisionScheme = "none"
        }

        def Mesh "contact_tip_13" (
            prepend apiSchemas = ["MaterialBindingAPI"]
            customData = {
                bool newton_collision = 0
            }
        )
        {
            int[] faceVertexCounts = [3, 3, 3, 3, 3, 3, 3, 3, 3, 3, 3, 3]
            int[] faceVertexIndices = [1, 3, 0, 4, 1, 0, 0, 3, 2, 2, 4, 0, 1, 7, 3, 5, 1, 4, 5, 7, 1, 3, 7, 2, 6, 4, 2, 2, 7, 6, 6, 5, 4, 7, 5, 6]
            rel material:binding = </Looks/M_99844c>
            point3f[] points = [(0.006025, -0.004, 0.00419), (0.006025, -0.004, 0.00441), (0.006025, -0.002, 0.00419), (0.006025, -0.002, 0.00441), (0.006575, -0.004, 0.00419), (0.006575, -0.004, 0.00441), (0.006575, -0.002, 0.00419), (0.006575, -0.002, 0.00441)]
            color3f[] primvars:displayColor = [(0.6, 0.52, 0.3)]
            uniform token subdivisionScheme = "none"
        }

        def Mesh "contact_recess_14" (
            prepend apiSchemas = ["MaterialBindingAPI"]
            customData = {
                bool newton_collision = 0
            }
        )
        {
            int[] faceVertexCounts = [3, 3, 3, 3, 3, 3, 3, 3, 3, 3, 3, 3]
            int[] faceVertexIndices = [1, 3, 0, 4, 1, 0, 0, 3, 2, 2, 4, 0, 1, 7, 3, 5, 1, 4, 5, 7, 1, 3, 7, 2, 6, 4, 2, 2, 7, 6, 6, 5, 4, 7, 5, 6]
            rel material:binding = </Looks/M_18191c>
            point3f[] points = [(0.0075, -0.005, 0.00405), (0.0075, -0.005, 0.00425), (0.0075, -0.001, 0.00405), (0.0075, -0.001, 0.00425), (0.0087, -0.005, 0.00405), (0.0087, -0.005, 0.00425), (0.0087, -0.001, 0.00405), (0.0087, -0.001, 0.00425)]
            color3f[] primvars:displayColor = [(0.095, 0.1, 0.11)]
            uniform token subdivisionScheme = "none"
        }

        def Mesh "contact_tip_14" (
            prepend apiSchemas = ["MaterialBindingAPI"]
            customData = {
                bool newton_collision = 0
            }
        )
        {
            int[] faceVertexCounts = [3, 3, 3, 3, 3, 3, 3, 3, 3, 3, 3, 3]
            int[] faceVertexIndices = [1, 3, 0, 4, 1, 0, 0, 3, 2, 2, 4, 0, 1, 7, 3, 5, 1, 4, 5, 7, 1, 3, 7, 2, 6, 4, 2, 2, 7, 6, 6, 5, 4, 7, 5, 6]
            rel material:binding = </Looks/M_99844c>
            point3f[] points = [(0.007825, -0.004, 0.00419), (0.007825, -0.004, 0.00441), (0.007825, -0.002, 0.00419), (0.007825, -0.002, 0.00441), (0.008375, -0.004, 0.00419), (0.008375, -0.004, 0.00441), (0.008375, -0.002, 0.00419), (0.008375, -0.002, 0.00441)]
            color3f[] primvars:displayColor = [(0.6, 0.52, 0.3)]
            uniform token subdivisionScheme = "none"
        }

        def Mesh "contact_recess_15" (
            prepend apiSchemas = ["MaterialBindingAPI"]
            customData = {
                bool newton_collision = 0
            }
        )
        {
            int[] faceVertexCounts = [3, 3, 3, 3, 3, 3, 3, 3, 3, 3, 3, 3]
            int[] faceVertexIndices = [1, 3, 0, 4, 1, 0, 0, 3, 2, 2, 4, 0, 1, 7, 3, 5, 1, 4, 5, 7, 1, 3, 7, 2, 6, 4, 2, 2, 7, 6, 6, 5, 4, 7, 5, 6]
            rel material:binding = </Looks/M_18191c>
            point3f[] points = [(0.0093, -0.005, 0.00405), (0.0093, -0.005, 0.00425), (0.0093, -0.001, 0.00405), (0.0093, -0.001, 0.00425), (0.0105, -0.005, 0.00405), (0.0105, -0.005, 0.00425), (0.0105, -0.001, 0.00405), (0.0105, -0.001, 0.00425)]
            color3f[] primvars:displayColor = [(0.095, 0.1, 0.11)]
            uniform token subdivisionScheme = "none"
        }

        def Mesh "contact_tip_15" (
            prepend apiSchemas = ["MaterialBindingAPI"]
            customData = {
                bool newton_collision = 0
            }
        )
        {
            int[] faceVertexCounts = [3, 3, 3, 3, 3, 3, 3, 3, 3, 3, 3, 3]
            int[] faceVertexIndices = [1, 3, 0, 4, 1, 0, 0, 3, 2, 2, 4, 0, 1, 7, 3, 5, 1, 4, 5, 7, 1, 3, 7, 2, 6, 4, 2, 2, 7, 6, 6, 5, 4, 7, 5, 6]
            rel material:binding = </Looks/M_99844c>
            point3f[] points = [(0.009625, -0.004, 0.00419), (0.009625, -0.004, 0.00441), (0.009625, -0.002, 0.00419), (0.009625, -0.002, 0.00441), (0.010175, -0.004, 0.00419), (0.010175, -0.004, 0.00441), (0.010175, -0.002, 0.00419), (0.010175, -0.002, 0.00441)]
            color3f[] primvars:displayColor = [(0.6, 0.52, 0.3)]
            uniform token subdivisionScheme = "none"
        }

        def Mesh "contact_recess_16" (
            prepend apiSchemas = ["MaterialBindingAPI"]
            customData = {
                bool newton_collision = 0
            }
        )
        {
            int[] faceVertexCounts = [3, 3, 3, 3, 3, 3, 3, 3, 3, 3, 3, 3]
            int[] faceVertexIndices = [1, 3, 0, 4, 1, 0, 0, 3, 2, 2, 4, 0, 1, 7, 3, 5, 1, 4, 5, 7, 1, 3, 7, 2, 6, 4, 2, 2, 7, 6, 6, 5, 4, 7, 5, 6]
            rel material:binding = </Looks/M_18191c>
            point3f[] points = [(0.0111, -0.005, 0.00405), (0.0111, -0.005, 0.00425), (0.0111, -0.001, 0.00405), (0.0111, -0.001, 0.00425), (0.0123, -0.005, 0.00405), (0.0123, -0.005, 0.00425), (0.0123, -0.001, 0.00405), (0.0123, -0.001, 0.00425)]
            color3f[] primvars:displayColor = [(0.095, 0.1, 0.11)]
            uniform token subdivisionScheme = "none"
        }

        def Mesh "contact_tip_16" (
            prepend apiSchemas = ["MaterialBindingAPI"]
            customData = {
                bool newton_collision = 0
            }
        )
        {
            int[] faceVertexCounts = [3, 3, 3, 3, 3, 3, 3, 3, 3, 3, 3, 3]
            int[] faceVertexIndices = [1, 3, 0, 4, 1, 0, 0, 3, 2, 2, 4, 0, 1, 7, 3, 5, 1, 4, 5, 7, 1, 3, 7, 2, 6, 4, 2, 2, 7, 6, 6, 5, 4, 7, 5, 6]
            rel material:binding = </Looks/M_99844c>
            point3f[] points = [(0.011425, -0.004, 0.00419), (0.011425, -0.004, 0.00441), (0.011425, -0.002, 0.00419), (0.011425, -0.002, 0.00441), (0.011975, -0.004, 0.00419), (0.011975, -0.004, 0.00441), (0.011975, -0.002, 0.00419), (0.011975, -0.002, 0.00441)]
            color3f[] primvars:displayColor = [(0.6, 0.52, 0.3)]
            uniform token subdivisionScheme = "none"
        }

        def Mesh "contact_recess_17" (
            prepend apiSchemas = ["MaterialBindingAPI"]
            customData = {
                bool newton_collision = 0
            }
        )
        {
            int[] faceVertexCounts = [3, 3, 3, 3, 3, 3, 3, 3, 3, 3, 3, 3]
            int[] faceVertexIndices = [1, 3, 0, 4, 1, 0, 0, 3, 2, 2, 4, 0, 1, 7, 3, 5, 1, 4, 5, 7, 1, 3, 7, 2, 6, 4, 2, 2, 7, 6, 6, 5, 4, 7, 5, 6]
            rel material:binding = </Looks/M_18191c>
            point3f[] points = [(0.0129, -0.005, 0.00405), (0.0129, -0.005, 0.00425), (0.0129, -0.001, 0.00405), (0.0129, -0.001, 0.00425), (0.0141, -0.005, 0.00405), (0.0141, -0.005, 0.00425), (0.0141, -0.001, 0.00405), (0.0141, -0.001, 0.00425)]
            color3f[] primvars:displayColor = [(0.095, 0.1, 0.11)]
            uniform token subdivisionScheme = "none"
        }

        def Mesh "contact_tip_17" (
            prepend apiSchemas = ["MaterialBindingAPI"]
            customData = {
                bool newton_collision = 0
            }
        )
        {
            int[] faceVertexCounts = [3, 3, 3, 3, 3, 3, 3, 3, 3, 3, 3, 3]
            int[] faceVertexIndices = [1, 3, 0, 4, 1, 0, 0, 3, 2, 2, 4, 0, 1, 7, 3, 5, 1, 4, 5, 7, 1, 3, 7, 2, 6, 4, 2, 2, 7, 6, 6, 5, 4, 7, 5, 6]
            rel material:binding = </Looks/M_99844c>
            point3f[] points = [(0.013225, -0.004, 0.00419), (0.013225, -0.004, 0.00441), (0.013225, -0.002, 0.00419), (0.013225, -0.002, 0.00441), (0.013775, -0.004, 0.00419), (0.013775, -0.004, 0.00441), (0.013775, -0.002, 0.00419), (0.013775, -0.002, 0.00441)]
            color3f[] primvars:displayColor = [(0.6, 0.52, 0.3)]
            uniform token subdivisionScheme = "none"
        }

        def Mesh "contact_recess_18" (
            prepend apiSchemas = ["MaterialBindingAPI"]
            customData = {
                bool newton_collision = 0
            }
        )
        {
            int[] faceVertexCounts = [3, 3, 3, 3, 3, 3, 3, 3, 3, 3, 3, 3]
            int[] faceVertexIndices = [1, 3, 0, 4, 1, 0, 0, 3, 2, 2, 4, 0, 1, 7, 3, 5, 1, 4, 5, 7, 1, 3, 7, 2, 6, 4, 2, 2, 7, 6, 6, 5, 4, 7, 5, 6]
            rel material:binding = </Looks/M_18191c>
            point3f[] points = [(0.0147, -0.005, 0.00405), (0.0147, -0.005, 0.00425), (0.0147, -0.001, 0.00405), (0.0147, -0.001, 0.00425), (0.0159, -0.005, 0.00405), (0.0159, -0.005, 0.00425), (0.0159, -0.001, 0.00405), (0.0159, -0.001, 0.00425)]
            color3f[] primvars:displayColor = [(0.095, 0.1, 0.11)]
            uniform token subdivisionScheme = "none"
        }

        def Mesh "contact_tip_18" (
            prepend apiSchemas = ["MaterialBindingAPI"]
            customData = {
                bool newton_collision = 0
            }
        )
        {
            int[] faceVertexCounts = [3, 3, 3, 3, 3, 3, 3, 3, 3, 3, 3, 3]
            int[] faceVertexIndices = [1, 3, 0, 4, 1, 0, 0, 3, 2, 2, 4, 0, 1, 7, 3, 5, 1, 4, 5, 7, 1, 3, 7, 2, 6, 4, 2, 2, 7, 6, 6, 5, 4, 7, 5, 6]
            rel material:binding = </Looks/M_99844c>
            point3f[] points = [(0.015025, -0.004, 0.00419), (0.015025, -0.004, 0.00441), (0.015025, -0.002, 0.00419), (0.015025, -0.002, 0.00441), (0.015575, -0.004, 0.00419), (0.015575, -0.004, 0.00441), (0.015575, -0.002, 0.00419), (0.015575, -0.002, 0.00441)]
            color3f[] primvars:displayColor = [(0.6, 0.52, 0.3)]
            uniform token subdivisionScheme = "none"
        }

        def Mesh "contact_recess_19" (
            prepend apiSchemas = ["MaterialBindingAPI"]
            customData = {
                bool newton_collision = 0
            }
        )
        {
            int[] faceVertexCounts = [3, 3, 3, 3, 3, 3, 3, 3, 3, 3, 3, 3]
            int[] faceVertexIndices = [1, 3, 0, 4, 1, 0, 0, 3, 2, 2, 4, 0, 1, 7, 3, 5, 1, 4, 5, 7, 1, 3, 7, 2, 6, 4, 2, 2, 7, 6, 6, 5, 4, 7, 5, 6]
            rel material:binding = </Looks/M_18191c>
            point3f[] points = [(0.0165, -0.005, 0.00405), (0.0165, -0.005, 0.00425), (0.0165, -0.001, 0.00405), (0.0165, -0.001, 0.00425), (0.0177, -0.005, 0.00405), (0.0177, -0.005, 0.00425), (0.0177, -0.001, 0.00405), (0.0177, -0.001, 0.00425)]
            color3f[] primvars:displayColor = [(0.095, 0.1, 0.11)]
            uniform token subdivisionScheme = "none"
        }

        def Mesh "contact_tip_19" (
            prepend apiSchemas = ["MaterialBindingAPI"]
            customData = {
                bool newton_collision = 0
            }
        )
        {
            int[] faceVertexCounts = [3, 3, 3, 3, 3, 3, 3, 3, 3, 3, 3, 3]
            int[] faceVertexIndices = [1, 3, 0, 4, 1, 0, 0, 3, 2, 2, 4, 0, 1, 7, 3, 5, 1, 4, 5, 7, 1, 3, 7, 2, 6, 4, 2, 2, 7, 6, 6, 5, 4, 7, 5, 6]
            rel material:binding = </Looks/M_99844c>
            point3f[] points = [(0.016825, -0.004, 0.00419), (0.016825, -0.004, 0.00441), (0.016825, -0.002, 0.00419), (0.016825, -0.002, 0.00441), (0.017375, -0.004, 0.00419), (0.017375, -0.004, 0.00441), (0.017375, -0.002, 0.00419), (0.017375, -0.002, 0.00441)]
            color3f[] primvars:displayColor = [(0.6, 0.52, 0.3)]
            uniform token subdivisionScheme = "none"
        }
    }

    def Xform "HingedReceiver"
    {
        matrix4d xformOp:transform = ( (1, 0, 0, 0), (0, 0.9158829427059842, 0.4014454405195096, 0), (0, -0.4014454405195096, 0.9158829427059842, 0), (0, -0.01799999736249447, 0.02399997040629387, 1) )
        uniform token[] xformOpOrder = ["xformOp:transform"]

        def Mesh "cradle_floor" (
            prepend apiSchemas = ["MaterialBindingAPI"]
            customData = {
                bool newton_collision = 1
            }
        )
        {
            int[] faceVertexCounts = [3, 3, 3, 3, 3, 3, 3, 3, 3, 3, 3, 3]
            int[] faceVertexIndices = [1, 3, 0, 4, 1, 0, 0, 3, 2, 2, 4, 0, 1, 7, 3, 5, 1, 4, 5, 7, 1, 3, 7, 2, 6, 4, 2, 2, 7, 6, 6, 5, 4, 7, 5, 6]
            rel material:binding = </Looks/M_080b0d>
            point3f[] points = [(-0.025, -0.002, -0.0025), (-0.025, -0.002, 0.0025), (-0.025, 0.038, -0.0025), (-0.025, 0.038, 0.0025), (0.025, -0.002, -0.0025), (0.025, -0.002, 0.0025), (0.025, 0.038, -0.0025), (0.025, 0.038, 0.0025)]
            color3f[] primvars:displayColor = [(0.035, 0.045, 0.052)]
            uniform token subdivisionScheme = "none"
        }

        def Mesh "left_guide" (
            prepend apiSchemas = ["MaterialBindingAPI"]
            customData = {
                bool newton_collision = 1
            }
        )
        {
            int[] faceVertexCounts = [3, 3, 3, 3, 3, 3, 3, 3, 3, 3, 3, 3]
            int[] faceVertexIndices = [1, 3, 0, 4, 1, 0, 0, 3, 2, 2, 4, 0, 1, 7, 3, 5, 1, 4, 5, 7, 1, 3, 7, 2, 6, 4, 2, 2, 7, 6, 6, 5, 4, 7, 5, 6]
            rel material:binding = </Looks/M_080b0d>
            point3f[] points = [(-0.0255, 0.0005, 0), (-0.0255, 0.0005, 0.01), (-0.0255, 0.0355, 0), (-0.0255, 0.0355, 0.01), (-0.0225, 0.0005, 0), (-0.0225, 0.0005, 0.01), (-0.0225, 0.0355, 0), (-0.0225, 0.0355, 0.01)]
            color3f[] primvars:displayColor = [(0.035, 0.045, 0.052)]
            uniform token subdivisionScheme = "none"
        }

        def Mesh "right_guide" (
            prepend apiSchemas = ["MaterialBindingAPI"]
            customData = {
                bool newton_collision = 1
            }
        )
        {
            int[] faceVertexCounts = [3, 3, 3, 3, 3, 3, 3, 3, 3, 3, 3, 3]
            int[] faceVertexIndices = [1, 3, 0, 4, 1, 0, 0, 3, 2, 2, 4, 0, 1, 7, 3, 5, 1, 4, 5, 7, 1, 3, 7, 2, 6, 4, 2, 2, 7, 6, 6, 5, 4, 7, 5, 6]
            rel material:binding = </Looks/M_080b0d>
            point3f[] points = [(0.0225, 0.0005, 0), (0.0225, 0.0005, 0.01), (0.0225, 0.0355, 0), (0.0225, 0.0355, 0.01), (0.0255, 0.0005, 0), (0.0255, 0.0005, 0.01), (0.0255, 0.0355, 0), (0.0255, 0.0355, 0.01)]
            color3f[] primvars:displayColor = [(0.035, 0.045, 0.052)]
            uniform token subdivisionScheme = "none"
        }

        def Mesh "front_stop" (
            prepend apiSchemas = ["MaterialBindingAPI"]
            customData = {
                bool newton_collision = 1
            }
        )
        {
            int[] faceVertexCounts = [3, 3, 3, 3, 3, 3, 3, 3, 3, 3, 3, 3]
            int[] faceVertexIndices = [1, 3, 0, 4, 1, 0, 0, 3, 2, 2, 4, 0, 1, 7, 3, 5, 1, 4, 5, 7, 1, 3, 7, 2, 6, 4, 2, 2, 7, 6, 6, 5, 4, 7, 5, 6]
            rel material:binding = </Looks/M_080b0d>
            point3f[] points = [(-0.0215, 0.002, 0), (-0.0215, 0.002, 0.01), (-0.0215, 0.004, 0), (-0.0215, 0.004, 0.01), (0.0215, 0.002, 0), (0.0215, 0.002, 0.01), (0.0215, 0.004, 0), (0.0215, 0.004, 0.01)]
            color3f[] primvars:displayColor = [(0.035, 0.045, 0.052)]
            uniform token subdivisionScheme = "none"
        }

        def Mesh "rear_stop" (
            prepend apiSchemas = ["MaterialBindingAPI"]
            customData = {
                bool newton_collision = 1
            }
        )
        {
            int[] faceVertexCounts = [3, 3, 3, 3, 3, 3, 3, 3, 3, 3, 3, 3]
            int[] faceVertexIndices = [1, 3, 0, 4, 1, 0, 0, 3, 2, 2, 4, 0, 1, 7, 3, 5, 1, 4, 5, 7, 1, 3, 7, 2, 6, 4, 2, 2, 7, 6, 6, 5, 4, 7, 5, 6]
            rel material:binding = </Looks/M_080b0d>
            point3f[] points = [(-0.0215, 0.032, 0), (-0.0215, 0.032, 0.01), (-0.0215, 0.034, 0), (-0.0215, 0.034, 0.01), (0.0215, 0.032, 0), (0.0215, 0.032, 0.01), (0.0215, 0.034, 0), (0.0215, 0.034, 0.01)]
            color3f[] primvars:displayColor = [(0.035, 0.045, 0.052)]
            uniform token subdivisionScheme = "none"
        }

        def Mesh "guide_screw_m1" (
            prepend apiSchemas = ["MaterialBindingAPI"]
            customData = {
                bool newton_collision = 0
            }
        )
        {
            int[] faceVertexCounts = [3, 3, 3, 3, 3, 3, 3, 3, 3, 3, 3, 3, 3, 3, 3, 3, 3, 3, 3, 3, 3, 3, 3, 3, 3, 3, 3, 3, 3, 3, 3, 3, 3, 3, 3, 3, 3, 3, 3, 3, 3, 3, 3, 3, 3, 3, 3, 3, 3, 3, 3, 3, 3, 3, 3, 3, 3, 3, 3, 3, 3, 3, 3, 3, 3, 3, 3, 3, 3, 3, 3, 3, 3, 3, 3, 3, 3, 3, 3, 3, 3, 3, 3, 3, 3, 3, 3, 3, 3, 3, 3, 3, 3, 3, 3, 3, 3, 3, 3, 3, 3, 3, 3, 3, 3, 3, 3, 3, 3, 3, 3, 3, 3, 3, 3, 3, 3, 3, 3, 3, 3, 3, 3, 3, 3, 3, 3, 3]
            int[] faceVertexIndices = [1, 0, 4, 1, 4, 2, 2, 4, 5, 2, 5, 3, 4, 0, 6, 4, 6, 5, 5, 6, 7, 5, 7, 3, 6, 0, 8, 6, 8, 7, 7, 8, 9, 7, 9, 3, 8, 0, 10, 8, 10, 9, 9, 10, 11, 9, 11, 3, 10, 0, 12, 10, 12, 11, 11, 12, 13, 11, 13, 3, 12, 0, 14, 12, 14, 13, 13, 14, 15, 13, 15, 3, 14, 0, 16, 14, 16, 15, 15, 16, 17, 15, 17, 3, 16, 0, 18, 16, 18, 17, 17, 18, 19, 17, 19, 3, 18, 0, 20, 18, 20, 19, 19, 20, 21, 19, 21, 3, 20, 0, 22, 20, 22, 21, 21, 22, 23, 21, 23, 3, 22, 0, 24, 22, 24, 23, 23, 24, 25, 23, 25, 3, 24, 0, 26, 24, 26, 25, 25, 26, 27, 25, 27, 3, 26, 0, 28, 26, 28, 27, 27, 28, 29, 27, 29, 3, 28, 0, 30, 28, 30, 29, 29, 30, 31, 29, 31, 3, 30, 0, 32, 30, 32, 31, 31, 32, 33, 31, 33, 3, 32, 0, 34, 32, 34, 33, 33, 34, 35, 33, 35, 3, 34, 0, 36, 34, 36, 35, 35, 36, 37, 35, 37, 3, 36, 0, 38, 36, 38, 37, 37, 38, 39, 37, 39, 3, 38, 0, 40, 38, 40, 39, 39, 40, 41, 39, 41, 3, 40, 0, 42, 40, 42, 41, 41, 42, 43, 41, 43, 3, 42, 0, 44, 42, 44, 43, 43, 44, 45, 43, 45, 3, 44, 0, 46, 44, 46, 45, 45, 46, 47, 45, 47, 3, 46, 0, 48, 46, 48, 47, 47, 48, 49, 47, 49, 3, 48, 0, 50, 48, 50, 49, 49, 50, 51, 49, 51, 3, 50, 0, 52, 50, 52, 51, 51, 52, 53, 51, 53, 3, 52, 0, 54, 52, 54, 53, 53, 54, 55, 53, 55, 3, 54, 0, 56, 54, 56, 55, 55, 56, 57, 55, 57, 3, 56, 0, 58, 56, 58, 57, 57, 58, 59, 57, 59, 3, 58, 0, 60, 58, 60, 59, 59, 60, 61, 59, 61, 3, 60, 0, 62, 60, 62, 61, 61, 62, 63, 61, 63, 3, 62, 0, 64, 62, 64, 63, 63, 64, 65, 63, 65, 3, 64, 0, 1, 64, 1, 65, 65, 1, 2, 65, 2, 3]
            rel material:binding = </Looks/M_9ea8b2>
            point3f[] points = [(-0.024, 0.008, 0.0103), (-0.0215, 0.008, 0.0103), (-0.0215, 0.008, 0.0113), (-0.024, 0.008, 0.0113), (-0.021548036, 0.008487726, 0.0103), (-0.021548036, 0.008487726, 0.0113), (-0.021690302, 0.008956709, 0.0103), (-0.021690302, 0.008956709, 0.0113), (-0.021921325, 0.0093889255, 0.0103), (-0.021921325, 0.0093889255, 0.0113), (-0.022232233, 0.009767767, 0.0103), (-0.022232233, 0.009767767, 0.0113), (-0.022611074, 0.010078674, 0.0103), (-0.022611074, 0.010078674, 0.0113), (-0.023043292, 0.010309699, 0.0103), (-0.023043292, 0.010309699, 0.0113), (-0.023512274, 0.010451963, 0.0103), (-0.023512274, 0.010451963, 0.0113), (-0.024, 0.0105, 0.0103), (-0.024, 0.0105, 0.0113), (-0.024487726, 0.010451963, 0.0103), (-0.024487726, 0.010451963, 0.0113), (-0.024956709, 0.010309699, 0.0103), (-0.024956709, 0.010309699, 0.0113), (-0.025388926, 0.010078674, 0.0103), (-0.025388926, 0.010078674, 0.0113), (-0.025767768, 0.009767767, 0.0103), (-0.025767768, 0.009767767, 0.0113), (-0.026078675, 0.0093889255, 0.0103), (-0.026078675, 0.0093889255, 0.0113), (-0.026309699, 0.008956709, 0.0103), (-0.026309699, 0.008956709, 0.0113), (-0.026451964, 0.008487726, 0.0103), (-0.026451964, 0.008487726, 0.0113), (-0.0265, 0.008, 0.0103), (-0.0265, 0.008, 0.0113), (-0.026451964, 0.007512274, 0.0103), (-0.026451964, 0.007512274, 0.0113), (-0.026309699, 0.0070432913, 0.0103), (-0.026309699, 0.0070432913, 0.0113), (-0.026078675, 0.0066110743, 0.0103), (-0.026078675, 0.0066110743, 0.0113), (-0.025767768, 0.0062322333, 0.0103), (-0.025767768, 0.0062322333, 0.0113), (-0.025388926, 0.005921326, 0.0103), (-0.025388926, 0.005921326, 0.0113), (-0.024956709, 0.0056903013, 0.0103), (-0.024956709, 0.0056903013, 0.0113), (-0.024487726, 0.0055480367, 0.0103), (-0.024487726, 0.0055480367, 0.0113), (-0.024, 0.0055, 0.0103), (-0.024, 0.0055, 0.0113), (-0.023512274, 0.0055480367, 0.0103), (-0.023512274, 0.0055480367, 0.0113), (-0.023043292, 0.0056903013, 0.0103), (-0.023043292, 0.0056903013, 0.0113), (-0.022611074, 0.005921326, 0.0103), (-0.022611074, 0.005921326, 0.0113), (-0.022232233, 0.0062322333, 0.0103), (-0.022232233, 0.0062322333, 0.0113), (-0.021921325, 0.0066110743, 0.0103), (-0.021921325, 0.0066110743, 0.0113), (-0.021690302, 0.0070432913, 0.0103), (-0.021690302, 0.0070432913, 0.0113), (-0.021548036, 0.007512274, 0.0103), (-0.021548036, 0.007512274, 0.0113)]
            color3f[] primvars:displayColor = [(0.62, 0.66, 0.7)]
            uniform token subdivisionScheme = "none"
        }

        def Mesh "hinge_knuckle_m1" (
            prepend apiSchemas = ["MaterialBindingAPI"]
            customData = {
                bool newton_collision = 0
            }
        )
        {
            int[] faceVertexCounts = [3, 3, 3, 3, 3, 3, 3, 3, 3, 3, 3, 3]
            int[] faceVertexIndices = [1, 3, 0, 4, 1, 0, 0, 3, 2, 2, 4, 0, 1, 7, 3, 5, 1, 4, 5, 7, 1, 3, 7, 2, 6, 4, 2, 2, 7, 6, 6, 5, 4, 7, 5, 6]
            rel material:binding = </Looks/M_080b0d>
            point3f[] points = [(-0.02, -0.0045, -0.004), (-0.02, -0.0045, 0.004), (-0.02, 0.0045, -0.004), (-0.02, 0.0045, 0.004), (-0.012, -0.0045, -0.004), (-0.012, -0.0045, 0.004), (-0.012, 0.0045, -0.004), (-0.012, 0.0045, 0.004)]
            color3f[] primvars:displayColor = [(0.035, 0.045, 0.052)]
            uniform token subdivisionScheme = "none"
        }

        def Mesh "guide_screw_1" (
            prepend apiSchemas = ["MaterialBindingAPI"]
            customData = {
                bool newton_collision = 0
            }
        )
        {
            int[] faceVertexCounts = [3, 3, 3, 3, 3, 3, 3, 3, 3, 3, 3, 3, 3, 3, 3, 3, 3, 3, 3, 3, 3, 3, 3, 3, 3, 3, 3, 3, 3, 3, 3, 3, 3, 3, 3, 3, 3, 3, 3, 3, 3, 3, 3, 3, 3, 3, 3, 3, 3, 3, 3, 3, 3, 3, 3, 3, 3, 3, 3, 3, 3, 3, 3, 3, 3, 3, 3, 3, 3, 3, 3, 3, 3, 3, 3, 3, 3, 3, 3, 3, 3, 3, 3, 3, 3, 3, 3, 3, 3, 3, 3, 3, 3, 3, 3, 3, 3, 3, 3, 3, 3, 3, 3, 3, 3, 3, 3, 3, 3, 3, 3, 3, 3, 3, 3, 3, 3, 3, 3, 3, 3, 3, 3, 3, 3, 3, 3, 3]
            int[] faceVertexIndices = [1, 0, 4, 1, 4, 2, 2, 4, 5, 2, 5, 3, 4, 0, 6, 4, 6, 5, 5, 6, 7, 5, 7, 3, 6, 0, 8, 6, 8, 7, 7, 8, 9, 7, 9, 3, 8, 0, 10, 8, 10, 9, 9, 10, 11, 9, 11, 3, 10, 0, 12, 10, 12, 11, 11, 12, 13, 11, 13, 3, 12, 0, 14, 12, 14, 13, 13, 14, 15, 13, 15, 3, 14, 0, 16, 14, 16, 15, 15, 16, 17, 15, 17, 3, 16, 0, 18, 16, 18, 17, 17, 18, 19, 17, 19, 3, 18, 0, 20, 18, 20, 19, 19, 20, 21, 19, 21, 3, 20, 0, 22, 20, 22, 21, 21, 22, 23, 21, 23, 3, 22, 0, 24, 22, 24, 23, 23, 24, 25, 23, 25, 3, 24, 0, 26, 24, 26, 25, 25, 26, 27, 25, 27, 3, 26, 0, 28, 26, 28, 27, 27, 28, 29, 27, 29, 3, 28, 0, 30, 28, 30, 29, 29, 30, 31, 29, 31, 3, 30, 0, 32, 30, 32, 31, 31, 32, 33, 31, 33, 3, 32, 0, 34, 32, 34, 33, 33, 34, 35, 33, 35, 3, 34, 0, 36, 34, 36, 35, 35, 36, 37, 35, 37, 3, 36, 0, 38, 36, 38, 37, 37, 38, 39, 37, 39, 3, 38, 0, 40, 38, 40, 39, 39, 40, 41, 39, 41, 3, 40, 0, 42, 40, 42, 41, 41, 42, 43, 41, 43, 3, 42, 0, 44, 42, 44, 43, 43, 44, 45, 43, 45, 3, 44, 0, 46, 44, 46, 45, 45, 46, 47, 45, 47, 3, 46, 0, 48, 46, 48, 47, 47, 48, 49, 47, 49, 3, 48, 0, 50, 48, 50, 49, 49, 50, 51, 49, 51, 3, 50, 0, 52, 50, 52, 51, 51, 52, 53, 51, 53, 3, 52, 0, 54, 52, 54, 53, 53, 54, 55, 53, 55, 3, 54, 0, 56, 54, 56, 55, 55, 56, 57, 55, 57, 3, 56, 0, 58, 56, 58, 57, 57, 58, 59, 57, 59, 3, 58, 0, 60, 58, 60, 59, 59, 60, 61, 59, 61, 3, 60, 0, 62, 60, 62, 61, 61, 62, 63, 61, 63, 3, 62, 0, 64, 62, 64, 63, 63, 64, 65, 63, 65, 3, 64, 0, 1, 64, 1, 65, 65, 1, 2, 65, 2, 3]
            rel material:binding = </Looks/M_9ea8b2>
            point3f[] points = [(0.024, 0.008, 0.0103), (0.0265, 0.008, 0.0103), (0.0265, 0.008, 0.0113), (0.024, 0.008, 0.0113), (0.026451964, 0.008487726, 0.0103), (0.026451964, 0.008487726, 0.0113), (0.026309699, 0.008956709, 0.0103), (0.026309699, 0.008956709, 0.0113), (0.026078675, 0.0093889255, 0.0103), (0.026078675, 0.0093889255, 0.0113), (0.025767768, 0.009767767, 0.0103), (0.025767768, 0.009767767, 0.0113), (0.025388926, 0.010078674, 0.0103), (0.025388926, 0.010078674, 0.0113), (0.024956709, 0.010309699, 0.0103), (0.024956709, 0.010309699, 0.0113), (0.024487726, 0.010451963, 0.0103), (0.024487726, 0.010451963, 0.0113), (0.024, 0.0105, 0.0103), (0.024, 0.0105, 0.0113), (0.023512274, 0.010451963, 0.0103), (0.023512274, 0.010451963, 0.0113), (0.023043292, 0.010309699, 0.0103), (0.023043292, 0.010309699, 0.0113), (0.022611074, 0.010078674, 0.0103), (0.022611074, 0.010078674, 0.0113), (0.022232233, 0.009767767, 0.0103), (0.022232233, 0.009767767, 0.0113), (0.021921325, 0.0093889255, 0.0103), (0.021921325, 0.0093889255, 0.0113), (0.021690302, 0.008956709, 0.0103), (0.021690302, 0.008956709, 0.0113), (0.021548036, 0.008487726, 0.0103), (0.021548036, 0.008487726, 0.0113), (0.0215, 0.008, 0.0103), (0.0215, 0.008, 0.0113), (0.021548036, 0.007512274, 0.0103), (0.021548036, 0.007512274, 0.0113), (0.021690302, 0.0070432913, 0.0103), (0.021690302, 0.0070432913, 0.0113), (0.021921325, 0.0066110743, 0.0103), (0.021921325, 0.0066110743, 0.0113), (0.022232233, 0.0062322333, 0.0103), (0.022232233, 0.0062322333, 0.0113), (0.022611074, 0.005921326, 0.0103), (0.022611074, 0.005921326, 0.0113), (0.023043292, 0.0056903013, 0.0103), (0.023043292, 0.0056903013, 0.0113), (0.023512274, 0.0055480367, 0.0103), (0.023512274, 0.0055480367, 0.0113), (0.024, 0.0055, 0.0103), (0.024, 0.0055, 0.0113), (0.024487726, 0.0055480367, 0.0103), (0.024487726, 0.0055480367, 0.0113), (0.024956709, 0.0056903013, 0.0103), (0.024956709, 0.0056903013, 0.0113), (0.025388926, 0.005921326, 0.0103), (0.025388926, 0.005921326, 0.0113), (0.025767768, 0.0062322333, 0.0103), (0.025767768, 0.0062322333, 0.0113), (0.026078675, 0.0066110743, 0.0103), (0.026078675, 0.0066110743, 0.0113), (0.026309699, 0.0070432913, 0.0103), (0.026309699, 0.0070432913, 0.0113), (0.026451964, 0.007512274, 0.0103), (0.026451964, 0.007512274, 0.0113)]
            color3f[] primvars:displayColor = [(0.62, 0.66, 0.7)]
            uniform token subdivisionScheme = "none"
        }

        def Mesh "hinge_knuckle_1" (
            prepend apiSchemas = ["MaterialBindingAPI"]
            customData = {
                bool newton_collision = 0
            }
        )
        {
            int[] faceVertexCounts = [3, 3, 3, 3, 3, 3, 3, 3, 3, 3, 3, 3]
            int[] faceVertexIndices = [1, 3, 0, 4, 1, 0, 0, 3, 2, 2, 4, 0, 1, 7, 3, 5, 1, 4, 5, 7, 1, 3, 7, 2, 6, 4, 2, 2, 7, 6, 6, 5, 4, 7, 5, 6]
            rel material:binding = </Looks/M_080b0d>
            point3f[] points = [(0.012, -0.0045, -0.004), (0.012, -0.0045, 0.004), (0.012, 0.0045, -0.004), (0.012, 0.0045, 0.004), (0.02, -0.0045, -0.004), (0.02, -0.0045, 0.004), (0.02, 0.0045, -0.004), (0.02, 0.0045, 0.004)]
            color3f[] primvars:displayColor = [(0.035, 0.045, 0.052)]
            uniform token subdivisionScheme = "none"
        }

        def Mesh "front_latch_face" (
            prepend apiSchemas = ["MaterialBindingAPI"]
            customData = {
                bool newton_collision = 0
            }
        )
        {
            int[] faceVertexCounts = [3, 3, 3, 3, 3, 3, 3, 3, 3, 3, 3, 3]
            int[] faceVertexIndices = [1, 3, 0, 4, 1, 0, 0, 3, 2, 2, 4, 0, 1, 7, 3, 5, 1, 4, 5, 7, 1, 3, 7, 2, 6, 4, 2, 2, 7, 6, 6, 5, 4, 7, 5, 6]
            rel material:binding = </Looks/M_080b0d>
            point3f[] points = [(-0.0045, -0.004, 0.0005), (-0.0045, -0.004, 0.0055), (-0.0045, -0.002, 0.0005), (-0.0045, -0.002, 0.0055), (0.0045, -0.004, 0.0005), (0.0045, -0.004, 0.0055), (0.0045, -0.002, 0.0005), (0.0045, -0.002, 0.0055)]
            color3f[] primvars:displayColor = [(0.035, 0.045, 0.052)]
            uniform token subdivisionScheme = "none"
        }

        def Mesh "latch_indicator" (
            prepend apiSchemas = ["MaterialBindingAPI"]
            customData = {
                bool newton_collision = 0
            }
        )
        {
            int[] faceVertexCounts = [3, 3, 3, 3, 3, 3, 3, 3, 3, 3, 3, 3]
            int[] faceVertexIndices = [1, 3, 0, 4, 1, 0, 0, 3, 2, 2, 4, 0, 1, 7, 3, 5, 1, 4, 5, 7, 1, 3, 7, 2, 6, 4, 2, 2, 7, 6, 6, 5, 4, 7, 5, 6]
            rel material:binding = </Looks/M_9ea8b2>
            point3f[] points = [(-0.0015, -0.0044, 0.0021), (-0.0015, -0.0044, 0.0039), (-0.0015, -0.004, 0.0021), (-0.0015, -0.004, 0.0039), (0.0015, -0.0044, 0.0021), (0.0015, -0.0044, 0.0039), (0.0015, -0.004, 0.0021), (0.0015, -0.004, 0.0039)]
            color3f[] primvars:displayColor = [(0.62, 0.66, 0.7)]
            uniform token subdivisionScheme = "none"
        }
    }

    def Xform "CableEndPlug"
    {
        matrix4d xformOp:transform = ( (0.9999999999999934, -3.479743111044311e-8, 1.0946845046789759e-7, 0), (-1.400637636617069e-8, 0.9089589786572603, 0.41688559335457914, 0), (-1.1400887807893628e-7, -0.4168855933545779, 0.9089589786572537, 0), (-5.489769194788607e-10, 0.0031614850740879774, 0.08676150441169739, 1) )
        uniform token[] xformOpOrder = ["xformOp:transform"]

        def Mesh "housing" (
            prepend apiSchemas = ["MaterialBindingAPI"]
            customData = {
                bool newton_collision = 1
            }
        )
        {
            int[] faceVertexCounts = [3, 3, 3, 3, 3, 3, 3, 3, 3, 3, 3, 3]
            int[] faceVertexIndices = [1, 3, 0, 4, 1, 0, 0, 3, 2, 2, 4, 0, 1, 7, 3, 5, 1, 4, 5, 7, 1, 3, 7, 2, 6, 4, 2, 2, 7, 6, 6, 5, 4, 7, 5, 6]
            rel material:binding = </Looks/M_b7bfc4>
            point3f[] points = [(-0.021, -0.0135, -0.004), (-0.021, -0.0135, 0.004), (-0.021, 0.0135, -0.004), (-0.021, 0.0135, 0.004), (0.021, -0.0135, -0.004), (0.021, -0.0135, 0.004), (0.021, 0.0135, -0.004), (0.021, 0.0135, 0.004)]
            color3f[] primvars:displayColor = [(0.72, 0.75, 0.77)]
            uniform token subdivisionScheme = "none"
        }

        def Mesh "top_ridge" (
            prepend apiSchemas = ["MaterialBindingAPI"]
            customData = {
                bool newton_collision = 0
            }
        )
        {
            int[] faceVertexCounts = [3, 3, 3, 3, 3, 3, 3, 3, 3, 3, 3, 3]
            int[] faceVertexIndices = [1, 3, 0, 4, 1, 0, 0, 3, 2, 2, 4, 0, 1, 7, 3, 5, 1, 4, 5, 7, 1, 3, 7, 2, 6, 4, 2, 2, 7, 6, 6, 5, 4, 7, 5, 6]
            rel material:binding = </Looks/M_b7bfc4>
            point3f[] points = [(-0.0215, -0.013, 0.004), (-0.0215, -0.013, 0.006), (-0.0215, -0.011, 0.004), (-0.0215, -0.011, 0.006), (0.0215, -0.013, 0.004), (0.0215, -0.013, 0.006), (0.0215, -0.011, 0.004), (0.0215, -0.011, 0.006)]
            color3f[] primvars:displayColor = [(0.72, 0.75, 0.77)]
            uniform token subdivisionScheme = "none"
        }

        def Mesh "rear_ridge" (
            prepend apiSchemas = ["MaterialBindingAPI"]
            customData = {
                bool newton_collision = 0
            }
        )
        {
            int[] faceVertexCounts = [3, 3, 3, 3, 3, 3, 3, 3, 3, 3, 3, 3]
            int[] faceVertexIndices = [1, 3, 0, 4, 1, 0, 0, 3, 2, 2, 4, 0, 1, 7, 3, 5, 1, 4, 5, 7, 1, 3, 7, 2, 6, 4, 2, 2, 7, 6, 6, 5, 4, 7, 5, 6]
            rel material:binding = </Looks/M_b7bfc4>
            point3f[] points = [(-0.0215, 0.011, 0.004), (-0.0215, 0.011, 0.006), (-0.0215, 0.013, 0.004), (-0.0215, 0.013, 0.006), (0.0215, 0.011, 0.004), (0.0215, 0.011, 0.006), (0.0215, 0.013, 0.004), (0.0215, 0.013, 0.006)]
            color3f[] primvars:displayColor = [(0.72, 0.75, 0.77)]
            uniform token subdivisionScheme = "none"
        }

        def Mesh "blue_wire_support" (
            prepend apiSchemas = ["MaterialBindingAPI"]
            customData = {
                bool newton_collision = 0
            }
        )
        {
            int[] faceVertexCounts = [3, 3, 3, 3, 3, 3, 3, 3, 3, 3, 3, 3]
            int[] faceVertexIndices = [1, 3, 0, 4, 1, 0, 0, 3, 2, 2, 4, 0, 1, 7, 3, 5, 1, 4, 5, 7, 1, 3, 7, 2, 6, 4, 2, 2, 7, 6, 6, 5, 4, 7, 5, 6]
            rel material:binding = </Looks/M_0b309e>
            point3f[] points = [(-0.01, 0.006, 0.004), (-0.01, 0.006, 0.011), (-0.01, 0.012, 0.004), (-0.01, 0.012, 0.011), (0.01, 0.006, 0.004), (0.01, 0.006, 0.011), (0.01, 0.012, 0.004), (0.01, 0.012, 0.011)]
            color3f[] primvars:displayColor = [(0.045, 0.19, 0.62)]
            uniform token subdivisionScheme = "none"
        }

        def Mesh "end_key_m1" (
            prepend apiSchemas = ["MaterialBindingAPI"]
            customData = {
                bool newton_collision = 1
            }
        )
        {
            int[] faceVertexCounts = [3, 3, 3, 3, 3, 3, 3, 3, 3, 3, 3, 3]
            int[] faceVertexIndices = [1, 3, 0, 4, 1, 0, 0, 3, 2, 2, 4, 0, 1, 7, 3, 5, 1, 4, 5, 7, 1, 3, 7, 2, 6, 4, 2, 2, 7, 6, 6, 5, 4, 7, 5, 6]
            rel material:binding = </Looks/M_b7bfc4>
            point3f[] points = [(-0.022, -0.0075, -0.002), (-0.022, -0.0075, 0.002), (-0.022, 0.0075, -0.002), (-0.022, 0.0075, 0.002), (-0.021, -0.0075, -0.002), (-0.021, -0.0075, 0.002), (-0.021, 0.0075, -0.002), (-0.021, 0.0075, 0.002)]
            color3f[] primvars:displayColor = [(0.72, 0.75, 0.77)]
            uniform token subdivisionScheme = "none"
        }

        def Mesh "grip_ear_m1" (
            prepend apiSchemas = ["MaterialBindingAPI"]
            customData = {
                bool newton_collision = 0
            }
        )
        {
            int[] faceVertexCounts = [3, 3, 3, 3, 3, 3, 3, 3, 3, 3, 3, 3]
            int[] faceVertexIndices = [1, 3, 0, 4, 1, 0, 0, 3, 2, 2, 4, 0, 1, 7, 3, 5, 1, 4, 5, 7, 1, 3, 7, 2, 6, 4, 2, 2, 7, 6, 6, 5, 4, 7, 5, 6]
            rel material:binding = </Looks/M_b7bfc4>
            point3f[] points = [(-0.0235, -0.003, 0.004), (-0.0235, -0.003, 0.006), (-0.0235, 0.003, 0.004), (-0.0235, 0.003, 0.006), (-0.0205, -0.003, 0.004), (-0.0205, -0.003, 0.006), (-0.0205, 0.003, 0.004), (-0.0205, 0.003, 0.006)]
            color3f[] primvars:displayColor = [(0.72, 0.75, 0.77)]
            uniform token subdivisionScheme = "none"
        }

        def Mesh "end_key_1" (
            prepend apiSchemas = ["MaterialBindingAPI"]
            customData = {
                bool newton_collision = 1
            }
        )
        {
            int[] faceVertexCounts = [3, 3, 3, 3, 3, 3, 3, 3, 3, 3, 3, 3]
            int[] faceVertexIndices = [1, 3, 0, 4, 1, 0, 0, 3, 2, 2, 4, 0, 1, 7, 3, 5, 1, 4, 5, 7, 1, 3, 7, 2, 6, 4, 2, 2, 7, 6, 6, 5, 4, 7, 5, 6]
            rel material:binding = </Looks/M_b7bfc4>
            point3f[] points = [(0.021, -0.0075, -0.002), (0.021, -0.0075, 0.002), (0.021, 0.0075, -0.002), (0.021, 0.0075, 0.002), (0.022, -0.0075, -0.002), (0.022, -0.0075, 0.002), (0.022, 0.0075, -0.002), (0.022, 0.0075, 0.002)]
            color3f[] primvars:displayColor = [(0.72, 0.75, 0.77)]
            uniform token subdivisionScheme = "none"
        }

        def Mesh "grip_ear_1" (
            prepend apiSchemas = ["MaterialBindingAPI"]
            customData = {
                bool newton_collision = 0
            }
        )
        {
            int[] faceVertexCounts = [3, 3, 3, 3, 3, 3, 3, 3, 3, 3, 3, 3]
            int[] faceVertexIndices = [1, 3, 0, 4, 1, 0, 0, 3, 2, 2, 4, 0, 1, 7, 3, 5, 1, 4, 5, 7, 1, 3, 7, 2, 6, 4, 2, 2, 7, 6, 6, 5, 4, 7, 5, 6]
            rel material:binding = </Looks/M_b7bfc4>
            point3f[] points = [(0.0205, -0.003, 0.004), (0.0205, -0.003, 0.006), (0.0205, 0.003, 0.004), (0.0205, 0.003, 0.006), (0.0235, -0.003, 0.004), (0.0235, -0.003, 0.006), (0.0235, 0.003, 0.004), (0.0235, 0.003, 0.006)]
            color3f[] primvars:displayColor = [(0.72, 0.75, 0.77)]
            uniform token subdivisionScheme = "none"
        }

        def Mesh "contact_recess_00" (
            prepend apiSchemas = ["MaterialBindingAPI"]
            customData = {
                bool newton_collision = 0
            }
        )
        {
            int[] faceVertexCounts = [3, 3, 3, 3, 3, 3, 3, 3, 3, 3, 3, 3]
            int[] faceVertexIndices = [1, 3, 0, 4, 1, 0, 0, 3, 2, 2, 4, 0, 1, 7, 3, 5, 1, 4, 5, 7, 1, 3, 7, 2, 6, 4, 2, 2, 7, 6, 6, 5, 4, 7, 5, 6]
            rel material:binding = </Looks/M_18191c>
            point3f[] points = [(-0.0177, -0.005, 0.00405), (-0.0177, -0.005, 0.00425), (-0.0177, -0.001, 0.00405), (-0.0177, -0.001, 0.00425), (-0.0165, -0.005, 0.00405), (-0.0165, -0.005, 0.00425), (-0.0165, -0.001, 0.00405), (-0.0165, -0.001, 0.00425)]
            color3f[] primvars:displayColor = [(0.095, 0.1, 0.11)]
            uniform token subdivisionScheme = "none"
        }

        def Mesh "contact_tip_00" (
            prepend apiSchemas = ["MaterialBindingAPI"]
            customData = {
                bool newton_collision = 0
            }
        )
        {
            int[] faceVertexCounts = [3, 3, 3, 3, 3, 3, 3, 3, 3, 3, 3, 3]
            int[] faceVertexIndices = [1, 3, 0, 4, 1, 0, 0, 3, 2, 2, 4, 0, 1, 7, 3, 5, 1, 4, 5, 7, 1, 3, 7, 2, 6, 4, 2, 2, 7, 6, 6, 5, 4, 7, 5, 6]
            rel material:binding = </Looks/M_99844c>
            point3f[] points = [(-0.017375, -0.004, 0.00419), (-0.017375, -0.004, 0.00441), (-0.017375, -0.002, 0.00419), (-0.017375, -0.002, 0.00441), (-0.016825, -0.004, 0.00419), (-0.016825, -0.004, 0.00441), (-0.016825, -0.002, 0.00419), (-0.016825, -0.002, 0.00441)]
            color3f[] primvars:displayColor = [(0.6, 0.52, 0.3)]
            uniform token subdivisionScheme = "none"
        }

        def Mesh "contact_recess_01" (
            prepend apiSchemas = ["MaterialBindingAPI"]
            customData = {
                bool newton_collision = 0
            }
        )
        {
            int[] faceVertexCounts = [3, 3, 3, 3, 3, 3, 3, 3, 3, 3, 3, 3]
            int[] faceVertexIndices = [1, 3, 0, 4, 1, 0, 0, 3, 2, 2, 4, 0, 1, 7, 3, 5, 1, 4, 5, 7, 1, 3, 7, 2, 6, 4, 2, 2, 7, 6, 6, 5, 4, 7, 5, 6]
            rel material:binding = </Looks/M_18191c>
            point3f[] points = [(-0.0159, -0.005, 0.00405), (-0.0159, -0.005, 0.00425), (-0.0159, -0.001, 0.00405), (-0.0159, -0.001, 0.00425), (-0.0147, -0.005, 0.00405), (-0.0147, -0.005, 0.00425), (-0.0147, -0.001, 0.00405), (-0.0147, -0.001, 0.00425)]
            color3f[] primvars:displayColor = [(0.095, 0.1, 0.11)]
            uniform token subdivisionScheme = "none"
        }

        def Mesh "contact_tip_01" (
            prepend apiSchemas = ["MaterialBindingAPI"]
            customData = {
                bool newton_collision = 0
            }
        )
        {
            int[] faceVertexCounts = [3, 3, 3, 3, 3, 3, 3, 3, 3, 3, 3, 3]
            int[] faceVertexIndices = [1, 3, 0, 4, 1, 0, 0, 3, 2, 2, 4, 0, 1, 7, 3, 5, 1, 4, 5, 7, 1, 3, 7, 2, 6, 4, 2, 2, 7, 6, 6, 5, 4, 7, 5, 6]
            rel material:binding = </Looks/M_99844c>
            point3f[] points = [(-0.015575, -0.004, 0.00419), (-0.015575, -0.004, 0.00441), (-0.015575, -0.002, 0.00419), (-0.015575, -0.002, 0.00441), (-0.015025, -0.004, 0.00419), (-0.015025, -0.004, 0.00441), (-0.015025, -0.002, 0.00419), (-0.015025, -0.002, 0.00441)]
            color3f[] primvars:displayColor = [(0.6, 0.52, 0.3)]
            uniform token subdivisionScheme = "none"
        }

        def Mesh "contact_recess_02" (
            prepend apiSchemas = ["MaterialBindingAPI"]
            customData = {
                bool newton_collision = 0
            }
        )
        {
            int[] faceVertexCounts = [3, 3, 3, 3, 3, 3, 3, 3, 3, 3, 3, 3]
            int[] faceVertexIndices = [1, 3, 0, 4, 1, 0, 0, 3, 2, 2, 4, 0, 1, 7, 3, 5, 1, 4, 5, 7, 1, 3, 7, 2, 6, 4, 2, 2, 7, 6, 6, 5, 4, 7, 5, 6]
            rel material:binding = </Looks/M_18191c>
            point3f[] points = [(-0.0141, -0.005, 0.00405), (-0.0141, -0.005, 0.00425), (-0.0141, -0.001, 0.00405), (-0.0141, -0.001, 0.00425), (-0.0129, -0.005, 0.00405), (-0.0129, -0.005, 0.00425), (-0.0129, -0.001, 0.00405), (-0.0129, -0.001, 0.00425)]
            color3f[] primvars:displayColor = [(0.095, 0.1, 0.11)]
            uniform token subdivisionScheme = "none"
        }

        def Mesh "contact_tip_02" (
            prepend apiSchemas = ["MaterialBindingAPI"]
            customData = {
                bool newton_collision = 0
            }
        )
        {
            int[] faceVertexCounts = [3, 3, 3, 3, 3, 3, 3, 3, 3, 3, 3, 3]
            int[] faceVertexIndices = [1, 3, 0, 4, 1, 0, 0, 3, 2, 2, 4, 0, 1, 7, 3, 5, 1, 4, 5, 7, 1, 3, 7, 2, 6, 4, 2, 2, 7, 6, 6, 5, 4, 7, 5, 6]
            rel material:binding = </Looks/M_99844c>
            point3f[] points = [(-0.013775, -0.004, 0.00419), (-0.013775, -0.004, 0.00441), (-0.013775, -0.002, 0.00419), (-0.013775, -0.002, 0.00441), (-0.013225, -0.004, 0.00419), (-0.013225, -0.004, 0.00441), (-0.013225, -0.002, 0.00419), (-0.013225, -0.002, 0.00441)]
            color3f[] primvars:displayColor = [(0.6, 0.52, 0.3)]
            uniform token subdivisionScheme = "none"
        }

        def Mesh "contact_recess_03" (
            prepend apiSchemas = ["MaterialBindingAPI"]
            customData = {
                bool newton_collision = 0
            }
        )
        {
            int[] faceVertexCounts = [3, 3, 3, 3, 3, 3, 3, 3, 3, 3, 3, 3]
            int[] faceVertexIndices = [1, 3, 0, 4, 1, 0, 0, 3, 2, 2, 4, 0, 1, 7, 3, 5, 1, 4, 5, 7, 1, 3, 7, 2, 6, 4, 2, 2, 7, 6, 6, 5, 4, 7, 5, 6]
            rel material:binding = </Looks/M_18191c>
            point3f[] points = [(-0.0123, -0.005, 0.00405), (-0.0123, -0.005, 0.00425), (-0.0123, -0.001, 0.00405), (-0.0123, -0.001, 0.00425), (-0.0111, -0.005, 0.00405), (-0.0111, -0.005, 0.00425), (-0.0111, -0.001, 0.00405), (-0.0111, -0.001, 0.00425)]
            color3f[] primvars:displayColor = [(0.095, 0.1, 0.11)]
            uniform token subdivisionScheme = "none"
        }

        def Mesh "contact_tip_03" (
            prepend apiSchemas = ["MaterialBindingAPI"]
            customData = {
                bool newton_collision = 0
            }
        )
        {
            int[] faceVertexCounts = [3, 3, 3, 3, 3, 3, 3, 3, 3, 3, 3, 3]
            int[] faceVertexIndices = [1, 3, 0, 4, 1, 0, 0, 3, 2, 2, 4, 0, 1, 7, 3, 5, 1, 4, 5, 7, 1, 3, 7, 2, 6, 4, 2, 2, 7, 6, 6, 5, 4, 7, 5, 6]
            rel material:binding = </Looks/M_99844c>
            point3f[] points = [(-0.011975, -0.004, 0.00419), (-0.011975, -0.004, 0.00441), (-0.011975, -0.002, 0.00419), (-0.011975, -0.002, 0.00441), (-0.011425, -0.004, 0.00419), (-0.011425, -0.004, 0.00441), (-0.011425, -0.002, 0.00419), (-0.011425, -0.002, 0.00441)]
            color3f[] primvars:displayColor = [(0.6, 0.52, 0.3)]
            uniform token subdivisionScheme = "none"
        }

        def Mesh "contact_recess_04" (
            prepend apiSchemas = ["MaterialBindingAPI"]
            customData = {
                bool newton_collision = 0
            }
        )
        {
            int[] faceVertexCounts = [3, 3, 3, 3, 3, 3, 3, 3, 3, 3, 3, 3]
            int[] faceVertexIndices = [1, 3, 0, 4, 1, 0, 0, 3, 2, 2, 4, 0, 1, 7, 3, 5, 1, 4, 5, 7, 1, 3, 7, 2, 6, 4, 2, 2, 7, 6, 6, 5, 4, 7, 5, 6]
            rel material:binding = </Looks/M_18191c>
            point3f[] points = [(-0.0105, -0.005, 0.00405), (-0.0105, -0.005, 0.00425), (-0.0105, -0.001, 0.00405), (-0.0105, -0.001, 0.00425), (-0.0093, -0.005, 0.00405), (-0.0093, -0.005, 0.00425), (-0.0093, -0.001, 0.00405), (-0.0093, -0.001, 0.00425)]
            color3f[] primvars:displayColor = [(0.095, 0.1, 0.11)]
            uniform token subdivisionScheme = "none"
        }

        def Mesh "contact_tip_04" (
            prepend apiSchemas = ["MaterialBindingAPI"]
            customData = {
                bool newton_collision = 0
            }
        )
        {
            int[] faceVertexCounts = [3, 3, 3, 3, 3, 3, 3, 3, 3, 3, 3, 3]
            int[] faceVertexIndices = [1, 3, 0, 4, 1, 0, 0, 3, 2, 2, 4, 0, 1, 7, 3, 5, 1, 4, 5, 7, 1, 3, 7, 2, 6, 4, 2, 2, 7, 6, 6, 5, 4, 7, 5, 6]
            rel material:binding = </Looks/M_99844c>
            point3f[] points = [(-0.010175, -0.004, 0.00419), (-0.010175, -0.004, 0.00441), (-0.010175, -0.002, 0.00419), (-0.010175, -0.002, 0.00441), (-0.009625, -0.004, 0.00419), (-0.009625, -0.004, 0.00441), (-0.009625, -0.002, 0.00419), (-0.009625, -0.002, 0.00441)]
            color3f[] primvars:displayColor = [(0.6, 0.52, 0.3)]
            uniform token subdivisionScheme = "none"
        }

        def Mesh "contact_recess_05" (
            prepend apiSchemas = ["MaterialBindingAPI"]
            customData = {
                bool newton_collision = 0
            }
        )
        {
            int[] faceVertexCounts = [3, 3, 3, 3, 3, 3, 3, 3, 3, 3, 3, 3]
            int[] faceVertexIndices = [1, 3, 0, 4, 1, 0, 0, 3, 2, 2, 4, 0, 1, 7, 3, 5, 1, 4, 5, 7, 1, 3, 7, 2, 6, 4, 2, 2, 7, 6, 6, 5, 4, 7, 5, 6]
            rel material:binding = </Looks/M_18191c>
            point3f[] points = [(-0.0087, -0.005, 0.00405), (-0.0087, -0.005, 0.00425), (-0.0087, -0.001, 0.00405), (-0.0087, -0.001, 0.00425), (-0.0075, -0.005, 0.00405), (-0.0075, -0.005, 0.00425), (-0.0075, -0.001, 0.00405), (-0.0075, -0.001, 0.00425)]
            color3f[] primvars:displayColor = [(0.095, 0.1, 0.11)]
            uniform token subdivisionScheme = "none"
        }

        def Mesh "contact_tip_05" (
            prepend apiSchemas = ["MaterialBindingAPI"]
            customData = {
                bool newton_collision = 0
            }
        )
        {
            int[] faceVertexCounts = [3, 3, 3, 3, 3, 3, 3, 3, 3, 3, 3, 3]
            int[] faceVertexIndices = [1, 3, 0, 4, 1, 0, 0, 3, 2, 2, 4, 0, 1, 7, 3, 5, 1, 4, 5, 7, 1, 3, 7, 2, 6, 4, 2, 2, 7, 6, 6, 5, 4, 7, 5, 6]
            rel material:binding = </Looks/M_99844c>
            point3f[] points = [(-0.008375, -0.004, 0.00419), (-0.008375, -0.004, 0.00441), (-0.008375, -0.002, 0.00419), (-0.008375, -0.002, 0.00441), (-0.007825, -0.004, 0.00419), (-0.007825, -0.004, 0.00441), (-0.007825, -0.002, 0.00419), (-0.007825, -0.002, 0.00441)]
            color3f[] primvars:displayColor = [(0.6, 0.52, 0.3)]
            uniform token subdivisionScheme = "none"
        }

        def Mesh "contact_recess_06" (
            prepend apiSchemas = ["MaterialBindingAPI"]
            customData = {
                bool newton_collision = 0
            }
        )
        {
            int[] faceVertexCounts = [3, 3, 3, 3, 3, 3, 3, 3, 3, 3, 3, 3]
            int[] faceVertexIndices = [1, 3, 0, 4, 1, 0, 0, 3, 2, 2, 4, 0, 1, 7, 3, 5, 1, 4, 5, 7, 1, 3, 7, 2, 6, 4, 2, 2, 7, 6, 6, 5, 4, 7, 5, 6]
            rel material:binding = </Looks/M_18191c>
            point3f[] points = [(-0.0069, -0.005, 0.00405), (-0.0069, -0.005, 0.00425), (-0.0069, -0.001, 0.00405), (-0.0069, -0.001, 0.00425), (-0.0057, -0.005, 0.00405), (-0.0057, -0.005, 0.00425), (-0.0057, -0.001, 0.00405), (-0.0057, -0.001, 0.00425)]
            color3f[] primvars:displayColor = [(0.095, 0.1, 0.11)]
            uniform token subdivisionScheme = "none"
        }

        def Mesh "contact_tip_06" (
            prepend apiSchemas = ["MaterialBindingAPI"]
            customData = {
                bool newton_collision = 0
            }
        )
        {
            int[] faceVertexCounts = [3, 3, 3, 3, 3, 3, 3, 3, 3, 3, 3, 3]
            int[] faceVertexIndices = [1, 3, 0, 4, 1, 0, 0, 3, 2, 2, 4, 0, 1, 7, 3, 5, 1, 4, 5, 7, 1, 3, 7, 2, 6, 4, 2, 2, 7, 6, 6, 5, 4, 7, 5, 6]
            rel material:binding = </Looks/M_99844c>
            point3f[] points = [(-0.006575, -0.004, 0.00419), (-0.006575, -0.004, 0.00441), (-0.006575, -0.002, 0.00419), (-0.006575, -0.002, 0.00441), (-0.006025, -0.004, 0.00419), (-0.006025, -0.004, 0.00441), (-0.006025, -0.002, 0.00419), (-0.006025, -0.002, 0.00441)]
            color3f[] primvars:displayColor = [(0.6, 0.52, 0.3)]
            uniform token subdivisionScheme = "none"
        }

        def Mesh "contact_recess_07" (
            prepend apiSchemas = ["MaterialBindingAPI"]
            customData = {
                bool newton_collision = 0
            }
        )
        {
            int[] faceVertexCounts = [3, 3, 3, 3, 3, 3, 3, 3, 3, 3, 3, 3]
            int[] faceVertexIndices = [1, 3, 0, 4, 1, 0, 0, 3, 2, 2, 4, 0, 1, 7, 3, 5, 1, 4, 5, 7, 1, 3, 7, 2, 6, 4, 2, 2, 7, 6, 6, 5, 4, 7, 5, 6]
            rel material:binding = </Looks/M_18191c>
            point3f[] points = [(-0.0051, -0.005, 0.00405), (-0.0051, -0.005, 0.00425), (-0.0051, -0.001, 0.00405), (-0.0051, -0.001, 0.00425), (-0.0039, -0.005, 0.00405), (-0.0039, -0.005, 0.00425), (-0.0039, -0.001, 0.00405), (-0.0039, -0.001, 0.00425)]
            color3f[] primvars:displayColor = [(0.095, 0.1, 0.11)]
            uniform token subdivisionScheme = "none"
        }

        def Mesh "contact_tip_07" (
            prepend apiSchemas = ["MaterialBindingAPI"]
            customData = {
                bool newton_collision = 0
            }
        )
        {
            int[] faceVertexCounts = [3, 3, 3, 3, 3, 3, 3, 3, 3, 3, 3, 3]
            int[] faceVertexIndices = [1, 3, 0, 4, 1, 0, 0, 3, 2, 2, 4, 0, 1, 7, 3, 5, 1, 4, 5, 7, 1, 3, 7, 2, 6, 4, 2, 2, 7, 6, 6, 5, 4, 7, 5, 6]
            rel material:binding = </Looks/M_99844c>
            point3f[] points = [(-0.004775, -0.004, 0.00419), (-0.004775, -0.004, 0.00441), (-0.004775, -0.002, 0.00419), (-0.004775, -0.002, 0.00441), (-0.004225, -0.004, 0.00419), (-0.004225, -0.004, 0.00441), (-0.004225, -0.002, 0.00419), (-0.004225, -0.002, 0.00441)]
            color3f[] primvars:displayColor = [(0.6, 0.52, 0.3)]
            uniform token subdivisionScheme = "none"
        }

        def Mesh "contact_recess_08" (
            prepend apiSchemas = ["MaterialBindingAPI"]
            customData = {
                bool newton_collision = 0
            }
        )
        {
            int[] faceVertexCounts = [3, 3, 3, 3, 3, 3, 3, 3, 3, 3, 3, 3]
            int[] faceVertexIndices = [1, 3, 0, 4, 1, 0, 0, 3, 2, 2, 4, 0, 1, 7, 3, 5, 1, 4, 5, 7, 1, 3, 7, 2, 6, 4, 2, 2, 7, 6, 6, 5, 4, 7, 5, 6]
            rel material:binding = </Looks/M_18191c>
            point3f[] points = [(-0.0033, -0.005, 0.00405), (-0.0033, -0.005, 0.00425), (-0.0033, -0.001, 0.00405), (-0.0033, -0.001, 0.00425), (-0.0021, -0.005, 0.00405), (-0.0021, -0.005, 0.00425), (-0.0021, -0.001, 0.00405), (-0.0021, -0.001, 0.00425)]
            color3f[] primvars:displayColor = [(0.095, 0.1, 0.11)]
            uniform token subdivisionScheme = "none"
        }

        def Mesh "contact_tip_08" (
            prepend apiSchemas = ["MaterialBindingAPI"]
            customData = {
                bool newton_collision = 0
            }
        )
        {
            int[] faceVertexCounts = [3, 3, 3, 3, 3, 3, 3, 3, 3, 3, 3, 3]
            int[] faceVertexIndices = [1, 3, 0, 4, 1, 0, 0, 3, 2, 2, 4, 0, 1, 7, 3, 5, 1, 4, 5, 7, 1, 3, 7, 2, 6, 4, 2, 2, 7, 6, 6, 5, 4, 7, 5, 6]
            rel material:binding = </Looks/M_99844c>
            point3f[] points = [(-0.002975, -0.004, 0.00419), (-0.002975, -0.004, 0.00441), (-0.002975, -0.002, 0.00419), (-0.002975, -0.002, 0.00441), (-0.002425, -0.004, 0.00419), (-0.002425, -0.004, 0.00441), (-0.002425, -0.002, 0.00419), (-0.002425, -0.002, 0.00441)]
            color3f[] primvars:displayColor = [(0.6, 0.52, 0.3)]
            uniform token subdivisionScheme = "none"
        }

        def Mesh "contact_recess_09" (
            prepend apiSchemas = ["MaterialBindingAPI"]
            customData = {
                bool newton_collision = 0
            }
        )
        {
            int[] faceVertexCounts = [3, 3, 3, 3, 3, 3, 3, 3, 3, 3, 3, 3]
            int[] faceVertexIndices = [1, 3, 0, 4, 1, 0, 0, 3, 2, 2, 4, 0, 1, 7, 3, 5, 1, 4, 5, 7, 1, 3, 7, 2, 6, 4, 2, 2, 7, 6, 6, 5, 4, 7, 5, 6]
            rel material:binding = </Looks/M_18191c>
            point3f[] points = [(-0.0015, -0.005, 0.00405), (-0.0015, -0.005, 0.00425), (-0.0015, -0.001, 0.00405), (-0.0015, -0.001, 0.00425), (-0.0003, -0.005, 0.00405), (-0.0003, -0.005, 0.00425), (-0.0003, -0.001, 0.00405), (-0.0003, -0.001, 0.00425)]
            color3f[] primvars:displayColor = [(0.095, 0.1, 0.11)]
            uniform token subdivisionScheme = "none"
        }

        def Mesh "contact_tip_09" (
            prepend apiSchemas = ["MaterialBindingAPI"]
            customData = {
                bool newton_collision = 0
            }
        )
        {
            int[] faceVertexCounts = [3, 3, 3, 3, 3, 3, 3, 3, 3, 3, 3, 3]
            int[] faceVertexIndices = [1, 3, 0, 4, 1, 0, 0, 3, 2, 2, 4, 0, 1, 7, 3, 5, 1, 4, 5, 7, 1, 3, 7, 2, 6, 4, 2, 2, 7, 6, 6, 5, 4, 7, 5, 6]
            rel material:binding = </Looks/M_99844c>
            point3f[] points = [(-0.001175, -0.004, 0.00419), (-0.001175, -0.004, 0.00441), (-0.001175, -0.002, 0.00419), (-0.001175, -0.002, 0.00441), (-0.000625, -0.004, 0.00419), (-0.000625, -0.004, 0.00441), (-0.000625, -0.002, 0.00419), (-0.000625, -0.002, 0.00441)]
            color3f[] primvars:displayColor = [(0.6, 0.52, 0.3)]
            uniform token subdivisionScheme = "none"
        }

        def Mesh "contact_recess_10" (
            prepend apiSchemas = ["MaterialBindingAPI"]
            customData = {
                bool newton_collision = 0
            }
        )
        {
            int[] faceVertexCounts = [3, 3, 3, 3, 3, 3, 3, 3, 3, 3, 3, 3]
            int[] faceVertexIndices = [1, 3, 0, 4, 1, 0, 0, 3, 2, 2, 4, 0, 1, 7, 3, 5, 1, 4, 5, 7, 1, 3, 7, 2, 6, 4, 2, 2, 7, 6, 6, 5, 4, 7, 5, 6]
            rel material:binding = </Looks/M_18191c>
            point3f[] points = [(0.0003, -0.005, 0.00405), (0.0003, -0.005, 0.00425), (0.0003, -0.001, 0.00405), (0.0003, -0.001, 0.00425), (0.0015, -0.005, 0.00405), (0.0015, -0.005, 0.00425), (0.0015, -0.001, 0.00405), (0.0015, -0.001, 0.00425)]
            color3f[] primvars:displayColor = [(0.095, 0.1, 0.11)]
            uniform token subdivisionScheme = "none"
        }

        def Mesh "contact_tip_10" (
            prepend apiSchemas = ["MaterialBindingAPI"]
            customData = {
                bool newton_collision = 0
            }
        )
        {
            int[] faceVertexCounts = [3, 3, 3, 3, 3, 3, 3, 3, 3, 3, 3, 3]
            int[] faceVertexIndices = [1, 3, 0, 4, 1, 0, 0, 3, 2, 2, 4, 0, 1, 7, 3, 5, 1, 4, 5, 7, 1, 3, 7, 2, 6, 4, 2, 2, 7, 6, 6, 5, 4, 7, 5, 6]
            rel material:binding = </Looks/M_99844c>
            point3f[] points = [(0.000625, -0.004, 0.00419), (0.000625, -0.004, 0.00441), (0.000625, -0.002, 0.00419), (0.000625, -0.002, 0.00441), (0.001175, -0.004, 0.00419), (0.001175, -0.004, 0.00441), (0.001175, -0.002, 0.00419), (0.001175, -0.002, 0.00441)]
            color3f[] primvars:displayColor = [(0.6, 0.52, 0.3)]
            uniform token subdivisionScheme = "none"
        }

        def Mesh "contact_recess_11" (
            prepend apiSchemas = ["MaterialBindingAPI"]
            customData = {
                bool newton_collision = 0
            }
        )
        {
            int[] faceVertexCounts = [3, 3, 3, 3, 3, 3, 3, 3, 3, 3, 3, 3]
            int[] faceVertexIndices = [1, 3, 0, 4, 1, 0, 0, 3, 2, 2, 4, 0, 1, 7, 3, 5, 1, 4, 5, 7, 1, 3, 7, 2, 6, 4, 2, 2, 7, 6, 6, 5, 4, 7, 5, 6]
            rel material:binding = </Looks/M_18191c>
            point3f[] points = [(0.0021, -0.005, 0.00405), (0.0021, -0.005, 0.00425), (0.0021, -0.001, 0.00405), (0.0021, -0.001, 0.00425), (0.0033, -0.005, 0.00405), (0.0033, -0.005, 0.00425), (0.0033, -0.001, 0.00405), (0.0033, -0.001, 0.00425)]
            color3f[] primvars:displayColor = [(0.095, 0.1, 0.11)]
            uniform token subdivisionScheme = "none"
        }

        def Mesh "contact_tip_11" (
            prepend apiSchemas = ["MaterialBindingAPI"]
            customData = {
                bool newton_collision = 0
            }
        )
        {
            int[] faceVertexCounts = [3, 3, 3, 3, 3, 3, 3, 3, 3, 3, 3, 3]
            int[] faceVertexIndices = [1, 3, 0, 4, 1, 0, 0, 3, 2, 2, 4, 0, 1, 7, 3, 5, 1, 4, 5, 7, 1, 3, 7, 2, 6, 4, 2, 2, 7, 6, 6, 5, 4, 7, 5, 6]
            rel material:binding = </Looks/M_99844c>
            point3f[] points = [(0.002425, -0.004, 0.00419), (0.002425, -0.004, 0.00441), (0.002425, -0.002, 0.00419), (0.002425, -0.002, 0.00441), (0.002975, -0.004, 0.00419), (0.002975, -0.004, 0.00441), (0.002975, -0.002, 0.00419), (0.002975, -0.002, 0.00441)]
            color3f[] primvars:displayColor = [(0.6, 0.52, 0.3)]
            uniform token subdivisionScheme = "none"
        }

        def Mesh "contact_recess_12" (
            prepend apiSchemas = ["MaterialBindingAPI"]
            customData = {
                bool newton_collision = 0
            }
        )
        {
            int[] faceVertexCounts = [3, 3, 3, 3, 3, 3, 3, 3, 3, 3, 3, 3]
            int[] faceVertexIndices = [1, 3, 0, 4, 1, 0, 0, 3, 2, 2, 4, 0, 1, 7, 3, 5, 1, 4, 5, 7, 1, 3, 7, 2, 6, 4, 2, 2, 7, 6, 6, 5, 4, 7, 5, 6]
            rel material:binding = </Looks/M_18191c>
            point3f[] points = [(0.0039, -0.005, 0.00405), (0.0039, -0.005, 0.00425), (0.0039, -0.001, 0.00405), (0.0039, -0.001, 0.00425), (0.0051, -0.005, 0.00405), (0.0051, -0.005, 0.00425), (0.0051, -0.001, 0.00405), (0.0051, -0.001, 0.00425)]
            color3f[] primvars:displayColor = [(0.095, 0.1, 0.11)]
            uniform token subdivisionScheme = "none"
        }

        def Mesh "contact_tip_12" (
            prepend apiSchemas = ["MaterialBindingAPI"]
            customData = {
                bool newton_collision = 0
            }
        )
        {
            int[] faceVertexCounts = [3, 3, 3, 3, 3, 3, 3, 3, 3, 3, 3, 3]
            int[] faceVertexIndices = [1, 3, 0, 4, 1, 0, 0, 3, 2, 2, 4, 0, 1, 7, 3, 5, 1, 4, 5, 7, 1, 3, 7, 2, 6, 4, 2, 2, 7, 6, 6, 5, 4, 7, 5, 6]
            rel material:binding = </Looks/M_99844c>
            point3f[] points = [(0.004225, -0.004, 0.00419), (0.004225, -0.004, 0.00441), (0.004225, -0.002, 0.00419), (0.004225, -0.002, 0.00441), (0.004775, -0.004, 0.00419), (0.004775, -0.004, 0.00441), (0.004775, -0.002, 0.00419), (0.004775, -0.002, 0.00441)]
            color3f[] primvars:displayColor = [(0.6, 0.52, 0.3)]
            uniform token subdivisionScheme = "none"
        }

        def Mesh "contact_recess_13" (
            prepend apiSchemas = ["MaterialBindingAPI"]
            customData = {
                bool newton_collision = 0
            }
        )
        {
            int[] faceVertexCounts = [3, 3, 3, 3, 3, 3, 3, 3, 3, 3, 3, 3]
            int[] faceVertexIndices = [1, 3, 0, 4, 1, 0, 0, 3, 2, 2, 4, 0, 1, 7, 3, 5, 1, 4, 5, 7, 1, 3, 7, 2, 6, 4, 2, 2, 7, 6, 6, 5, 4, 7, 5, 6]
            rel material:binding = </Looks/M_18191c>
            point3f[] points = [(0.0057, -0.005, 0.00405), (0.0057, -0.005, 0.00425), (0.0057, -0.001, 0.00405), (0.0057, -0.001, 0.00425), (0.0069, -0.005, 0.00405), (0.0069, -0.005, 0.00425), (0.0069, -0.001, 0.00405), (0.0069, -0.001, 0.00425)]
            color3f[] primvars:displayColor = [(0.095, 0.1, 0.11)]
            uniform token subdivisionScheme = "none"
        }

        def Mesh "contact_tip_13" (
            prepend apiSchemas = ["MaterialBindingAPI"]
            customData = {
                bool newton_collision = 0
            }
        )
        {
            int[] faceVertexCounts = [3, 3, 3, 3, 3, 3, 3, 3, 3, 3, 3, 3]
            int[] faceVertexIndices = [1, 3, 0, 4, 1, 0, 0, 3, 2, 2, 4, 0, 1, 7, 3, 5, 1, 4, 5, 7, 1, 3, 7, 2, 6, 4, 2, 2, 7, 6, 6, 5, 4, 7, 5, 6]
            rel material:binding = </Looks/M_99844c>
            point3f[] points = [(0.006025, -0.004, 0.00419), (0.006025, -0.004, 0.00441), (0.006025, -0.002, 0.00419), (0.006025, -0.002, 0.00441), (0.006575, -0.004, 0.00419), (0.006575, -0.004, 0.00441), (0.006575, -0.002, 0.00419), (0.006575, -0.002, 0.00441)]
            color3f[] primvars:displayColor = [(0.6, 0.52, 0.3)]
            uniform token subdivisionScheme = "none"
        }

        def Mesh "contact_recess_14" (
            prepend apiSchemas = ["MaterialBindingAPI"]
            customData = {
                bool newton_collision = 0
            }
        )
        {
            int[] faceVertexCounts = [3, 3, 3, 3, 3, 3, 3, 3, 3, 3, 3, 3]
            int[] faceVertexIndices = [1, 3, 0, 4, 1, 0, 0, 3, 2, 2, 4, 0, 1, 7, 3, 5, 1, 4, 5, 7, 1, 3, 7, 2, 6, 4, 2, 2, 7, 6, 6, 5, 4, 7, 5, 6]
            rel material:binding = </Looks/M_18191c>
            point3f[] points = [(0.0075, -0.005, 0.00405), (0.0075, -0.005, 0.00425), (0.0075, -0.001, 0.00405), (0.0075, -0.001, 0.00425), (0.0087, -0.005, 0.00405), (0.0087, -0.005, 0.00425), (0.0087, -0.001, 0.00405), (0.0087, -0.001, 0.00425)]
            color3f[] primvars:displayColor = [(0.095, 0.1, 0.11)]
            uniform token subdivisionScheme = "none"
        }

        def Mesh "contact_tip_14" (
            prepend apiSchemas = ["MaterialBindingAPI"]
            customData = {
                bool newton_collision = 0
            }
        )
        {
            int[] faceVertexCounts = [3, 3, 3, 3, 3, 3, 3, 3, 3, 3, 3, 3]
            int[] faceVertexIndices = [1, 3, 0, 4, 1, 0, 0, 3, 2, 2, 4, 0, 1, 7, 3, 5, 1, 4, 5, 7, 1, 3, 7, 2, 6, 4, 2, 2, 7, 6, 6, 5, 4, 7, 5, 6]
            rel material:binding = </Looks/M_99844c>
            point3f[] points = [(0.007825, -0.004, 0.00419), (0.007825, -0.004, 0.00441), (0.007825, -0.002, 0.00419), (0.007825, -0.002, 0.00441), (0.008375, -0.004, 0.00419), (0.008375, -0.004, 0.00441), (0.008375, -0.002, 0.00419), (0.008375, -0.002, 0.00441)]
            color3f[] primvars:displayColor = [(0.6, 0.52, 0.3)]
            uniform token subdivisionScheme = "none"
        }

        def Mesh "contact_recess_15" (
            prepend apiSchemas = ["MaterialBindingAPI"]
            customData = {
                bool newton_collision = 0
            }
        )
        {
            int[] faceVertexCounts = [3, 3, 3, 3, 3, 3, 3, 3, 3, 3, 3, 3]
            int[] faceVertexIndices = [1, 3, 0, 4, 1, 0, 0, 3, 2, 2, 4, 0, 1, 7, 3, 5, 1, 4, 5, 7, 1, 3, 7, 2, 6, 4, 2, 2, 7, 6, 6, 5, 4, 7, 5, 6]
            rel material:binding = </Looks/M_18191c>
            point3f[] points = [(0.0093, -0.005, 0.00405), (0.0093, -0.005, 0.00425), (0.0093, -0.001, 0.00405), (0.0093, -0.001, 0.00425), (0.0105, -0.005, 0.00405), (0.0105, -0.005, 0.00425), (0.0105, -0.001, 0.00405), (0.0105, -0.001, 0.00425)]
            color3f[] primvars:displayColor = [(0.095, 0.1, 0.11)]
            uniform token subdivisionScheme = "none"
        }

        def Mesh "contact_tip_15" (
            prepend apiSchemas = ["MaterialBindingAPI"]
            customData = {
                bool newton_collision = 0
            }
        )
        {
            int[] faceVertexCounts = [3, 3, 3, 3, 3, 3, 3, 3, 3, 3, 3, 3]
            int[] faceVertexIndices = [1, 3, 0, 4, 1, 0, 0, 3, 2, 2, 4, 0, 1, 7, 3, 5, 1, 4, 5, 7, 1, 3, 7, 2, 6, 4, 2, 2, 7, 6, 6, 5, 4, 7, 5, 6]
            rel material:binding = </Looks/M_99844c>
            point3f[] points = [(0.009625, -0.004, 0.00419), (0.009625, -0.004, 0.00441), (0.009625, -0.002, 0.00419), (0.009625, -0.002, 0.00441), (0.010175, -0.004, 0.00419), (0.010175, -0.004, 0.00441), (0.010175, -0.002, 0.00419), (0.010175, -0.002, 0.00441)]
            color3f[] primvars:displayColor = [(0.6, 0.52, 0.3)]
            uniform token subdivisionScheme = "none"
        }

        def Mesh "contact_recess_16" (
            prepend apiSchemas = ["MaterialBindingAPI"]
            customData = {
                bool newton_collision = 0
            }
        )
        {
            int[] faceVertexCounts = [3, 3, 3, 3, 3, 3, 3, 3, 3, 3, 3, 3]
            int[] faceVertexIndices = [1, 3, 0, 4, 1, 0, 0, 3, 2, 2, 4, 0, 1, 7, 3, 5, 1, 4, 5, 7, 1, 3, 7, 2, 6, 4, 2, 2, 7, 6, 6, 5, 4, 7, 5, 6]
            rel material:binding = </Looks/M_18191c>
            point3f[] points = [(0.0111, -0.005, 0.00405), (0.0111, -0.005, 0.00425), (0.0111, -0.001, 0.00405), (0.0111, -0.001, 0.00425), (0.0123, -0.005, 0.00405), (0.0123, -0.005, 0.00425), (0.0123, -0.001, 0.00405), (0.0123, -0.001, 0.00425)]
            color3f[] primvars:displayColor = [(0.095, 0.1, 0.11)]
            uniform token subdivisionScheme = "none"
        }

        def Mesh "contact_tip_16" (
            prepend apiSchemas = ["MaterialBindingAPI"]
            customData = {
                bool newton_collision = 0
            }
        )
        {
            int[] faceVertexCounts = [3, 3, 3, 3, 3, 3, 3, 3, 3, 3, 3, 3]
            int[] faceVertexIndices = [1, 3, 0, 4, 1, 0, 0, 3, 2, 2, 4, 0, 1, 7, 3, 5, 1, 4, 5, 7, 1, 3, 7, 2, 6, 4, 2, 2, 7, 6, 6, 5, 4, 7, 5, 6]
            rel material:binding = </Looks/M_99844c>
            point3f[] points = [(0.011425, -0.004, 0.00419), (0.011425, -0.004, 0.00441), (0.011425, -0.002, 0.00419), (0.011425, -0.002, 0.00441), (0.011975, -0.004, 0.00419), (0.011975, -0.004, 0.00441), (0.011975, -0.002, 0.00419), (0.011975, -0.002, 0.00441)]
            color3f[] primvars:displayColor = [(0.6, 0.52, 0.3)]
            uniform token subdivisionScheme = "none"
        }

        def Mesh "contact_recess_17" (
            prepend apiSchemas = ["MaterialBindingAPI"]
            customData = {
                bool newton_collision = 0
            }
        )
        {
            int[] faceVertexCounts = [3, 3, 3, 3, 3, 3, 3, 3, 3, 3, 3, 3]
            int[] faceVertexIndices = [1, 3, 0, 4, 1, 0, 0, 3, 2, 2, 4, 0, 1, 7, 3, 5, 1, 4, 5, 7, 1, 3, 7, 2, 6, 4, 2, 2, 7, 6, 6, 5, 4, 7, 5, 6]
            rel material:binding = </Looks/M_18191c>
            point3f[] points = [(0.0129, -0.005, 0.00405), (0.0129, -0.005, 0.00425), (0.0129, -0.001, 0.00405), (0.0129, -0.001, 0.00425), (0.0141, -0.005, 0.00405), (0.0141, -0.005, 0.00425), (0.0141, -0.001, 0.00405), (0.0141, -0.001, 0.00425)]
            color3f[] primvars:displayColor = [(0.095, 0.1, 0.11)]
            uniform token subdivisionScheme = "none"
        }

        def Mesh "contact_tip_17" (
            prepend apiSchemas = ["MaterialBindingAPI"]
            customData = {
                bool newton_collision = 0
            }
        )
        {
            int[] faceVertexCounts = [3, 3, 3, 3, 3, 3, 3, 3, 3, 3, 3, 3]
            int[] faceVertexIndices = [1, 3, 0, 4, 1, 0, 0, 3, 2, 2, 4, 0, 1, 7, 3, 5, 1, 4, 5, 7, 1, 3, 7, 2, 6, 4, 2, 2, 7, 6, 6, 5, 4, 7, 5, 6]
            rel material:binding = </Looks/M_99844c>
            point3f[] points = [(0.013225, -0.004, 0.00419), (0.013225, -0.004, 0.00441), (0.013225, -0.002, 0.00419), (0.013225, -0.002, 0.00441), (0.013775, -0.004, 0.00419), (0.013775, -0.004, 0.00441), (0.013775, -0.002, 0.00419), (0.013775, -0.002, 0.00441)]
            color3f[] primvars:displayColor = [(0.6, 0.52, 0.3)]
            uniform token subdivisionScheme = "none"
        }

        def Mesh "contact_recess_18" (
            prepend apiSchemas = ["MaterialBindingAPI"]
            customData = {
                bool newton_collision = 0
            }
        )
        {
            int[] faceVertexCounts = [3, 3, 3, 3, 3, 3, 3, 3, 3, 3, 3, 3]
            int[] faceVertexIndices = [1, 3, 0, 4, 1, 0, 0, 3, 2, 2, 4, 0, 1, 7, 3, 5, 1, 4, 5, 7, 1, 3, 7, 2, 6, 4, 2, 2, 7, 6, 6, 5, 4, 7, 5, 6]
            rel material:binding = </Looks/M_18191c>
            point3f[] points = [(0.0147, -0.005, 0.00405), (0.0147, -0.005, 0.00425), (0.0147, -0.001, 0.00405), (0.0147, -0.001, 0.00425), (0.0159, -0.005, 0.00405), (0.0159, -0.005, 0.00425), (0.0159, -0.001, 0.00405), (0.0159, -0.001, 0.00425)]
            color3f[] primvars:displayColor = [(0.095, 0.1, 0.11)]
            uniform token subdivisionScheme = "none"
        }

        def Mesh "contact_tip_18" (
            prepend apiSchemas = ["MaterialBindingAPI"]
            customData = {
                bool newton_collision = 0
            }
        )
        {
            int[] faceVertexCounts = [3, 3, 3, 3, 3, 3, 3, 3, 3, 3, 3, 3]
            int[] faceVertexIndices = [1, 3, 0, 4, 1, 0, 0, 3, 2, 2, 4, 0, 1, 7, 3, 5, 1, 4, 5, 7, 1, 3, 7, 2, 6, 4, 2, 2, 7, 6, 6, 5, 4, 7, 5, 6]
            rel material:binding = </Looks/M_99844c>
            point3f[] points = [(0.015025, -0.004, 0.00419), (0.015025, -0.004, 0.00441), (0.015025, -0.002, 0.00419), (0.015025, -0.002, 0.00441), (0.015575, -0.004, 0.00419), (0.015575, -0.004, 0.00441), (0.015575, -0.002, 0.00419), (0.015575, -0.002, 0.00441)]
            color3f[] primvars:displayColor = [(0.6, 0.52, 0.3)]
            uniform token subdivisionScheme = "none"
        }

        def Mesh "contact_recess_19" (
            prepend apiSchemas = ["MaterialBindingAPI"]
            customData = {
                bool newton_collision = 0
            }
        )
        {
            int[] faceVertexCounts = [3, 3, 3, 3, 3, 3, 3, 3, 3, 3, 3, 3]
            int[] faceVertexIndices = [1, 3, 0, 4, 1, 0, 0, 3, 2, 2, 4, 0, 1, 7, 3, 5, 1, 4, 5, 7, 1, 3, 7, 2, 6, 4, 2, 2, 7, 6, 6, 5, 4, 7, 5, 6]
            rel material:binding = </Looks/M_18191c>
            point3f[] points = [(0.0165, -0.005, 0.00405), (0.0165, -0.005, 0.00425), (0.0165, -0.001, 0.00405), (0.0165, -0.001, 0.00425), (0.0177, -0.005, 0.00405), (0.0177, -0.005, 0.00425), (0.0177, -0.001, 0.00405), (0.0177, -0.001, 0.00425)]
            color3f[] primvars:displayColor = [(0.095, 0.1, 0.11)]
            uniform token subdivisionScheme = "none"
        }

        def Mesh "contact_tip_19" (
            prepend apiSchemas = ["MaterialBindingAPI"]
            customData = {
                bool newton_collision = 0
            }
        )
        {
            int[] faceVertexCounts = [3, 3, 3, 3, 3, 3, 3, 3, 3, 3, 3, 3]
            int[] faceVertexIndices = [1, 3, 0, 4, 1, 0, 0, 3, 2, 2, 4, 0, 1, 7, 3, 5, 1, 4, 5, 7, 1, 3, 7, 2, 6, 4, 2, 2, 7, 6, 6, 5, 4, 7, 5, 6]
            rel material:binding = </Looks/M_99844c>
            point3f[] points = [(0.016825, -0.004, 0.00419), (0.016825, -0.004, 0.00441), (0.016825, -0.002, 0.00419), (0.016825, -0.002, 0.00441), (0.017375, -0.004, 0.00419), (0.017375, -0.004, 0.00441), (0.017375, -0.002, 0.00419), (0.017375, -0.002, 0.00441)]
            color3f[] primvars:displayColor = [(0.6, 0.52, 0.3)]
            uniform token subdivisionScheme = "none"
        }
    }

    def "Cable_0"
    {
        def Xform "Segment_00"
        {
            matrix4d xformOp:transform = ( (0.9999999999999934, -3.479352877116664e-8, 1.094722329695762e-7, 0), (1.0113576198834154e-7, 0.7185546118538371, -0.6954705636679502, 0), (-5.4463906238284986e-8, 0.6954705636679567, 0.7185546118538358, 0), (-0.006250003818422556, 0.008076993748545647, 0.10321615636348724, 1) )
            uniform token[] xformOpOrder = ["xformOp:transform"]

            def Capsule "Visual" (
                prepend apiSchemas = ["MaterialBindingAPI"]
            )
            {
                uniform token axis = "Z"
                double height = 0.00499672131147541
                rel material:binding = </Looks/Wire_0>
                color3f[] primvars:displayColor = [(0.85, 0.04, 0.065)]
                double radius = 0.001
            }
        }

        def Xform "Segment_01"
        {
            matrix4d xformOp:transform = ( (0.9999999999998151, -4.895321923655058e-7, -3.6068502884457073e-7, 0), (7.823504886115767e-8, 0.6918280536948277, -0.722062287581756, 0), (6.030047549766748e-7, 0.7220622875815943, 0.6918280536947381, 0), (-0.006250002421438694, 0.011618174612522125, 0.10673946887254715, 1) )
            uniform token[] xformOpOrder = ["xformOp:transform"]

            def Capsule "Visual" (
                prepend apiSchemas = ["MaterialBindingAPI"]
            )
            {
                uniform token axis = "Z"
                double height = 0.00499672131147541
                rel material:binding = </Looks/Wire_0>
                color3f[] primvars:displayColor = [(0.85, 0.04, 0.065)]
                double radius = 0.001
            }
        }

        def Xform "Segment_02"
        {
            matrix4d xformOp:transform = ( (0.999999999999913, -3.4733677145087026e-7, -2.3125073845889073e-7, 0), (5.7793339648386124e-8, 0.6641364316001026, -0.7476114527212695, 0), (4.1325496576808687e-7, 0.7476114527211911, 0.6641364316000649, 0), (-0.0062500000931322575, 0.01528962142765522, 0.11012686043977737, 1) )
            uniform token[] xformOpOrder = ["xformOp:transform"]

            def Capsule "Visual" (
                prepend apiSchemas = ["MaterialBindingAPI"]
            )
            {
                uniform token axis = "Z"
                double height = 0.00499672131147541
                rel material:binding = </Looks/Wire_0>
                color3f[] primvars:displayColor = [(0.85, 0.04, 0.065)]
                double radius = 0.001
            }
        }

        def Xform "Segment_03"
        {
            matrix4d xformOp:transform = ( (0.9999999999999966, -8.191949421110163e-8, 7.946371773392041e-9, 0), (5.819688213126046e-8, 0.6355217377219257, -0.7720830519284771, 0), (5.819855038026164e-8, 0.7720830519284749, 0.6355217377219282, 0), (-0.0062499986961483955, 0.019086038693785667, 0.11337357759475708, 1) )
            uniform token[] xformOpOrder = ["xformOp:transform"]

            def Capsule "Visual" (
                prepend apiSchemas = ["MaterialBindingAPI"]
            )
            {
                uniform token axis = "Z"
                double height = 0.00499672131147541
                rel material:binding = </Looks/Wire_0>
                color3f[] primvars:displayColor = [(0.85, 0.04, 0.065)]
                double radius = 0.001
            }
        }

        def Xform "Segment_04"
        {
            matrix4d xformOp:transform = ( (0.999999999999994, -1.0763108318293691e-7, -1.99883937377864e-8, 0), (4.93264696340862e-8, 0.6060170346324758, -0.7954516754890364, 0), (9.772863114147581e-8, 0.7954516754890306, 0.6060170346324774, 0), (-0.0062499986961483955, 0.023001978173851967, 0.11647512018680573, 1) )
            uniform token[] xformOpOrder = ["xformOp:transform"]

            def Capsule "Visual" (
                prepend apiSchemas = ["MaterialBindingAPI"]
            )
            {
                uniform token axis = "Z"
                double height = 0.00499672131147541
                rel material:binding = </Looks/Wire_0>
                color3f[] primvars:displayColor = [(0.85, 0.04, 0.065)]
                double radius = 0.001
            }
        }

        def Xform "Segment_05"
        {
            matrix4d xformOp:transform = ( (0.9999999999999987, -4.673915479351731e-8, 1.972256056973849e-8, 0), (4.3033064442951095e-8, 0.5756685053928661, -0.8176831415617835, 0), (2.6864164809057318e-8, 0.8176831415617832, 0.5756685053928674, 0), (-0.0062499986961483955, 0.02703184261918068, 0.1194271370768547, 1) )
            uniform token[] xformOpOrder = ["xformOp:transform"]

            def Capsule "Visual" (
                prepend apiSchemas = ["MaterialBindingAPI"]
            )
            {
                uniform token axis = "Z"
                double height = 0.00499672131147541
                rel material:binding = </Looks/Wire_0>
                color3f[] primvars:displayColor = [(0.85, 0.04, 0.065)]
                double radius = 0.001
            }
        }

        def Xform "Segment_06"
        {
            matrix4d xformOp:transform = ( (0.9999999999999964, 3.619519597707144e-8, 7.596476097913361e-8, 0), (4.400764434997965e-8, 0.5445038838506076, -0.8387584072657253, 0), (-7.172213299394555e-8, 0.8387584072657257, 0.544503883850604, 0), (-0.0062499986961483955, 0.03116990067064762, 0.12222551554441452, 1) )
            uniform token[] xformOpOrder = ["xformOp:transform"]

            def Capsule "Visual" (
                prepend apiSchemas = ["MaterialBindingAPI"]
            )
            {
                uniform token axis = "Z"
                double height = 0.00499672131147541
                rel material:binding = </Looks/Wire_0>
                color3f[] primvars:displayColor = [(0.85, 0.04, 0.065)]
                double radius = 0.001
            }
        }

        def Xform "Segment_07"
        {
            matrix4d xformOp:transform = ( (0.9999999999999846, 1.1822013693432538e-7, 1.303238533209002e-7, 0), (5.1306909295760835e-8, 0.5125647638344024, -0.8586485922855294, 0), (-1.6830896761520084e-7, 0.8586485922855227, 0.5125647638343883, 0), (-0.00624999962747097, 0.03541030362248421, 0.12486623227596283, 1) )
            uniform token[] xformOpOrder = ["xformOp:transform"]

            def Capsule "Visual" (
                prepend apiSchemas = ["MaterialBindingAPI"]
            )
            {
                uniform token axis = "Z"
                double height = 0.00499672131147541
                rel material:binding = </Looks/Wire_0>
                color3f[] primvars:displayColor = [(0.85, 0.04, 0.065)]
                double radius = 0.001
            }
        }

        def Xform "Segment_08"
        {
            matrix4d xformOp:transform = ( (0.9999999999999951, 4.232132992176473e-8, 8.875425607140443e-8, 0), (5.755826953608865e-8, 0.47987674210735776, -0.8773359833010583, 0), (-7.972112985367342e-8, 0.8773359833010592, 0.479876742107353, 0), (-0.0062500000931322575, 0.03974708914756775, 0.12734553217887878, 1) )
            uniform token[] xformOpOrder = ["xformOp:transform"]

            def Capsule "Visual" (
                prepend apiSchemas = ["MaterialBindingAPI"]
            )
            {
                uniform token axis = "Z"
                double height = 0.00499672131147541
                rel material:binding = </Looks/Wire_0>
                color3f[] primvars:displayColor = [(0.85, 0.04, 0.065)]
                double radius = 0.001
            }
        }

        def Xform "Segment_09"
        {
            matrix4d xformOp:transform = ( (0.9999999999999879, 9.631550435705515e-8, 1.218753435646064e-7, 0), (6.604915240763861e-8, 0.44648741773380596, -0.8947900157594417, 0), (-1.405979559409641e-7, 0.8947900157594391, 0.4464874177337942, 0), (-0.006250000558793545, 0.04417417198419571, 0.1296597272157669, 1) )
            uniform token[] xformOpOrder = ["xformOp:transform"]

            def Capsule "Visual" (
                prepend apiSchemas = ["MaterialBindingAPI"]
            )
            {
                uniform token axis = "Z"
                double height = 0.00499672131147541
                rel material:binding = </Looks/Wire_0>
                color3f[] primvars:displayColor = [(0.85, 0.04, 0.065)]
                double radius = 0.001
            }
        }

        def Xform "Segment_10"
        {
            matrix4d xformOp:transform = ( (0.9999999999999856, 1.0993015551478429e-7, 1.2958446274555465e-7, 0), (7.271263210255455e-8, 0.41242367895721777, -0.9109921426375697, 0), (-1.5358920928658124e-7, 0.9109921426375659, 0.4124236789572038, 0), (-0.006250001955777407, 0.04868534207344055, 0.1318054497241974, 1) )
            uniform token[] xformOpOrder = ["xformOp:transform"]

            def Capsule "Visual" (
                prepend apiSchemas = ["MaterialBindingAPI"]
            )
            {
                uniform token axis = "Z"
                double height = 0.00499672131147541
                rel material:binding = </Looks/Wire_0>
                color3f[] primvars:displayColor = [(0.85, 0.04, 0.065)]
                double radius = 0.001
            }
        }

        def Xform "Segment_11"
        {
            matrix4d xformOp:transform = ( (0.9999999999999938, 4.7667024406758675e-8, 1.0077382033354777e-7, 0), (7.530164921930085e-8, 0.3777430671498151, -0.9259104192988223, 0), (-8.220200548202009e-8, 0.9259104192988241, 0.3777430671498091, 0), (-0.006250002421438694, 0.05327426269650459, 0.1337794065475464, 1) )
            uniform token[] xformOpOrder = ["xformOp:transform"]

            def Capsule "Visual" (
                prepend apiSchemas = ["MaterialBindingAPI"]
            )
            {
                uniform token axis = "Z"
                double height = 0.00499672131147541
                rel material:binding = </Looks/Wire_0>
                color3f[] primvars:displayColor = [(0.85, 0.04, 0.065)]
                double radius = 0.001
            }
        }

        def Xform "Segment_12"
        {
            matrix4d xformOp:transform = ( (0.9999999999999971, -1.5571827678778624e-8, 7.469207561591011e-8, 0), (7.550808675584039e-8, 0.3424829328875971, -0.9395240363492959, 0), (-1.0950653475610074e-8, 0.9395240363492988, 0.34248293288759735, 0), (-0.006250002421438694, 0.0579344667494297, 0.13557866215705872, 1) )
            uniform token[] xformOpOrder = ["xformOp:transform"]

            def Capsule "Visual" (
                prepend apiSchemas = ["MaterialBindingAPI"]
            )
            {
                uniform token axis = "Z"
                double height = 0.00499672131147541
                rel material:binding = </Looks/Wire_0>
                color3f[] primvars:displayColor = [(0.85, 0.04, 0.065)]
                double radius = 0.001
            }
        }

        def Xform "Segment_13"
        {
            matrix4d xformOp:transform = ( (0.9999999999999972, -3.201189273755501e-8, 6.73097280517805e-8, 0), (7.388392981303631e-8, 0.3067061561804373, -0.951804240782592, 0), (9.824748466383206e-9, 0.9518042407825942, 0.3067061561804387, 0), (-0.006250002887099981, 0.0626593604683876, 0.13720044493675232, 1) )
            uniform token[] xformOpOrder = ["xformOp:transform"]

            def Capsule "Visual" (
                prepend apiSchemas = ["MaterialBindingAPI"]
            )
            {
                uniform token axis = "Z"
                double height = 0.00499672131147541
                rel material:binding = </Looks/Wire_0>
                color3f[] primvars:displayColor = [(0.85, 0.04, 0.065)]
                double radius = 0.001
            }
        }

        def Xform "Segment_14"
        {
            matrix4d xformOp:transform = ( (0.9999999999999897, -1.3972360508801973e-7, 3.2184404145657535e-8, 0), (6.877500795727762e-8, 0.2704632508965531, -0.9627303509444157, 0), (1.2581144609883598e-7, 0.962730350944408, 0.27046325089655987, 0), (-0.006250002421438694, 0.06744223833084106, 0.1386423408985138, 1) )
            uniform token[] xformOpOrder = ["xformOp:transform"]

            def Capsule "Visual" (
                prepend apiSchemas = ["MaterialBindingAPI"]
            )
            {
                uniform token axis = "Z"
                double height = 0.00499672131147541
                rel material:binding = </Looks/Wire_0>
                color3f[] primvars:displayColor = [(0.85, 0.04, 0.065)]
                double radius = 0.001
            }
        }

        def Xform "Segment_15"
        {
            matrix4d xformOp:transform = ( (0.9999999999999821, -1.8840569872135855e-7, 1.5580681267914e-8, 0), (5.919974207053616e-8, 0.23380870759698702, -0.9722827488326058, 0), (1.795406791739344e-7, 0.9722827488325894, 0.23380870759699401, 0), (-0.006250001490116119, 0.0722762793302536, 0.13990211486816406, 1) )
            uniform token[] xformOpOrder = ["xformOp:transform"]

            def Capsule "Visual" (
                prepend apiSchemas = ["MaterialBindingAPI"]
            )
            {
                uniform token axis = "Z"
                double height = 0.00499672131147541
                rel material:binding = </Looks/Wire_0>
                color3f[] primvars:displayColor = [(0.85, 0.04, 0.065)]
                double radius = 0.001
            }
        }

        def Xform "Segment_16"
        {
            matrix4d xformOp:transform = ( (0.9999999999999774, -2.1302669014129394e-7, 2.671350449099023e-9, 0), (4.454223118055073e-8, 0.1967975188089074, -0.9804441392403018, 0), (2.0833505818089076e-7, 0.9804441392402796, 0.1967975188089124, 0), (-0.0062500000931322575, 0.07715458422899246, 0.1409778594970703, 1) )
            uniform token[] xformOpOrder = ["xformOp:transform"]

            def Capsule "Visual" (
                prepend apiSchemas = ["MaterialBindingAPI"]
            )
            {
                uniform token axis = "Z"
                double height = 0.00499672131147541
                rel material:binding = </Looks/Wire_0>
                color3f[] primvars:displayColor = [(0.85, 0.04, 0.065)]
                double radius = 0.001
            }
        }

        def Xform "Segment_17"
        {
            matrix4d xformOp:transform = ( (0.9999999999999609, -2.789597601832589e-7, -1.8406379082017417e-8, 0), (2.63176229882247e-8, 0.1594796209958046, -0.9872013145111307, 0), (2.7832485572198166e-7, 0.9872013145110916, 0.1594796209958057, 0), (-0.006249999161809683, 0.08207015693187714, 0.14186792075634003, 1) )
            uniform token[] xformOpOrder = ["xformOp:transform"]

            def Capsule "Visual" (
                prepend apiSchemas = ["MaterialBindingAPI"]
            )
            {
                uniform token axis = "Z"
                double height = 0.00499672131147541
                rel material:binding = </Looks/Wire_0>
                color3f[] primvars:displayColor = [(0.85, 0.04, 0.065)]
                double radius = 0.001
            }
        }

        def Xform "Segment_18"
        {
            matrix4d xformOp:transform = ( (0.9999999999999373, -3.52641179361059e-7, -3.4093375954615896e-8, 0), (9.151337821190639e-9, 0.12190973469066002, -0.9925412625123926, 0), (3.541672100593501e-7, 0.99254126251233, 0.12190973469065558, 0), (-0.006249997764825821, 0.08701595664024353, 0.14257089793682098, 1) )
            uniform token[] xformOpOrder = ["xformOp:transform"]

            def Capsule "Visual" (
                prepend apiSchemas = ["MaterialBindingAPI"]
            )
            {
                uniform token axis = "Z"
                double height = 0.00499672131147541
                rel material:binding = </Looks/Wire_0>
                color3f[] primvars:displayColor = [(0.85, 0.04, 0.065)]
                double radius = 0.001
            }
        }

        def Xform "Segment_19"
        {
            matrix4d xformOp:transform = ( (0.9999999999999754, -2.2087549083533002e-7, -2.1682369243951455e-8, 0), (-3.0197781929619126e-9, 0.08414551857719099, -0.9964535279088815, 0), (2.2191662517135646e-7, 0.9964535279088571, 0.08414551857718833, 0), (-0.006249995902180672, 0.09198487550020218, 0.14308565855026245, 1) )
            uniform token[] xformOpOrder = ["xformOp:transform"]

            def Capsule "Visual" (
                prepend apiSchemas = ["MaterialBindingAPI"]
            )
            {
                uniform token axis = "Z"
                double height = 0.00499672131147541
                rel material:binding = </Looks/Wire_0>
                color3f[] primvars:displayColor = [(0.85, 0.04, 0.065)]
                double radius = 0.001
            }
        }

        def Xform "Segment_20"
        {
            matrix4d xformOp:transform = ( (0.9999999999999843, -1.7451384888173464e-7, -2.9755046350229382e-8, 0), (-2.1649461515618696e-8, 0.046264026855050266, -0.998929309986615, 0), (1.757035772285384e-7, 0.9989293099865999, 0.046264026855045715, 0), (-0.006249994970858097, 0.09696974605321884, 0.14341145753860474, 1) )
            uniform token[] xformOpOrder = ["xformOp:transform"]

            def Capsule "Visual" (
                prepend apiSchemas = ["MaterialBindingAPI"]
            )
            {
                uniform token axis = "Z"
                double height = 0.00499672131147541
                rel material:binding = </Looks/Wire_0>
                color3f[] primvars:displayColor = [(0.85, 0.04, 0.065)]
                double radius = 0.001
            }
        }

        def Xform "Segment_21"
        {
            matrix4d xformOp:transform = ( (0.9999999999999793, -1.9884325466061126e-7, -4.201661656975407e-8, 0), (-4.0362757125980025e-8, 0.008310072123998147, -0.9999655051651738, 0), (1.9918555125606773e-7, 0.9999655051651549, 0.008310072123989931, 0), (-0.00624999450519681, 0.10196340084075928, 0.14354778826236725, 1) )
            uniform token[] xformOpOrder = ["xformOp:transform"]

            def Capsule "Visual" (
                prepend apiSchemas = ["MaterialBindingAPI"]
            )
            {
                uniform token axis = "Z"
                double height = 0.00499672131147541
                rel material:binding = </Looks/Wire_0>
                color3f[] primvars:displayColor = [(0.85, 0.04, 0.065)]
                double radius = 0.001
            }
        }

        def Xform "Segment_22"
        {
            matrix4d xformOp:transform = ( (0.9999999999999764, -2.1290251058622018e-7, -4.5280585136396865e-8, 0), (-5.157218432718507e-8, -0.029645091624686426, -0.9995605532653862, 0), (2.1146659359797927e-7, 0.9995605532653649, -0.02964509162469664, 0), (-0.006249993573874235, 0.10695863515138626, 0.14349448680877686, 1) )
            uniform token[] xformOpOrder = ["xformOp:transform"]

            def Capsule "Visual" (
                prepend apiSchemas = ["MaterialBindingAPI"]
            )
            {
                uniform token axis = "Z"
                double height = 0.00499672131147541
                rel material:binding = </Looks/Wire_0>
                color3f[] primvars:displayColor = [(0.85, 0.04, 0.065)]
                double radius = 0.001
            }
        }

        def Xform "Segment_23"
        {
            matrix4d xformOp:transform = ( (0.9999999999999812, -1.871692001225112e-7, -4.9320515898451324e-8, 0), (-6.185331016212256e-8, -0.0675619503442817, -0.9977152367084521, 0), (1.834093530466162e-7, 0.9977152367084365, -0.06756195034429191, 0), (-0.006249992176890373, 0.11194823682308197, 0.14325162768363953, 1) )
            uniform token[] xformOpOrder = ["xformOp:transform"]

            def Capsule "Visual" (
                prepend apiSchemas = ["MaterialBindingAPI"]
            )
            {
                uniform token axis = "Z"
                double height = 0.00499672131147541
                rel material:binding = </Looks/Wire_0>
                color3f[] primvars:displayColor = [(0.85, 0.04, 0.065)]
                double radius = 0.001
            }
        }

        def Xform "Segment_24"
        {
            matrix4d xformOp:transform = ( (0.9999999999999839, -1.7140502794927605e-7, -5.2382337128128454e-8, 0), (-7.015246318997998e-8, -0.10537478936357592, -0.9944326280241843, 0), (1.6493096967421102e-7, 0.9944326280241721, -0.10537478936358613, 0), (-0.006249991245567799, 0.11692504584789276, 0.1428195983171463, 1) )
            uniform token[] xformOpOrder = ["xformOp:transform"]

            def Capsule "Visual" (
                prepend apiSchemas = ["MaterialBindingAPI"]
            )
            {
                uniform token axis = "Z"
                double height = 0.00499672131147541
                rel material:binding = </Looks/Wire_0>
                color3f[] primvars:displayColor = [(0.85, 0.04, 0.065)]
                double radius = 0.001
            }
        }

        def Xform "Segment_25"
        {
            matrix4d xformOp:transform = ( (0.9999999999999951, -7.569762229368391e-8, -6.299152800000244e-8, 0), (-7.317074789649341e-8, -0.1430276069450045, -0.989718623812884, 0), (6.590981924539111e-8, 0.9897186238128838, -0.14302760694500938, 0), (-0.006249990779906511, 0.1218818724155426, 0.14219902455806732, 1) )
            uniform token[] xformOpOrder = ["xformOp:transform"]

            def Capsule "Visual" (
                prepend apiSchemas = ["MaterialBindingAPI"]
            )
            {
                uniform token axis = "Z"
                double height = 0.00499672131147541
                rel material:binding = </Looks/Wire_0>
                color3f[] primvars:displayColor = [(0.85, 0.04, 0.065)]
                double radius = 0.001
            }
        }

        def Xform "Segment_26"
        {
            matrix4d xformOp:transform = ( (0.9999999999999956, 4.366124133943618e-8, -8.313187710861208e-8, 0), (-7.388790566022905e-8, -0.18046059936405068, -0.9835822777828929, 0), (-5.794644410183393e-8, 0.9835822777828946, -0.18046059936404668, 0), (-0.006249990779906511, 0.12681159377098083, 0.14139090478420258, 1) )
            uniform token[] xformOpOrder = ["xformOp:transform"]

            def Capsule "Visual" (
                prepend apiSchemas = ["MaterialBindingAPI"]
            )
            {
                uniform token axis = "Z"
                double height = 0.00499672131147541
                rel material:binding = </Looks/Wire_0>
                color3f[] primvars:displayColor = [(0.85, 0.04, 0.065)]
                double radius = 0.001
            }
        }

        def Xform "Segment_27"
        {
            matrix4d xformOp:transform = ( (0.9999999999999792, 1.7431393471909932e-7, -1.0587245803124403e-7, 0), (-6.540117973455373e-8, -0.21761848685966068, -0.9760339374606981, 0), (-1.9317611367909995e-7, 0.9760339374606848, -0.2176184868596447, 0), (-0.006249991245567799, 0.13170713186264038, 0.14039641618728638, 1) )
            uniform token[] xformOpOrder = ["xformOp:transform"]

            def Capsule "Visual" (
                prepend apiSchemas = ["MaterialBindingAPI"]
            )
            {
                uniform token axis = "Z"
                double height = 0.00499672131147541
                rel material:binding = </Looks/Wire_0>
                color3f[] primvars:displayColor = [(0.85, 0.04, 0.065)]
                double radius = 0.001
            }
        }

        def Xform "Segment_28"
        {
            matrix4d xformOp:transform = ( (0.9999999999999893, 1.1369470598487022e-7, -9.13886513427558e-8, 0), (-5.945190185754752e-8, -0.2544441483891149, -0.9670877320001618, 0), (-1.3320601761464985e-7, 0.967087732000157, -0.25444414838910556, 0), (-0.006249992176890373, 0.13656145334243774, 0.13921710848808289, 1) )
            uniform token[] xformOpOrder = ["xformOp:transform"]

            def Capsule "Visual" (
                prepend apiSchemas = ["MaterialBindingAPI"]
            )
            {
                uniform token axis = "Z"
                double height = 0.00499672131147541
                rel material:binding = </Looks/Wire_0>
                color3f[] primvars:displayColor = [(0.85, 0.04, 0.065)]
                double radius = 0.001
            }
        }

        def Xform "Segment_29"
        {
            matrix4d xformOp:transform = ( (0.9999999999999829, 1.545512440169753e-7, -1.0170243503620373e-7, 0), (-5.2346901607562436e-8, -0.2908907970654804, -0.9567562313332998, 0), (-1.7745217443462355e-7, 0.9567562313332887, -0.2908907970654673, 0), (-0.006249993108212948, 0.1413675993680954, 0.13785474002361298, 1) )
            uniform token[] xformOpOrder = ["xformOp:transform"]

            def Capsule "Visual" (
                prepend apiSchemas = ["MaterialBindingAPI"]
            )
            {
                uniform token axis = "Z"
                double height = 0.00499672131147541
                rel material:binding = </Looks/Wire_0>
                color3f[] primvars:displayColor = [(0.85, 0.04, 0.065)]
                double radius = 0.001
            }
        }

        def Xform "Segment_30"
        {
            matrix4d xformOp:transform = ( (0.9999999999999762, 1.906577426422826e-7, -1.0594876763306575e-7, 0), (-3.779960319432611e-8, -0.3269099400972928, -0.9450557255246131, 0), (-2.1481784420938525e-7, 0.9450557255245947, -0.3269099400972779, 0), (-0.0062499940395355225, 0.14611873030662537, 0.1363113522529602, 1) )
            uniform token[] xformOpOrder = ["xformOp:transform"]

            def Capsule "Visual" (
                prepend apiSchemas = ["MaterialBindingAPI"]
            )
            {
                uniform token axis = "Z"
                double height = 0.00499672131147541
                rel material:binding = </Looks/Wire_0>
                color3f[] primvars:displayColor = [(0.85, 0.04, 0.065)]
                double radius = 0.001
            }
        }

        def Xform "Segment_31"
        {
            matrix4d xformOp:transform = ( (0.9999999999999728, 2.087098141766945e-7, -1.0443363402454875e-7, 0), (-2.1684064937969072e-8, -0.3624563635675311, -0.9320009181076587, 0), (-2.3237033325493526e-7, 0.9320009181076356, -0.36245636356751665, 0), (-0.006249994970858097, 0.15080800652503967, 0.13458918035030365, 1) )
            uniform token[] xformOpOrder = ["xformOp:transform"]

            def Capsule "Visual" (
                prepend apiSchemas = ["MaterialBindingAPI"]
            )
            {
                uniform token axis = "Z"
                double height = 0.00499672131147541
                rel material:binding = </Looks/Wire_0>
                color3f[] primvars:displayColor = [(0.85, 0.04, 0.065)]
                double radius = 0.001
            }
        }

        def Xform "Segment_32"
        {
            matrix4d xformOp:transform = ( (0.9999999999999666, 2.3484372070167029e-7, -1.0855925710777988e-7, 0), (-6.271569624467354e-9, -0.39747259611413743, -0.9176140988039244, 0), (-2.5864522588140427e-7, 0.9176140988038944, -0.39747259611412256, 0), (-0.006249995902180672, 0.1554287225008011, 0.13269074261188507, 1) )
            uniform token[] xformOpOrder = ["xformOp:transform"]

            def Capsule "Visual" (
                prepend apiSchemas = ["MaterialBindingAPI"]
            )
            {
                uniform token axis = "Z"
                double height = 0.00499672131147541
                rel material:binding = </Looks/Wire_0>
                color3f[] primvars:displayColor = [(0.85, 0.04, 0.065)]
                double radius = 0.001
            }
        }

        def Xform "Segment_33"
        {
            matrix4d xformOp:transform = ( (0.9999999999999708, 2.2151197920361895e-7, -9.648534854735825e-8, 0), (8.65660161188308e-9, -0.4319292921534754, -0.9019076950512919, 0), (-2.4145815923994547e-7, 0.9019076950512648, -0.43192929215346476, 0), (-0.006249997299164534, 0.15997426211833954, 0.13061873614788055, 1) )
            uniform token[] xformOpOrder = ["xformOp:transform"]

            def Capsule "Visual" (
                prepend apiSchemas = ["MaterialBindingAPI"]
            )
            {
                uniform token axis = "Z"
                double height = 0.00499672131147541
                rel material:binding = </Looks/Wire_0>
                color3f[] primvars:displayColor = [(0.85, 0.04, 0.065)]
                double radius = 0.001
            }
        }

        def Xform "Segment_34"
        {
            matrix4d xformOp:transform = ( (0.999999999999969, 2.2885225716246894e-7, -9.732073655704333e-8, 0), (2.0474303749215587e-8, -0.46577551327211264, -0.8849031995248571, 0), (-2.478416515808977e-7, 0.8849031995248278, -0.46577551327210287, 0), (-0.006249998230487108, 0.16443808376789093, 0.12837611138820648, 1) )
            uniform token[] xformOpOrder = ["xformOp:transform"]

            def Capsule "Visual" (
                prepend apiSchemas = ["MaterialBindingAPI"]
            )
            {
                uniform token axis = "Z"
                double height = 0.00499672131147541
                rel material:binding = </Looks/Wire_0>
                color3f[] primvars:displayColor = [(0.85, 0.04, 0.065)]
                double radius = 0.001
            }
        }

        def Xform "Segment_35"
        {
            matrix4d xformOp:transform = ( (0.9999999999999719, 2.1929004523698622e-7, -8.977007594634115e-8, 0), (3.16263128068408e-8, -0.49898363434308, -0.8666116594291815, 0), (-2.348330615856617e-7, 0.8666116594291544, -0.4989836343430729, 0), (-0.006249999161809683, 0.16881372034549713, 0.12596595287322998, 1) )
            uniform token[] xformOpOrder = ["xformOp:transform"]

            def Capsule "Visual" (
                prepend apiSchemas = ["MaterialBindingAPI"]
            )
            {
                uniform token axis = "Z"
                double height = 0.00499672131147541
                rel material:binding = </Looks/Wire_0>
                color3f[] primvars:displayColor = [(0.85, 0.04, 0.065)]
                double radius = 0.001
            }
        }

        def Xform "Segment_36"
        {
            matrix4d xformOp:transform = ( (0.9999999999999835, 1.721148660750911e-7, -5.938568415211946e-8, 0), (4.11800680548325e-8, -0.5315199613337802, -0.8470459162888286, 0), (-1.7735385138547514e-7, 0.8470459162888122, -0.5315199613337784, 0), (-0.0062500000931322575, 0.17309477925300598, 0.12339158356189728, 1) )
            uniform token[] xformOpOrder = ["xformOp:transform"]

            def Capsule "Visual" (
                prepend apiSchemas = ["MaterialBindingAPI"]
            )
            {
                uniform token axis = "Z"
                double height = 0.00499672131147541
                rel material:binding = </Looks/Wire_0>
                color3f[] primvars:displayColor = [(0.85, 0.04, 0.065)]
                double radius = 0.001
            }
        }

        def Xform "Segment_37"
        {
            matrix4d xformOp:transform = ( (0.9999999999999953, 9.581337080551616e-8, -1.0902228443961527e-8, 0), (4.497033285875699e-8, -0.5633645506229941, -0.8262085622491449, 0), (-8.5303750050817e-8, 0.8262085622491404, -0.5633645506229956, 0), (-0.006250000558793545, 0.1772748827934265, 0.12065636366605759, 1) )
            uniform token[] xformOpOrder = ["xformOp:transform"]

            def Capsule "Visual" (
                prepend apiSchemas = ["MaterialBindingAPI"]
            )
            {
                uniform token axis = "Z"
                double height = 0.00499672131147541
                rel material:binding = </Looks/Wire_0>
                color3f[] primvars:displayColor = [(0.85, 0.04, 0.065)]
                double radius = 0.001
            }
        }

        def Xform "Segment_38"
        {
            matrix4d xformOp:transform = ( (0.9999999999999966, 8.243414197035461e-8, -4.6538493701266284e-10, 0), (4.8630888331363496e-8, -0.594475855633285, -0.8041134071047344, 0), (-6.656306066904249e-8, 0.8041134071047318, -0.594475855633287, 0), (-0.006250000558793545, 0.18134774267673492, 0.11776389181613922, 1) )
            uniform token[] xformOpOrder = ["xformOp:transform"]

            def Capsule "Visual" (
                prepend apiSchemas = ["MaterialBindingAPI"]
            )
            {
                uniform token axis = "Z"
                double height = 0.00499672131147541
                rel material:binding = </Looks/Wire_0>
                color3f[] primvars:displayColor = [(0.85, 0.04, 0.065)]
                double radius = 0.001
            }
        }

        def Xform "Segment_39"
        {
            matrix4d xformOp:transform = ( (0.9999999999999976, 6.974742510489325e-8, 9.704338488510742e-9, 0), (5.1156679768781886e-8, -0.6248241809194044, -0.7807657030902255, 0), (-4.8392888003265384e-8, 0.7807657030902242, -0.6248241809194064, 0), (-0.006250000558793545, 0.1853070706129074, 0.11471787095069885, 1) )
            uniform token[] xformOpOrder = ["xformOp:transform"]

            def Capsule "Visual" (
                prepend apiSchemas = ["MaterialBindingAPI"]
            )
            {
                uniform token axis = "Z"
                double height = 0.00499672131147541
                rel material:binding = </Looks/Wire_0>
                color3f[] primvars:displayColor = [(0.85, 0.04, 0.065)]
                double radius = 0.001
            }
        }

        def Xform "Segment_40"
        {
            matrix4d xformOp:transform = ( (0.9999999999999979, 6.380903918197539e-8, 1.040764164806122e-8, 0), (4.9624776914204676e-8, -0.6543711862285095, -0.7561735522679319, 0), (-4.1440246165011466e-8, 0.7561735522679308, -0.6543711862285113, 0), (-0.006250000558793545, 0.18914663791656494, 0.11152224987745285, 1) )
            uniform token[] xformOpOrder = ["xformOp:transform"]

            def Capsule "Visual" (
                prepend apiSchemas = ["MaterialBindingAPI"]
            )
            {
                uniform token axis = "Z"
                double height = 0.00499672131147541
                rel material:binding = </Looks/Wire_0>
                color3f[] primvars:displayColor = [(0.85, 0.04, 0.065)]
                double radius = 0.001
            }
        }

        def Xform "Segment_41"
        {
            matrix4d xformOp:transform = ( (0.9999999999999986, 9.236846672439435e-9, 5.1911905894112066e-8, 0), (4.4223231937647714e-8, -0.6830749277619654, -0.7303483447537069, 0), (2.8713604214697912e-8, 0.7303483447537082, -0.683074927761965, 0), (-0.006250000558793545, 0.19286024570465088, 0.10818109661340714, 1) )
            uniform token[] xformOpOrder = ["xformOp:transform"]

            def Capsule "Visual" (
                prepend apiSchemas = ["MaterialBindingAPI"]
            )
            {
                uniform token axis = "Z"
                double height = 0.00499672131147541
                rel material:binding = </Looks/Wire_0>
                color3f[] primvars:displayColor = [(0.85, 0.04, 0.065)]
                double radius = 0.001
            }
        }

        def Xform "Segment_42"
        {
            matrix4d xformOp:transform = ( (0.9999999999999983, -4.611834598853851e-9, 5.840710236243976e-8, 0), (3.7799770671852234e-8, -0.7108841924678317, -0.7033092035459839, 0), (4.476422636323654e-8, 0.703309203545985, -0.7108841924678304, 0), (-0.006250000558793545, 0.19644178450107574, 0.1046987771987915, 1) )
            uniform token[] xformOpOrder = ["xformOp:transform"]

            def Capsule "Visual" (
                prepend apiSchemas = ["MaterialBindingAPI"]
            )
            {
                uniform token axis = "Z"
                double height = 0.00499672131147541
                rel material:binding = </Looks/Wire_0>
                color3f[] primvars:displayColor = [(0.85, 0.04, 0.065)]
                double radius = 0.001
            }
        }

        def Xform "Segment_43"
        {
            matrix4d xformOp:transform = ( (0.9999999999999984, -7.713140936025791e-9, 5.485515602993664e-8, 0), (3.134063918573585e-8, -0.7377543753037814, -0.6750695497328533, 0), (4.5676525936165606e-8, 0.6750695497328539, -0.7377543753037799, 0), (-0.006250000558793545, 0.19988521933555603, 0.10107985138893127, 1) )
            uniform token[] xformOpOrder = ["xformOp:transform"]

            def Capsule "Visual" (
                prepend apiSchemas = ["MaterialBindingAPI"]
            )
            {
                uniform token axis = "Z"
                double height = 0.00499672131147541
                rel material:binding = </Looks/Wire_0>
                color3f[] primvars:displayColor = [(0.85, 0.04, 0.065)]
                double radius = 0.001
            }
        }

        def Xform "Segment_44"
        {
            matrix4d xformOp:transform = ( (0.9999999999999977, -2.0792898846064465e-8, 6.453856925592623e-8, 0), (2.5792064930166575e-8, -0.7636242783993361, -0.6456608465517631, 0), (6.27083802267506e-8, 0.6456608465517634, -0.7636242783993339, 0), (-0.0062500000931322575, 0.20318463444709778, 0.09732919931411743, 1) )
            uniform token[] xformOpOrder = ["xformOp:transform"]

            def Capsule "Visual" (
                prepend apiSchemas = ["MaterialBindingAPI"]
            )
            {
                uniform token axis = "Z"
                double height = 0.00499672131147541
                rel material:binding = </Looks/Wire_0>
                color3f[] primvars:displayColor = [(0.85, 0.04, 0.065)]
                double radius = 0.001
            }
        }

        def Xform "Segment_45"
        {
            matrix4d xformOp:transform = ( (0.9999999999999991, -5.376681125734196e-9, 4.1798288485449194e-8, 0), (2.147130559182564e-8, -0.788442392062394, -0.6151092118272741, 0), (3.62627723212539e-8, 0.6151092118272745, -0.7884423920623931, 0), (-0.00624999962747097, 0.20633424818515778, 0.09345190972089767, 1) )
            uniform token[] xformOpOrder = ["xformOp:transform"]

            def Capsule "Visual" (
                prepend apiSchemas = ["MaterialBindingAPI"]
            )
            {
                uniform token axis = "Z"
                double height = 0.00499672131147541
                rel material:binding = </Looks/Wire_0>
                color3f[] primvars:displayColor = [(0.85, 0.04, 0.065)]
                double radius = 0.001
            }
        }

        def Xform "Segment_46"
        {
            matrix4d xformOp:transform = ( (0.9999999999999996, 3.316386771490445e-9, 3.038745437826895e-8, 0), (2.0423305165670795e-8, -0.8121403192793726, -0.5834623324669967, 0), (2.2743887330871526e-8, 0.5834623324669972, -0.8121403192793721, 0), (-0.0062500000931322575, 0.20932847261428833, 0.08945345133543015, 1) )
            uniform token[] xformOpOrder = ["xformOp:transform"]

            def Capsule "Visual" (
                prepend apiSchemas = ["MaterialBindingAPI"]
            )
            {
                uniform token axis = "Z"
                double height = 0.00499672131147541
                rel material:binding = </Looks/Wire_0>
                color3f[] primvars:displayColor = [(0.85, 0.04, 0.065)]
                double radius = 0.001
            }
        }

        def Xform "Segment_47"
        {
            matrix4d xformOp:transform = ( (0.9999999999999997, 5.829254342293148e-9, 2.6895396611255646e-8, 0), (1.9678632303185162e-8, -0.8346565264341239, -0.5507712134266639, 0), (1.9237827209430972e-8, 0.5507712134266641, -0.8346565264341237, 0), (-0.0062500000931322575, 0.21216194331645966, 0.08533953130245209, 1) )
            uniform token[] xformOpOrder = ["xformOp:transform"]

            def Capsule "Visual" (
                prepend apiSchemas = ["MaterialBindingAPI"]
            )
            {
                uniform token axis = "Z"
                double height = 0.00499672131147541
                rel material:binding = </Looks/Wire_0>
                color3f[] primvars:displayColor = [(0.85, 0.04, 0.065)]
                double radius = 0.001
            }
        }

        def Xform "Segment_48"
        {
            matrix4d xformOp:transform = ( (0.9999999999999996, 3.74686287026803e-9, 2.9300076855914024e-8, 0), (1.8357973974714607e-8, -0.8559281907653546, -0.5170953025848773, 0), (2.314126782773068e-8, 0.5170953025848776, -0.8559281907653542, 0), (-0.0062500000931322575, 0.21482962369918823, 0.08111623674631119, 1) )
            uniform token[] xformOpOrder = ["xformOp:transform"]

            def Capsule "Visual" (
                prepend apiSchemas = ["MaterialBindingAPI"]
            )
            {
                uniform token axis = "Z"
                double height = 0.00499672131147541
                rel material:binding = </Looks/Wire_0>
                color3f[] primvars:displayColor = [(0.85, 0.04, 0.065)]
                double radius = 0.001
            }
        }

        def Xform "Segment_49"
        {
            matrix4d xformOp:transform = ( (0.9999999999999994, 1.4695607240308639e-9, 3.202959807954132e-8, 0), (1.674198199739391e-8, -0.8758868972150897, -0.48251663150130303, 0), (2.7345215315618e-8, 0.48251663150130336, -0.8758868972150893, 0), (-0.0062500000931322575, 0.21732677519321442, 0.07678994536399841, 1) )
            uniform token[] xformOpOrder = ["xformOp:transform"]

            def Capsule "Visual" (
                prepend apiSchemas = ["MaterialBindingAPI"]
            )
            {
                uniform token axis = "Z"
                double height = 0.00499672131147541
                rel material:binding = </Looks/Wire_0>
                color3f[] primvars:displayColor = [(0.85, 0.04, 0.065)]
                double radius = 0.001
            }
        }

        def Xform "Segment_50"
        {
            matrix4d xformOp:transform = ( (0.9999999999999994, -5.909979423103871e-10, 3.409782202853047e-8, 0), (1.4717502578176332e-8, -0.8944697665010615, -0.44712929872008533, 0), (3.07637101715402e-8, 0.44712929872008556, -0.8944697665010608, 0), (-0.0062500000931322575, 0.21964915096759796, 0.07236739248037338, 1) )
            uniform token[] xformOpOrder = ["xformOp:transform"]

            def Capsule "Visual" (
                prepend apiSchemas = ["MaterialBindingAPI"]
            )
            {
                uniform token axis = "Z"
                double height = 0.00499672131147541
                rel material:binding = </Looks/Wire_0>
                color3f[] primvars:displayColor = [(0.85, 0.04, 0.065)]
                double radius = 0.001
            }
        }

        def Xform "Segment_51"
        {
            matrix4d xformOp:transform = ( (0.9999999999999993, -2.4234706692322668e-9, 3.569872487904669e-8, 0), (1.2464521552374334e-8, -0.9116153094900674, -0.4110453985916783, 0), (3.353964624954908e-8, 0.41104539859167855, -0.9116153094900667, 0), (-0.0062500000931322575, 0.22179295122623444, 0.06785557419061661, 1) )
            uniform token[] xformOpOrder = ["xformOp:transform"]

            def Capsule "Visual" (
                prepend apiSchemas = ["MaterialBindingAPI"]
            )
            {
                uniform token axis = "Z"
                double height = 0.00499672131147541
                rel material:binding = </Looks/Wire_0>
                color3f[] primvars:displayColor = [(0.85, 0.04, 0.065)]
                double radius = 0.001
            }
        }

        def Xform "Segment_52"
        {
            matrix4d xformOp:transform = ( (0.9999999999999993, -3.0147476061896236e-9, 3.486767192074809e-8, 0), (1.025850863998538e-8, -0.9272727226479069, -0.37438698176246094, 0), (3.3460517760269284e-8, 0.37438698176246105, -0.9272727226479063, 0), (-0.0062500000931322575, 0.22375501692295074, 0.06326182186603546, 1) )
            uniform token[] xformOpOrder = ["xformOp:transform"]

            def Capsule "Visual" (
                prepend apiSchemas = ["MaterialBindingAPI"]
            )
            {
                uniform token axis = "Z"
                double height = 0.00499672131147541
                rel material:binding = </Looks/Wire_0>
                color3f[] primvars:displayColor = [(0.85, 0.04, 0.065)]
                double radius = 0.001
            }
        }

        def Xform "Segment_53"
        {
            matrix4d xformOp:transform = ( (0.9999999999999994, -3.425096602115829e-9, 3.3516591495662525e-8, 0), (8.08089041632432e-9, -0.9413958815464489, -0.33730345292587666, 0), (3.2707681090231705e-8, 0.33730345292587677, -0.9413958815464483, 0), (-0.0062500000931322575, 0.22553284466266632, 0.05859367549419403, 1) )
            uniform token[] xformOpOrder = ["xformOp:transform"]

            def Capsule "Visual" (
                prepend apiSchemas = ["MaterialBindingAPI"]
            )
            {
                uniform token axis = "Z"
                double height = 0.00499672131147541
                rel material:binding = </Looks/Wire_0>
                color3f[] primvars:displayColor = [(0.85, 0.04, 0.065)]
                double radius = 0.001
            }
        }

        def Xform "Segment_54"
        {
            matrix4d xformOp:transform = ( (0.9999999999999996, -3.0966438296637557e-9, 3.020230524234604e-8, 0), (6.105232894433667e-9, -0.9539541222536703, -0.29995357780128984, 0), (2.9740453531584936e-8, 0.29995357780128984, -0.9539541222536698, 0), (-0.0062500000931322575, 0.22712472081184387, 0.053858887404203415, 1) )
            uniform token[] xformOpOrder = ["xformOp:transform"]

            def Capsule "Visual" (
                prepend apiSchemas = ["MaterialBindingAPI"]
            )
            {
                uniform token axis = "Z"
                double height = 0.00499672131147541
                rel material:binding = </Looks/Wire_0>
                color3f[] primvars:displayColor = [(0.85, 0.04, 0.065)]
                double radius = 0.001
            }
        }

        def Xform "Segment_55"
        {
            matrix4d xformOp:transform = ( (0.9999999999999997, -2.7217862148401603e-9, 2.6585396747342526e-8, 0), (4.353366535325382e-9, -0.9649216772996856, -0.26253800691507223, 0), (2.636739729707909e-8, 0.26253800691507223, -0.9649216772996851, 0), (-0.0062500000931322575, 0.22852982580661774, 0.049065325409173965, 1) )
            uniform token[] xformOpOrder = ["xformOp:transform"]

            def Capsule "Visual" (
                prepend apiSchemas = ["MaterialBindingAPI"]
            )
            {
                uniform token axis = "Z"
                double height = 0.00499672131147541
                rel material:binding = </Looks/Wire_0>
                color3f[] primvars:displayColor = [(0.85, 0.04, 0.065)]
                double radius = 0.001
            }
        }

        def Xform "Segment_56"
        {
            matrix4d xformOp:transform = ( (0.9999999999999998, -2.1548568230420316e-9, 2.1886070949394865e-8, 0), (2.830088443465239e-9, -0.9743038239148805, -0.22523794747097092, 0), (2.1809037322447803e-8, 0.22523794747097092, -0.9743038239148802, 0), (-0.0062500000931322575, 0.22974824905395508, 0.0442209392786026, 1) )
            uniform token[] xformOpOrder = ["xformOp:transform"]

            def Capsule "Visual" (
                prepend apiSchemas = ["MaterialBindingAPI"]
            )
            {
                uniform token axis = "Z"
                double height = 0.00499672131147541
                rel material:binding = </Looks/Wire_0>
                color3f[] primvars:displayColor = [(0.85, 0.04, 0.065)]
                double radius = 0.001
            }
        }

        def Xform "Segment_57"
        {
            matrix4d xformOp:transform = ( (0.9999999999999999, -1.5991143807186993e-9, 1.7011380796759558e-8, 0), (1.6325359233358073e-9, -0.9821137151774979, -0.18828854203014878, 0), (1.7008205956949116e-8, 0.18828854203014878, -0.9821137151774977, 0), (-0.0062500000931322575, 0.2307811826467514, 0.03933360055088997, 1) )
            uniform token[] xformOpOrder = ["xformOp:transform"]

            def Capsule "Visual" (
                prepend apiSchemas = ["MaterialBindingAPI"]
            )
            {
                uniform token axis = "Z"
                double height = 0.00499672131147541
                rel material:binding = </Looks/Wire_0>
                color3f[] primvars:displayColor = [(0.85, 0.04, 0.065)]
                double radius = 0.001
            }
        }

        def Xform "Segment_58"
        {
            matrix4d xformOp:transform = ( (0.9999999999999999, -1.0398558746194767e-9, 1.149444309427557e-8, 0), (7.18241500896966e-10, -0.9883956448419511, -0.15190213977872258, 0), (1.1519012606725858e-8, 0.15190213977872258, -0.9883956448419511, 0), (-0.0062500000931322575, 0.23163087666034698, 0.03441106528043747, 1) )
            uniform token[] xformOpOrder = ["xformOp:transform"]

            def Capsule "Visual" (
                prepend apiSchemas = ["MaterialBindingAPI"]
            )
            {
                uniform token axis = "Z"
                double height = 0.00499672131147541
                rel material:binding = </Looks/Wire_0>
                color3f[] primvars:displayColor = [(0.85, 0.04, 0.065)]
                double radius = 0.001
            }
        }

        def Xform "Segment_59"
        {
            matrix4d xformOp:transform = ( (1, -5.070483934417768e-10, 5.8699640061207146e-9, 0), (1.79278356138086e-10, -0.9932101278383314, -0.11633528485068378, 0), (5.889094563467721e-9, 0.11633528485068378, -0.9932101278383314, 0), (-0.0062500000931322575, 0.2323008030653, 0.029460808262228966, 1) )
            uniform token[] xformOpOrder = ["xformOp:transform"]

            def Capsule "Visual" (
                prepend apiSchemas = ["MaterialBindingAPI"]
            )
            {
                uniform token axis = "Z"
                double height = 0.00499672131147541
                rel material:binding = </Looks/Wire_0>
                color3f[] primvars:displayColor = [(0.85, 0.04, 0.065)]
                double radius = 0.001
            }
        }

        def Xform "Segment_60"
        {
            matrix4d xformOp:transform = ( (1, 2.0689595761360804e-13, -2.1017672467807715e-13, 0), (1.8900891031762506e-13, -0.9966482865293074, -0.08180543173244104, 0), (-2.2639749268443788e-13, 0.08180543173244104, -0.9966482865293074, 0), (-0.0062500000931322575, 0.2327956259250641, 0.024489935487508774, 1) )
            uniform token[] xformOpOrder = ["xformOp:transform"]

            def Capsule "Visual" (
                prepend apiSchemas = ["MaterialBindingAPI"]
            )
            {
                uniform token axis = "Z"
                double height = 0.00499672131147541
                rel material:binding = </Looks/Wire_0>
                color3f[] primvars:displayColor = [(0.85, 0.04, 0.065)]
                double radius = 0.001
            }
        }
    }

    def "Cable_1"
    {
        def Xform "Segment_00"
        {
            matrix4d xformOp:transform = ( (0.9999999999999934, -3.479933534779966e-8, 1.0946642702091605e-7, 0), (1.0113589646472712e-7, 0.7185546118538371, -0.6954705636679502, 0), (-5.4455696044125206e-8, 0.6954705636679567, 0.7185546118538358, 0), (-0.003750002942979336, 0.008076993748545647, 0.10321615636348724, 1) )
            uniform token[] xformOpOrder = ["xformOp:transform"]

            def Capsule "Visual" (
                prepend apiSchemas = ["MaterialBindingAPI"]
            )
            {
                uniform token axis = "Z"
                double height = 0.00499672131147541
                rel material:binding = </Looks/Wire_1>
                color3f[] primvars:displayColor = [(0.95, 0.06, 0.08)]
                double radius = 0.001
            }
        }

        def Xform "Segment_01"
        {
            matrix4d xformOp:transform = ( (0.9999999999999766, -2.0466693067969738e-7, -7.078704995800967e-8, 0), (9.048170721034036e-8, 0.6918281940773254, -0.7220621699142501, 0), (1.9675471942473973e-7, 0.7220621699142268, 0.6918281940773277, 0), (-0.003750002710148692, 0.011618174612522125, 0.10673946887254715, 1) )
            uniform token[] xformOpOrder = ["xformOp:transform"]

            def Capsule "Visual" (
                prepend apiSchemas = ["MaterialBindingAPI"]
            )
            {
                uniform token axis = "Z"
                double height = 0.00499672131147541
                rel material:binding = </Looks/Wire_1>
                color3f[] primvars:displayColor = [(0.95, 0.06, 0.08)]
                double radius = 0.001
            }
        }

        def Xform "Segment_02"
        {
            matrix4d xformOp:transform = ( (0.9999999999999956, -8.692982194968962e-8, 3.743824663185258e-8, 0), (8.572260760686373e-8, 0.6641380436926676, -0.7476099516174984, 0), (4.012543831725492e-8, 0.7476099516174982, 0.664138043692672, 0), (-0.003750002011656761, 0.01528961956501007, 0.11012686789035797, 1) )
            uniform token[] xformOpOrder = ["xformOp:transform"]

            def Capsule "Visual" (
                prepend apiSchemas = ["MaterialBindingAPI"]
            )
            {
                uniform token axis = "Z"
                double height = 0.00499672131147541
                rel material:binding = </Looks/Wire_1>
                color3f[] primvars:displayColor = [(0.95, 0.06, 0.08)]
                double radius = 0.001
            }
        }

        def Xform "Segment_03"
        {
            matrix4d xformOp:transform = ( (0.9999999999999536, 1.5913778856013924e-7, 2.596698117945579e-7, 0), (9.935009583885037e-8, 0.6355244857670476, -0.772080701083938, 0), (-2.878937397062394e-7, 0.772080701083928, 0.6355244857670023, 0), (-0.0037500024773180485, 0.019086027517914772, 0.11337359994649887, 1) )
            uniform token[] xformOpOrder = ["xformOp:transform"]

            def Capsule "Visual" (
                prepend apiSchemas = ["MaterialBindingAPI"]
            )
            {
                uniform token axis = "Z"
                double height = 0.00499672131147541
                rel material:binding = </Looks/Wire_1>
                color3f[] primvars:displayColor = [(0.95, 0.06, 0.08)]
                double radius = 0.001
            }
        }

        def Xform "Segment_04"
        {
            matrix4d xformOp:transform = ( (0.9999999999999423, 1.93588747016632e-7, 2.792530721653229e-7, 0), (1.0481317205990277e-7, 0.606019627194709, -0.7954497461144404, 0), (-3.23222957489071e-7, 0.7954497461144238, 0.6060196271946537, 0), (-0.003750004107132554, 0.023001955822110176, 0.1164751648902893, 1) )
            uniform token[] xformOpOrder = ["xformOp:transform"]

            def Capsule "Visual" (
                prepend apiSchemas = ["MaterialBindingAPI"]
            )
            {
                uniform token axis = "Z"
                double height = 0.00499672131147541
                rel material:binding = </Looks/Wire_1>
                color3f[] primvars:displayColor = [(0.95, 0.06, 0.08)]
                double radius = 0.001
            }
        }

        def Xform "Segment_05"
        {
            matrix4d xformOp:transform = ( (0.9999999999999625, 1.4433999455134514e-7, 2.3298139349193395e-7, 0), (1.0741216342189726e-7, 0.575671086136907, -0.8176814237533165, 0), (-2.5214478160285877e-7, 0.8176814237533108, 0.5756710861368699, 0), (-0.003750005504116416, 0.027031810954213142, 0.11942719668149948, 1) )
            uniform token[] xformOpOrder = ["xformOp:transform"]

            def Capsule "Visual" (
                prepend apiSchemas = ["MaterialBindingAPI"]
            )
            {
                uniform token axis = "Z"
                double height = 0.00499672131147541
                rel material:binding = </Looks/Wire_1>
                color3f[] primvars:displayColor = [(0.95, 0.06, 0.08)]
                double radius = 0.001
            }
        }

        def Xform "Segment_06"
        {
            matrix4d xformOp:transform = ( (0.999999999999953, 1.7545206568560999e-7, 2.514451832013384e-7, 0), (1.1536659596337191e-7, 0.5445062163457159, -0.838756885505182, 0), (-2.840750887429701e-7, 0.8387568855051716, 0.5445062163456702, 0), (-0.0037500066682696342, 0.031169863417744637, 0.12222558259963989, 1) )
            uniform token[] xformOpOrder = ["xformOp:transform"]

            def Capsule "Visual" (
                prepend apiSchemas = ["MaterialBindingAPI"]
            )
            {
                uniform token axis = "Z"
                double height = 0.00499672131147541
                rel material:binding = </Looks/Wire_1>
                color3f[] primvars:displayColor = [(0.95, 0.06, 0.08)]
                double radius = 0.001
            }
        }

        def Xform "Segment_07"
        {
            matrix4d xformOp:transform = ( (0.9999999999999734, 1.0787720845525966e-7, 2.038895219128658e-7, 0), (1.1977483867669597e-7, 0.512567176720836, -0.8586471144143665, 0), (-1.9713553020683e-7, 0.858647114414368, 0.5125671767208093, 0), (-0.0037500078324228525, 0.035410262644290924, 0.1248663067817688, 1) )
            uniform token[] xformOpOrder = ["xformOp:transform"]

            def Capsule "Visual" (
                prepend apiSchemas = ["MaterialBindingAPI"]
            )
            {
                uniform token axis = "Z"
                double height = 0.00499672131147541
                rel material:binding = </Looks/Wire_1>
                color3f[] primvars:displayColor = [(0.95, 0.06, 0.08)]
                double radius = 0.001
            }
        }

        def Xform "Segment_08"
        {
            matrix4d xformOp:transform = ( (0.9999999999999845, 4.837919983197955e-8, 1.6944779410992176e-7, 0), (1.2544650920095046e-7, 0.47987722844526715, -0.8773356947117212, 0), (-1.2375894001807262e-7, 0.8773356947117288, 0.4798772284452536, 0), (-0.003750008763745427, 0.039747048169374466, 0.12734560668468475, 1) )
            uniform token[] xformOpOrder = ["xformOp:transform"]

            def Capsule "Visual" (
                prepend apiSchemas = ["MaterialBindingAPI"]
            )
            {
                uniform token axis = "Z"
                double height = 0.00499672131147541
                rel material:binding = </Looks/Wire_1>
                color3f[] primvars:displayColor = [(0.95, 0.06, 0.08)]
                double radius = 0.001
            }
        }

        def Xform "Segment_09"
        {
            matrix4d xformOp:transform = ( (0.9999999999999799, 7.637014735303067e-8, 1.851779320952708e-7, 0), (1.315972239418561e-7, 0.44648628889591835, -0.8947904891871129, 0), (-1.510146899894223e-7, 0.8947904891871193, 0.44648628889589936, 0), (-0.003750009462237358, 0.044174131006002426, 0.12965981662273407, 1) )
            uniform token[] xformOpOrder = ["xformOp:transform"]

            def Capsule "Visual" (
                prepend apiSchemas = ["MaterialBindingAPI"]
            )
            {
                uniform token axis = "Z"
                double height = 0.00499672131147541
                rel material:binding = </Looks/Wire_1>
                color3f[] primvars:displayColor = [(0.95, 0.06, 0.08)]
                double radius = 0.001
            }
        }

        def Xform "Segment_10"
        {
            matrix4d xformOp:transform = ( (0.9999999999999891, 7.38935449333343e-9, 1.4728042535404186e-7, 0), (1.311239404802062e-7, 0.4124212236191598, -0.9109933999002304, 0), (-6.747324273546507e-8, 0.9109933999002398, 0.41242122361915423, 0), (-0.0037500099278986454, 0.04868530482053757, 0.13180552423000336, 1) )
            uniform token[] xformOpOrder = ["xformOp:transform"]

            def Capsule "Visual" (
                prepend apiSchemas = ["MaterialBindingAPI"]
            )
            {
                uniform token axis = "Z"
                double height = 0.00499672131147541
                rel material:binding = </Looks/Wire_1>
                color3f[] primvars:displayColor = [(0.95, 0.06, 0.08)]
                double radius = 0.001
            }
        }

        def Xform "Segment_11"
        {
            matrix4d xformOp:transform = ( (0.9999999999999883, 2.607848533402685e-8, 1.5078540676056327e-7, 0), (1.297630676575669e-7, 0.3777401414271162, -0.9259117315962967, 0), (-8.110408473907642e-8, 0.9259117315963054, 0.37774014142710843, 0), (-0.0037500103935599327, 0.05327422916889191, 0.13377949595451355, 1) )
            uniform token[] xformOpOrder = ["xformOp:transform"]

            def Capsule "Visual" (
                prepend apiSchemas = ["MaterialBindingAPI"]
            )
            {
                uniform token axis = "Z"
                double height = 0.00499672131147541
                rel material:binding = </Looks/Wire_1>
                color3f[] primvars:displayColor = [(0.95, 0.06, 0.08)]
                double radius = 0.001
            }
        }

        def Xform "Segment_12"
        {
            matrix4d xformOp:transform = ( (0.9999999999999916, -2.5652789677021762e-8, 1.2745119762241839e-7, 0), (1.2852919171812324e-7, 0.3424789684894405, -0.9395254333152494, 0), (-1.9547896814956316e-8, 0.9395254333152578, 0.3424789684894409, 0), (-0.0037500106263905764, 0.057934436947107315, 0.13557875156402588, 1) )
            uniform token[] xformOpOrder = ["xformOp:transform"]

            def Capsule "Visual" (
                prepend apiSchemas = ["MaterialBindingAPI"]
            )
            {
                uniform token axis = "Z"
                double height = 0.00499672131147541
                rel material:binding = </Looks/Wire_1>
                color3f[] primvars:displayColor = [(0.95, 0.06, 0.08)]
                double radius = 0.001
            }
        }

        def Xform "Segment_13"
        {
            matrix4d xformOp:transform = ( (0.9999999999999918, -1.8197824014873725e-8, 1.2695635358593777e-7, 0), (1.2641903413057223e-7, 0.3067037698363495, -0.951805106801426, 0), (-2.1617222860654017e-8, 0.9518051068014343, 0.3067037698363493, 0), (-0.0037500106263905764, 0.06265933811664581, 0.1372005194425583, 1) )
            uniform token[] xformOpOrder = ["xformOp:transform"]

            def Capsule "Visual" (
                prepend apiSchemas = ["MaterialBindingAPI"]
            )
            {
                uniform token axis = "Z"
                double height = 0.00499672131147541
                rel material:binding = </Looks/Wire_1>
                color3f[] primvars:displayColor = [(0.95, 0.06, 0.08)]
                double radius = 0.001
            }
        }

        def Xform "Segment_14"
        {
            matrix4d xformOp:transform = ( (0.9999999999999923, -2.0582121651666605e-8, 1.2191517423918118e-7, 0), (1.2293815227352603e-7, 0.2704623869237709, -0.9627304890268922, 0), (-1.3158425324682126e-8, 0.9627304890268997, 0.27046238692377145, 0), (-0.0037500106263905764, 0.06744221597909927, 0.13864240050315857, 1) )
            uniform token[] xformOpOrder = ["xformOp:transform"]

            def Capsule "Visual" (
                prepend apiSchemas = ["MaterialBindingAPI"]
            )
            {
                uniform token axis = "Z"
                double height = 0.00499672131147541
                rel material:binding = </Looks/Wire_1>
                color3f[] primvars:displayColor = [(0.95, 0.06, 0.08)]
                double radius = 0.001
            }
        }

        def Xform "Segment_15"
        {
            matrix4d xformOp:transform = ( (0.9999999999999929, -4.1690357542991764e-8, 1.1124148398671642e-7, 0), (1.1790572688361798e-7, 0.23380841245993822, -0.9722827885257996, 0), (1.4525606344489101e-8, 0.9722827885258059, 0.23380841245994144, 0), (-0.0037500106263905764, 0.07227625697851181, 0.13990215957164764, 1) )
            uniform token[] xformOpOrder = ["xformOp:transform"]

            def Capsule "Visual" (
                prepend apiSchemas = ["MaterialBindingAPI"]
            )
            {
                uniform token axis = "Z"
                double height = 0.00499672131147541
                rel material:binding = </Looks/Wire_1>
                color3f[] primvars:displayColor = [(0.95, 0.06, 0.08)]
                double radius = 0.001
            }
        }

        def Xform "Segment_16"
        {
            matrix4d xformOp:transform = ( (0.9999999999999915, -8.994103949383067e-8, 9.481859869859047e-8, 0), (1.1066461285310979e-7, 0.19679887862427714, -0.9804439136600311, 0), (6.952194406420522e-8, 0.9804439136600334, 0.19679887862428547, 0), (-0.0037500103935599327, 0.07715455442667007, 0.1409779191017151, 1) )
            uniform token[] xformOpOrder = ["xformOp:transform"]

            def Capsule "Visual" (
                prepend apiSchemas = ["MaterialBindingAPI"]
            )
            {
                uniform token axis = "Z"
                double height = 0.00499672131147541
                rel material:binding = </Looks/Wire_1>
                color3f[] primvars:displayColor = [(0.95, 0.06, 0.08)]
                double radius = 0.001
            }
        }

        def Xform "Segment_17"
        {
            matrix4d xformOp:transform = ( (0.9999999999999865, -1.4488788538744311e-7, 7.739987721527699e-8, 0), (9.951604214121566e-8, 0.15948054836006653, -0.9872010790320501, 0), (1.3068969998256402e-7, 0.9872010790320446, 0.15948054836007874, 0), (-0.0037500099278986454, 0.08207013458013535, 0.1418679803609848, 1) )
            uniform token[] xformOpOrder = ["xformOp:transform"]

            def Capsule "Visual" (
                prepend apiSchemas = ["MaterialBindingAPI"]
            )
            {
                uniform token axis = "Z"
                double height = 0.00499672131147541
                rel material:binding = </Looks/Wire_1>
                color3f[] primvars:displayColor = [(0.95, 0.06, 0.08)]
                double radius = 0.001
            }
        }

        def Xform "Segment_18"
        {
            matrix4d xformOp:transform = ( (0.999999999999983, -1.7177868789437623e-7, 6.604868888095438e-8, 0), (8.649778335755722e-8, 0.121911156485772, -0.9925410908642063, 0), (1.6244531508121656e-7, 0.9925410908641952, 0.12191115648578477, 0), (-0.0037500092294067144, 0.08701593428850174, 0.14257097244262695, 1) )
            uniform token[] xformOpOrder = ["xformOp:transform"]

            def Capsule "Visual" (
                prepend apiSchemas = ["MaterialBindingAPI"]
            )
            {
                uniform token axis = "Z"
                double height = 0.00499672131147541
                rel material:binding = </Looks/Wire_1>
                color3f[] primvars:displayColor = [(0.95, 0.06, 0.08)]
                double radius = 0.001
            }
        }

        def Xform "Segment_19"
        {
            matrix4d xformOp:transform = ( (0.9999999999999863, -1.5332286505174113e-7, 6.097979580078707e-8, 0), (7.366525558704517e-8, 0.08414745463959383, -0.9964533620477641, 0), (1.4764777872652003e-7, 0.996453362047755, 0.08414745463960394, 0), (-0.00375000829808414, 0.0919848382472992, 0.14308574795722961, 1) )
            uniform token[] xformOpOrder = ["xformOp:transform"]

            def Capsule "Visual" (
                prepend apiSchemas = ["MaterialBindingAPI"]
            )
            {
                uniform token axis = "Z"
                double height = 0.00499672131147541
                rel material:binding = </Looks/Wire_1>
                color3f[] primvars:displayColor = [(0.95, 0.06, 0.08)]
                double radius = 0.001
            }
        }

        def Xform "Segment_20"
        {
            matrix4d xformOp:transform = ( (0.9999999999999782, -2.0241678599815227e-7, 5.0917858794828183e-8, 0), (6.022789924282016e-8, 0.04626369757211313, -0.9989293177882197, 0), (1.99844398847875e-7, 0.998929317788201, 0.04626369757212423, 0), (-0.003750007599592209, 0.09696971625089645, 0.1434115320444107, 1) )
            uniform token[] xformOpOrder = ["xformOp:transform"]

            def Capsule "Visual" (
                prepend apiSchemas = ["MaterialBindingAPI"]
            )
            {
                uniform token axis = "Z"
                double height = 0.00499672131147541
                rel material:binding = </Looks/Wire_1>
                color3f[] primvars:displayColor = [(0.95, 0.06, 0.08)]
                double radius = 0.001
            }
        }

        def Xform "Segment_21"
        {
            matrix4d xformOp:transform = ( (0.9999999999999744, -2.2211772067953204e-7, 4.298717849634873e-8, 0), (4.483179639637215e-8, 0.008311247321760473, -0.9999655842040317, 0), (2.2175276635663826e-7, 0.9999655842040079, 0.008311247321770243, 0), (-0.0037500066682696342, 0.10196337103843689, 0.1435478776693344, 1) )
            uniform token[] xformOpOrder = ["xformOp:transform"]

            def Capsule "Visual" (
                prepend apiSchemas = ["MaterialBindingAPI"]
            )
            {
                uniform token axis = "Z"
                double height = 0.00499672131147541
                rel material:binding = </Looks/Wire_1>
                color3f[] primvars:displayColor = [(0.95, 0.06, 0.08)]
                double radius = 0.001
            }
        }

        def Xform "Segment_22"
        {
            matrix4d xformOp:transform = ( (0.9999999999999792, -2.007513720310709e-7, 3.6429034437386485e-8, 0), (3.046172708904406e-8, -0.029645262692738594, -0.9995606363002408, 0), (2.0174308192637072e-7, 0.9995606363002211, -0.029645262692731933, 0), (-0.0037500057369470596, 0.10695860534906387, 0.1434945911169052, 1) )
            uniform token[] xformOpOrder = ["xformOp:transform"]

            def Capsule "Visual" (
                prepend apiSchemas = ["MaterialBindingAPI"]
            )
            {
                uniform token axis = "Z"
                double height = 0.00499672131147541
                rel material:binding = </Looks/Wire_1>
                color3f[] primvars:displayColor = [(0.95, 0.06, 0.08)]
                double radius = 0.001
            }
        }

        def Xform "Segment_23"
        {
            matrix4d xformOp:transform = ( (0.9999999999999896, -1.4156703257313542e-7, 2.919614974479647e-8, 0), (1.956471086331407e-8, -0.06756334385967455, -0.9977151040269354, 0), (1.4321613722035197e-7, 0.9977151040269256, -0.06756334385967122, 0), (-0.003750004805624485, 0.11194822192192078, 0.14325174689292908, 1) )
            uniform token[] xformOpOrder = ["xformOp:transform"]

            def Capsule "Visual" (
                prepend apiSchemas = ["MaterialBindingAPI"]
            )
            {
                uniform token axis = "Z"
                double height = 0.00499672131147541
                rel material:binding = </Looks/Wire_1>
                color3f[] primvars:displayColor = [(0.95, 0.06, 0.08)]
                double radius = 0.001
            }
        }

        def Xform "Segment_24"
        {
            matrix4d xformOp:transform = ( (0.99999999999999, -1.3896029446293742e-7, 2.596268618782723e-8, 0), (1.1174820348602049e-8, -0.10537780257144558, -0.994432388186444, 0), (1.4092248898415873e-7, 0.9944323881864344, -0.10537780257144314, 0), (-0.0037500038743019104, 0.11692501604557037, 0.14281968772411346, 1) )
            uniform token[] xformOpOrder = ["xformOp:transform"]

            def Capsule "Visual" (
                prepend apiSchemas = ["MaterialBindingAPI"]
            )
            {
                uniform token axis = "Z"
                double height = 0.00499672131147541
                rel material:binding = </Looks/Wire_1>
                color3f[] primvars:displayColor = [(0.95, 0.06, 0.08)]
                double radius = 0.001
            }
        }

        def Xform "Segment_25"
        {
            matrix4d xformOp:transform = ( (0.9999999999999938, -1.0948455247491681e-7, 2.0347486653544926e-8, 0), (4.478694119856987e-9, -0.14303013031964107, -0.9897183644667565, 0), (1.1126917247256654e-7, 0.9897183644667505, -0.14303013031963974, 0), (-0.0037500031758099794, 0.12188184261322021, 0.1421990990638733, 1) )
            uniform token[] xformOpOrder = ["xformOp:transform"]

            def Capsule "Visual" (
                prepend apiSchemas = ["MaterialBindingAPI"]
            )
            {
                uniform token axis = "Z"
                double height = 0.00499672131147541
                rel material:binding = </Looks/Wire_1>
                color3f[] primvars:displayColor = [(0.95, 0.06, 0.08)]
                double radius = 0.001
            }
        }

        def Xform "Segment_26"
        {
            matrix4d xformOp:transform = ( (0.9999999999999999, -1.722238017580015e-8, 4.405341172039391e-9, 0), (1.2250387911176735e-9, -0.18046151520684361, -0.9835821098258749, 0), (1.7734618397984105e-8, 0.9835821098258747, -0.18046151520684361, 0), (-0.003750002942979336, 0.12681156396865845, 0.14139096438884735, 1) )
            uniform token[] xformOpOrder = ["xformOp:transform"]

            def Capsule "Visual" (
                prepend apiSchemas = ["MaterialBindingAPI"]
            )
            {
                uniform token axis = "Z"
                double height = 0.00499672131147541
                rel material:binding = </Looks/Wire_1>
                color3f[] primvars:displayColor = [(0.95, 0.06, 0.08)]
                double radius = 0.001
            }
        }

        def Xform "Segment_27"
        {
            matrix4d xformOp:transform = ( (0.9999999999999996, 2.808415888894532e-8, -4.145932372495187e-9, 0), (2.0650824211510467e-9, -0.21761923097586355, -0.9760337706269555, 0), (-2.8313321428802432e-8, 0.9760337706269551, -0.21761923097586355, 0), (-0.003750002942979336, 0.131707102060318, 0.14039646089076996, 1) )
            uniform token[] xformOpOrder = ["xformOp:transform"]

            def Capsule "Visual" (
                prepend apiSchemas = ["MaterialBindingAPI"]
            )
            {
                uniform token axis = "Z"
                double height = 0.00499672131147541
                rel material:binding = </Looks/Wire_1>
                color3f[] primvars:displayColor = [(0.95, 0.06, 0.08)]
                double radius = 0.001
            }
        }

        def Xform "Segment_28"
        {
            matrix4d xformOp:transform = ( (0.9999999999999998, 2.307380846469255e-8, -7.524062731001472e-10, 0), (5.1433131117148104e-9, -0.2544424489988444, -0.9670879266399198, 0), (-2.2505845518442103e-8, 0.9670879266399196, -0.2544424489988446, 0), (-0.003750002942979336, 0.13656142354011536, 0.13921715319156647, 1) )
            uniform token[] xformOpOrder = ["xformOp:transform"]

            def Capsule "Visual" (
                prepend apiSchemas = ["MaterialBindingAPI"]
            )
            {
                uniform token axis = "Z"
                double height = 0.00499672131147541
                rel material:binding = </Looks/Wire_1>
                color3f[] primvars:displayColor = [(0.95, 0.06, 0.08)]
                double radius = 0.001
            }
        }

        def Xform "Segment_29"
        {
            matrix4d xformOp:transform = ( (0.9999999999999996, 2.983125298371652e-8, -2.7405191602443532e-11, 0), (8.651368004010066e-9, -0.29088945625380824, -0.9567569794944577, 0), (-2.8549224810530557e-8, 0.9567569794944573, -0.29088945625380824, 0), (-0.003750002942979336, 0.1413675844669342, 0.13785479962825775, 1) )
            uniform token[] xformOpOrder = ["xformOp:transform"]

            def Capsule "Visual" (
                prepend apiSchemas = ["MaterialBindingAPI"]
            )
            {
                uniform token axis = "Z"
                double height = 0.00499672131147541
                rel material:binding = </Looks/Wire_1>
                color3f[] primvars:displayColor = [(0.95, 0.06, 0.08)]
                double radius = 0.001
            }
        }

        def Xform "Segment_30"
        {
            matrix4d xformOp:transform = ( (0.9999999999999981, 6.102050481259447e-8, -8.187305522564258e-9, 0), (1.2210609719583196e-8, -0.32690780391487895, -0.9450563241934741, 0), (-6.034430370448976e-8, 0.9450563241934721, -0.32690780391487917, 0), (-0.0037500031758099794, 0.14611871540546417, 0.13631142675876617, 1) )
            uniform token[] xformOpOrder = ["xformOp:transform"]

            def Capsule "Visual" (
                prepend apiSchemas = ["MaterialBindingAPI"]
            )
            {
                uniform token axis = "Z"
                double height = 0.00499672131147541
                rel material:binding = </Looks/Wire_1>
                color3f[] primvars:displayColor = [(0.95, 0.06, 0.08)]
                double radius = 0.001
            }
        }

        def Xform "Segment_31"
        {
            matrix4d xformOp:transform = ( (0.9999999999999987, 5.0589212456565825e-8, -2.7943089585680196e-9, 0), (1.5731965533282974e-8, -0.3624540021789433, -0.9320015863096323, 0), (-4.8162037332229675e-8, 0.9320015863096309, -0.36245400217894375, 0), (-0.0037500036414712667, 0.15080799162387848, 0.13458925485610962, 1) )
            uniform token[] xformOpOrder = ["xformOp:transform"]

            def Capsule "Visual" (
                prepend apiSchemas = ["MaterialBindingAPI"]
            )
            {
                uniform token axis = "Z"
                double height = 0.00499672131147541
                rel material:binding = </Looks/Wire_1>
                color3f[] primvars:displayColor = [(0.95, 0.06, 0.08)]
                double radius = 0.001
            }
        }

        def Xform "Segment_32"
        {
            matrix4d xformOp:transform = ( (0.9999999999999979, 6.435967272043075e-8, -4.434275923406351e-9, 0), (2.1512216853503833e-8, -0.397472197523826, -0.9176143665321784, 0), (-6.081985532450472e-8, 0.9176143665321764, -0.3974721975238267, 0), (-0.003750004107132554, 0.1554287075996399, 0.13269081711769104, 1) )
            uniform token[] xformOpOrder = ["xformOp:transform"]

            def Capsule "Visual" (
                prepend apiSchemas = ["MaterialBindingAPI"]
            )
            {
                uniform token axis = "Z"
                double height = 0.00499672131147541
                rel material:binding = </Looks/Wire_1>
                color3f[] primvars:displayColor = [(0.95, 0.06, 0.08)]
                double radius = 0.001
            }
        }

        def Xform "Segment_33"
        {
            matrix4d xformOp:transform = ( (0.9999999999999982, 5.8776876912525374e-8, 1.8990213180564043e-9, 0), (2.7100231469262727e-8, -0.4319298973649741, -0.9019071795688028, 0), (-5.219104325331094e-8, 0.9019071795688013, -0.431929897364975, 0), (-0.0037500045727938414, 0.15997426211833954, 0.13061881065368652, 1) )
            uniform token[] xformOpOrder = ["xformOp:transform"]

            def Capsule "Visual" (
                prepend apiSchemas = ["MaterialBindingAPI"]
            )
            {
                uniform token axis = "Z"
                double height = 0.00499672131147541
                rel material:binding = </Looks/Wire_1>
                color3f[] primvars:displayColor = [(0.95, 0.06, 0.08)]
                double radius = 0.001
            }
        }

        def Xform "Segment_34"
        {
            matrix4d xformOp:transform = ( (0.9999999999999976, 7.029419806041728e-8, 1.4815472995635622e-9, 0), (3.405249152640657e-8, -0.46577775845475666, -0.8849018361681626, 0), (-6.151338947092759e-8, 0.8849018361681604, -0.4657777584547578, 0), (-0.003750004805624485, 0.16443808376789093, 0.12837618589401245, 1) )
            uniform token[] xformOpOrder = ["xformOp:transform"]

            def Capsule "Visual" (
                prepend apiSchemas = ["MaterialBindingAPI"]
            )
            {
                uniform token axis = "Z"
                double height = 0.00499672131147541
                rel material:binding = </Looks/Wire_1>
                color3f[] primvars:displayColor = [(0.95, 0.06, 0.08)]
                double radius = 0.001
            }
        }

        def Xform "Segment_35"
        {
            matrix4d xformOp:transform = ( (0.9999999999999928, 1.1871288954788535e-7, -1.7895088306250947e-8, 0), (4.3728007202121283e-8, -0.49898611122307845, -0.8666101049374255, 0), (-1.1180718096986515e-7, 0.8666101049374184, -0.49898611122308, 0), (-0.0037500052712857723, 0.16881370544433594, 0.12596602737903595, 1) )
            uniform token[] xformOpOrder = ["xformOp:transform"]

            def Capsule "Visual" (
                prepend apiSchemas = ["MaterialBindingAPI"]
            )
            {
                uniform token axis = "Z"
                double height = 0.00499672131147541
                rel material:binding = </Looks/Wire_1>
                color3f[] primvars:displayColor = [(0.95, 0.06, 0.08)]
                double radius = 0.001
            }
        }

        def Xform "Segment_36"
        {
            matrix4d xformOp:transform = ( (0.9999999999999937, 1.12261704589616e-7, -8.70398100641157e-9, 0), (5.229709387327387e-8, -0.5315239253946038, -0.8470436743416017, 0), (-9.97169171963121e-8, 0.8470436743415959, -0.5315239253946062, 0), (-0.0037500057369470596, 0.1730947643518448, 0.12339162826538086, 1) )
            uniform token[] xformOpOrder = ["xformOp:transform"]

            def Capsule "Visual" (
                prepend apiSchemas = ["MaterialBindingAPI"]
            )
            {
                uniform token axis = "Z"
                double height = 0.00499672131147541
                rel material:binding = </Looks/Wire_1>
                color3f[] primvars:displayColor = [(0.95, 0.06, 0.08)]
                double radius = 0.001
            }
        }

        def Xform "Segment_37"
        {
            matrix4d xformOp:transform = ( (0.9999999999999947, 1.0304694346468899e-7, 2.284541073314407e-9, 0), (5.9940688639668e-8, -0.5633666585490584, -0.8262073275107035, 0), (-8.385109141050487e-8, 0.8262073275106993, -0.5633666585490615, 0), (-0.003750006202608347, 0.1772748827934265, 0.12065639346837997, 1) )
            uniform token[] xformOpOrder = ["xformOp:transform"]

            def Capsule "Visual" (
                prepend apiSchemas = ["MaterialBindingAPI"]
            )
            {
                uniform token axis = "Z"
                double height = 0.00499672131147541
                rel material:binding = </Looks/Wire_1>
                color3f[] primvars:displayColor = [(0.95, 0.06, 0.08)]
                double radius = 0.001
            }
        }

        def Xform "Segment_38"
        {
            matrix4d xformOp:transform = ( (0.9999999999999951, 9.823160201001515e-8, 9.190290396057768e-9, 0), (6.578654002992795e-8, -0.5944779844301216, -0.804111974755786, 0), (-7.352577930160666e-8, 0.8041119747557827, -0.5944779844301251, 0), (-0.0037500066682696342, 0.18134774267673492, 0.11776391416788101, 1) )
            uniform token[] xformOpOrder = ["xformOp:transform"]

            def Capsule "Visual" (
                prepend apiSchemas = ["MaterialBindingAPI"]
            )
            {
                uniform token axis = "Z"
                double height = 0.00499672131147541
                rel material:binding = </Looks/Wire_1>
                color3f[] primvars:displayColor = [(0.95, 0.06, 0.08)]
                double radius = 0.001
            }
        }

        def Xform "Segment_39"
        {
            matrix4d xformOp:transform = ( (0.9999999999999943, 1.0605870216155336e-7, 7.188421636407342e-9, 0), (7.188050861164812e-8, -0.6248243958153887, -0.7807656472734819, 0), (-7.831547862042748e-8, 0.7807656472734779, -0.6248243958153927, 0), (-0.0037500071339309216, 0.1853070706129074, 0.11471788585186005, 1) )
            uniform token[] xformOpOrder = ["xformOp:transform"]

            def Capsule "Visual" (
                prepend apiSchemas = ["MaterialBindingAPI"]
            )
            {
                uniform token axis = "Z"
                double height = 0.00499672131147541
                rel material:binding = </Looks/Wire_1>
                color3f[] primvars:displayColor = [(0.95, 0.06, 0.08)]
                double radius = 0.001
            }
        }

        def Xform "Segment_40"
        {
            matrix4d xformOp:transform = ( (0.9999999999999957, 8.979931507805644e-8, 2.552449947548284e-8, 0), (7.806303093796361e-8, -0.6543714030696037, -0.7561736560346481, 0), (-5.1201369735003336e-8, 0.7561736560346468, -0.654371403069608, 0), (-0.003750007599592209, 0.18914665281772614, 0.11152224987745285, 1) )
            uniform token[] xformOpOrder = ["xformOp:transform"]

            def Capsule "Visual" (
                prepend apiSchemas = ["MaterialBindingAPI"]
            )
            {
                uniform token axis = "Z"
                double height = 0.00499672131147541
                rel material:binding = </Looks/Wire_1>
                color3f[] primvars:displayColor = [(0.95, 0.06, 0.08)]
                double radius = 0.001
            }
        }

        def Xform "Segment_41"
        {
            matrix4d xformOp:transform = ( (0.9999999999999958, 8.625446088489315e-8, 3.312458354638249e-8, 0), (8.311071760406098e-8, -0.6830744903337518, -0.730348741952284, 0), (-4.03692788764286e-8, 0.7303487419522836, -0.683074490333756, 0), (-0.0037500078324228525, 0.19286026060581207, 0.10818108916282654, 1) )
            uniform token[] xformOpOrder = ["xformOp:transform"]

            def Capsule "Visual" (
                prepend apiSchemas = ["MaterialBindingAPI"]
            )
            {
                uniform token axis = "Z"
                double height = 0.00499672131147541
                rel material:binding = </Looks/Wire_1>
                color3f[] primvars:displayColor = [(0.95, 0.06, 0.08)]
                double radius = 0.001
            }
        }

        def Xform "Segment_42"
        {
            matrix4d xformOp:transform = ( (0.9999999999999922, 1.2450277717692872e-7, -2.9556622102434325e-9, 0), (8.642824368491655e-8, -0.7108837514406345, -0.7033096641813501, 0), (-8.966513345447998e-8, 0.7033096641813443, -0.7108837514406396, 0), (-0.003750008065253496, 0.19644179940223694, 0.1046987846493721, 1) )
            uniform token[] xformOpOrder = ["xformOp:transform"]

            def Capsule "Visual" (
                prepend apiSchemas = ["MaterialBindingAPI"]
            )
            {
                uniform token axis = "Z"
                double height = 0.00499672131147541
                rel material:binding = </Looks/Wire_1>
                color3f[] primvars:displayColor = [(0.95, 0.06, 0.08)]
                double radius = 0.001
            }
        }

        def Xform "Segment_43"
        {
            matrix4d xformOp:transform = ( (0.9999999999999954, 9.035384274678088e-8, 3.16454656032771e-8, 0), (8.802176965510227e-8, -0.7377534863499022, -0.6750703215791988, 0), (-3.764864485133982e-8, 0.6750703215791986, -0.7377534863499069, 0), (-0.00375000829808414, 0.19988524913787842, 0.10107985883951187, 1) )
            uniform token[] xformOpOrder = ["xformOp:transform"]

            def Capsule "Visual" (
                prepend apiSchemas = ["MaterialBindingAPI"]
            )
            {
                uniform token axis = "Z"
                double height = 0.00499672131147541
                rel material:binding = </Looks/Wire_1>
                color3f[] primvars:displayColor = [(0.95, 0.06, 0.08)]
                double radius = 0.001
            }
        }

        def Xform "Segment_44"
        {
            matrix4d xformOp:transform = ( (0.9999999999999953, 4.681361936833914e-8, 8.492422063155328e-8, 0), (9.058030672232975e-8, -0.7636236067395521, -0.6456618990093167, 0), (3.4624359089073996e-8, 0.6456618990093214, -0.7636236067395528, 0), (-0.00375000829808414, 0.20318466424942017, 0.09732921421527863, 1) )
            uniform token[] xformOpOrder = ["xformOp:transform"]

            def Capsule "Visual" (
                prepend apiSchemas = ["MaterialBindingAPI"]
            )
            {
                uniform token axis = "Z"
                double height = 0.00499672131147541
                rel material:binding = </Looks/Wire_1>
                color3f[] primvars:displayColor = [(0.95, 0.06, 0.08)]
                double radius = 0.001
            }
        }

        def Xform "Segment_45"
        {
            matrix4d xformOp:transform = ( (0.9999999999999944, 3.8021005739549295e-8, 9.863954557939974e-8, 0), (9.065151691947981e-8, -0.7884412647805552, -0.6151102579808282, 0), (5.438436640942491e-8, 0.6151102579808337, -0.7884412647805541, 0), (-0.00375000829808414, 0.20633427798748016, 0.09345193952322006, 1) )
            uniform token[] xformOpOrder = ["xformOp:transform"]

            def Capsule "Visual" (
                prepend apiSchemas = ["MaterialBindingAPI"]
            )
            {
                uniform token axis = "Z"
                double height = 0.00499672131147541
                rel material:binding = </Looks/Wire_1>
                color3f[] primvars:displayColor = [(0.95, 0.06, 0.08)]
                double radius = 0.001
            }
        }

        def Xform "Segment_46"
        {
            matrix4d xformOp:transform = ( (0.9999999999999956, 5.454107807454748e-8, 7.728020945932223e-8, 0), (8.938511667293999e-8, -0.8121396384438258, -0.5834629036967464, 0), (3.0939632980620604e-8, 0.5834629036967506, -0.8121396384438271, 0), (-0.003750008065253496, 0.20932850241661072, 0.08945347368717194, 1) )
            uniform token[] xformOpOrder = ["xformOp:transform"]

            def Capsule "Visual" (
                prepend apiSchemas = ["MaterialBindingAPI"]
            )
            {
                uniform token axis = "Z"
                double height = 0.00499672131147541
                rel material:binding = </Looks/Wire_1>
                color3f[] primvars:displayColor = [(0.95, 0.06, 0.08)]
                double radius = 0.001
            }
        }

        def Xform "Segment_47"
        {
            matrix4d xformOp:transform = ( (0.9999999999999944, 3.990934258050454e-8, 9.785413021650055e-8, 0), (8.720582603849357e-8, -0.834656526434127, -0.5507713846897396, 0), (5.969363727048233e-8, 0.5507713846897452, -0.8346565264341259, 0), (-0.0037500078324228525, 0.21216200292110443, 0.08533955365419388, 1) )
            uniform token[] xformOpOrder = ["xformOp:transform"]

            def Capsule "Visual" (
                prepend apiSchemas = ["MaterialBindingAPI"]
            )
            {
                uniform token axis = "Z"
                double height = 0.00499672131147541
                rel material:binding = </Looks/Wire_1>
                color3f[] primvars:displayColor = [(0.95, 0.06, 0.08)]
                double radius = 0.001
            }
        }

        def Xform "Segment_48"
        {
            matrix4d xformOp:transform = ( (0.9999999999999913, 1.8315331397303688e-8, 1.302000524967591e-7, 0), (8.300235942635051e-8, -0.8559284204361151, -0.5170947029855032, 0), (1.019711398583482e-7, 0.5170947029855096, -0.8559284204361091, 0), (-0.003750007366761565, 0.214829683303833, 0.08111626654863358, 1) )
            uniform token[] xformOpOrder = ["xformOp:transform"]

            def Capsule "Visual" (
                prepend apiSchemas = ["MaterialBindingAPI"]
            )
            {
                uniform token axis = "Z"
                double height = 0.00499672131147541
                rel material:binding = </Looks/Wire_1>
                color3f[] primvars:displayColor = [(0.95, 0.06, 0.08)]
                double radius = 0.001
            }
        }

        def Xform "Segment_49"
        {
            matrix4d xformOp:transform = ( (0.9999999999999931, 2.732099767072259e-8, 1.1376193163069094e-7, 0), (7.882214353352949e-8, -0.8758866663127147, -0.4825168038444588, 0), (8.645972293992911e-8, 0.48251680384446444, -0.875886666312711, 0), (-0.003750006901100278, 0.217326819896698, 0.0767899751663208, 1) )
            uniform token[] xformOpOrder = ["xformOp:transform"]

            def Capsule "Visual" (
                prepend apiSchemas = ["MaterialBindingAPI"]
            )
            {
                uniform token axis = "Z"
                double height = 0.00499672131147541
                rel material:binding = </Looks/Wire_1>
                color3f[] primvars:displayColor = [(0.95, 0.06, 0.08)]
                double radius = 0.001
            }
        }

        def Xform "Segment_50"
        {
            matrix4d xformOp:transform = ( (0.999999999999994, 2.88179736439961e-8, 1.0605334830760223e-7, 0), (7.319633495677457e-8, -0.894469534457824, -0.44712912630984925, 0), (8.197612360373789e-8, 0.44712912630985435, -0.8944695344578206, 0), (-0.0037500064354389906, 0.21964919567108154, 0.07236741483211517, 1) )
            uniform token[] xformOpOrder = ["xformOp:transform"]

            def Capsule "Visual" (
                prepend apiSchemas = ["MaterialBindingAPI"]
            )
            {
                uniform token axis = "Z"
                double height = 0.00499672131147541
                rel material:binding = </Looks/Wire_1>
                color3f[] primvars:displayColor = [(0.95, 0.06, 0.08)]
                double radius = 0.001
            }
        }

        def Xform "Segment_51"
        {
            matrix4d xformOp:transform = ( (0.9999999999999897, 6.92156050654069e-9, 1.4354878431655307e-7, 0), (6.531457889491294e-8, -0.9116162418538518, -0.41104345928649366, 0), (1.280162773337288e-7, 0.41104345928649877, -0.9116162418538429, 0), (-0.0037500059697777033, 0.22179299592971802, 0.0678555890917778, 1) )
            uniform token[] xformOpOrder = ["xformOp:transform"]

            def Capsule "Visual" (
                prepend apiSchemas = ["MaterialBindingAPI"]
            )
            {
                uniform token axis = "Z"
                double height = 0.00499672131147541
                rel material:binding = </Looks/Wire_1>
                color3f[] primvars:displayColor = [(0.95, 0.06, 0.08)]
                double radius = 0.001
            }
        }

        def Xform "Segment_52"
        {
            matrix4d xformOp:transform = ( (0.9999999999999852, -6.374108671839584e-9, 1.7166013740118748e-7, 0), (5.835634981425795e-8, -0.9272738928658699, -0.3743845501997618, 0), (1.615622742793346e-7, 0.37438455019976624, -0.9272738928658559, 0), (-0.0037500052712857723, 0.22375504672527313, 0.06326183676719666, 1) )
            uniform token[] xformOpOrder = ["xformOp:transform"]

            def Capsule "Visual" (
                prepend apiSchemas = ["MaterialBindingAPI"]
            )
            {
                uniform token axis = "Z"
                double height = 0.00499672131147541
                rel material:binding = </Looks/Wire_1>
                color3f[] primvars:displayColor = [(0.95, 0.06, 0.08)]
                double radius = 0.001
            }
        }

        def Xform "Segment_53"
        {
            matrix4d xformOp:transform = ( (0.9999999999999822, -1.4611772630423083e-8, 1.8804863003815407e-7, 0), (4.967368090227342e-8, -0.9413965862451226, -0.3373018698469946, 0), (1.8195690859170157e-7, 0.33730186984699795, -0.9413965862451052, 0), (-0.0037500043399631977, 0.2255328744649887, 0.05859367921948433, 1) )
            uniform token[] xformOpOrder = ["xformOp:transform"]

            def Capsule "Visual" (
                prepend apiSchemas = ["MaterialBindingAPI"]
            )
            {
                uniform token axis = "Z"
                double height = 0.00499672131147541
                rel material:binding = </Looks/Wire_1>
                color3f[] primvars:displayColor = [(0.95, 0.06, 0.08)]
                double radius = 0.001
            }
        }

        def Xform "Segment_54"
        {
            matrix4d xformOp:transform = ( (0.9999999999999878, -7.679214030446845e-9, 1.5614463602337764e-7, 0), (3.9510350015758797e-8, -0.9539541222536818, -0.29995245842555335, 0), (1.5125822268105203e-7, 0.2999524584255559, -0.95395412225367, 0), (-0.0037500036414712667, 0.22712475061416626, 0.05385889112949371, 1) )
            uniform token[] xformOpOrder = ["xformOp:transform"]

            def Capsule "Visual" (
                prepend apiSchemas = ["MaterialBindingAPI"]
            )
            {
                uniform token axis = "Z"
                double height = 0.00499672131147541
                rel material:binding = </Looks/Wire_1>
                color3f[] primvars:displayColor = [(0.95, 0.06, 0.08)]
                double radius = 0.001
            }
        }

        def Xform "Segment_55"
        {
            matrix4d xformOp:transform = ( (0.9999999999999873, -1.2167425525161233e-8, 1.5897590477590058e-7, 0), (2.9996618198898944e-8, -0.9649216772996978, -0.26253809553450863, 0), (1.5659370178859697e-7, 0.2625380955345101, -0.9649216772996851, 0), (-0.003750002710148692, 0.22852985560894012, 0.049065329134464264, 1) )
            uniform token[] xformOpOrder = ["xformOp:transform"]

            def Capsule "Visual" (
                prepend apiSchemas = ["MaterialBindingAPI"]
            )
            {
                uniform token axis = "Z"
                double height = 0.00499672131147541
                rel material:binding = </Looks/Wire_1>
                color3f[] primvars:displayColor = [(0.95, 0.06, 0.08)]
                double radius = 0.001
            }
        }

        def Xform "Segment_56"
        {
            matrix4d xformOp:transform = ( (0.9999999999999858, -1.8273809512223128e-8, 1.6739429245867096e-7, 0), (1.9899218124082844e-8, -0.9743042976789553, -0.2252374859263781, 0), (1.6720885855683084e-7, 0.2252374859263782, -0.9743042976789411, 0), (-0.0037500017788261175, 0.22974827885627747, 0.0442209430038929, 1) )
            uniform token[] xformOpOrder = ["xformOp:transform"]

            def Capsule "Visual" (
                prepend apiSchemas = ["MaterialBindingAPI"]
            )
            {
                uniform token axis = "Z"
                double height = 0.00499672131147541
                rel material:binding = </Looks/Wire_1>
                color3f[] primvars:displayColor = [(0.95, 0.06, 0.08)]
                double radius = 0.001
            }
        }

        def Xform "Segment_57"
        {
            matrix4d xformOp:transform = ( (0.9999999999999916, -1.2970324770287309e-8, 1.2937279864420555e-7, 0), (1.1620764248590849e-8, -0.9821144272278075, -0.1882861578459672, 0), (1.2950099687631578e-7, 0.18828615784596708, -0.9821144272277991, 0), (-0.0037500010803341866, 0.2307811975479126, 0.03933360055088997, 1) )
            uniform token[] xformOpOrder = ["xformOp:transform"]

            def Capsule "Visual" (
                prepend apiSchemas = ["MaterialBindingAPI"]
            )
            {
                uniform token axis = "Z"
                double height = 0.00499672131147541
                rel material:binding = </Looks/Wire_1>
                color3f[] primvars:displayColor = [(0.95, 0.06, 0.08)]
                double radius = 0.001
            }
        }

        def Xform "Segment_58"
        {
            matrix4d xformOp:transform = ( (0.9999999999999948, -1.0781069540731521e-8, 1.0156213716950935e-7, 0), (4.771405228481629e-9, -0.9883958825678627, -0.15190079679304364, 0), (1.0202123729413371e-7, 0.1519007967930433, -0.9883958825678576, 0), (-0.0037500006146728992, 0.23163087666034698, 0.03441106528043747, 1) )
            uniform token[] xformOpOrder = ["xformOp:transform"]

            def Capsule "Visual" (
                prepend apiSchemas = ["MaterialBindingAPI"]
            )
            {
                uniform token axis = "Z"
                double height = 0.00499672131147541
                rel material:binding = </Looks/Wire_1>
                color3f[] primvars:displayColor = [(0.95, 0.06, 0.08)]
                double radius = 0.001
            }
        }

        def Xform "Segment_59"
        {
            matrix4d xformOp:transform = ( (0.999999999999996, -1.117497196260598e-8, 8.905662144908128e-8, 0), (-7.387492516491015e-10, -0.9932101278383354, -0.11633436998618922, 0), (8.975196973790148e-8, 0.1163343699861887, -0.9932101278383314, 0), (-0.003750000149011612, 0.23230081796646118, 0.029460810124874115, 1) )
            uniform token[] xformOpOrder = ["xformOp:transform"]

            def Capsule "Visual" (
                prepend apiSchemas = ["MaterialBindingAPI"]
            )
            {
                uniform token axis = "Z"
                double height = 0.00499672131147541
                rel material:binding = </Looks/Wire_1>
                color3f[] primvars:displayColor = [(0.95, 0.06, 0.08)]
                double radius = 0.001
            }
        }

        def Xform "Segment_60"
        {
            matrix4d xformOp:transform = ( (1, -1.4973905175538539e-13, 2.428846019584639e-13, 0), (-1.2936789412813845e-13, -0.9966482865293074, -0.08180543173244104, 0), (2.5431999814795177e-13, 0.08180543173244104, -0.9966482865293074, 0), (-0.0037499999161809683, 0.23279564082622528, 0.024489937350153923, 1) )
            uniform token[] xformOpOrder = ["xformOp:transform"]

            def Capsule "Visual" (
                prepend apiSchemas = ["MaterialBindingAPI"]
            )
            {
                uniform token axis = "Z"
                double height = 0.00499672131147541
                rel material:binding = </Looks/Wire_1>
                color3f[] primvars:displayColor = [(0.95, 0.06, 0.08)]
                double radius = 0.001
            }
        }
    }

    def "Cable_2"
    {
        def Xform "Segment_00"
        {
            matrix4d xformOp:transform = ( (0.9999999999999934, -3.4794896591262225e-8, 1.0947070923420029e-7, 0), (1.0113568512876884e-7, 0.7185546118538371, -0.6954705636679502, 0), (-5.446186007262312e-8, 0.6954705636679567, 0.7185546118538358, 0), (-0.001250002533197403, 0.008076993748545647, 0.10321616381406784, 1) )
            uniform token[] xformOpOrder = ["xformOp:transform"]

            def Capsule "Visual" (
                prepend apiSchemas = ["MaterialBindingAPI"]
            )
            {
                uniform token axis = "Z"
                double height = 0.00499672131147541
                rel material:binding = </Looks/Wire_2>
                color3f[] primvars:displayColor = [(0.78, 0.035, 0.06)]
                double radius = 0.001
            }
        }

        def Xform "Segment_01"
        {
            matrix4d xformOp:transform = ( (0.9999999999999823, -1.8208827692809565e-7, -4.7013845746717e-8, 0), (9.202696659374692e-8, 0.6918285216362832, -0.7220618797587705, 0), (1.6400451123701548e-7, 0.7220618797587534, 0.6918285216362876, 0), (-0.0012500023003667593, 0.01161817368119955, 0.10673947632312775, 1) )
            uniform token[] xformOpOrder = ["xformOp:transform"]

            def Capsule "Visual" (
                prepend apiSchemas = ["MaterialBindingAPI"]
            )
            {
                uniform token axis = "Z"
                double height = 0.00499672131147541
                rel material:binding = </Looks/Wire_2>
                color3f[] primvars:displayColor = [(0.78, 0.035, 0.06)]
                double radius = 0.001
            }
        }

        def Xform "Segment_02"
        {
            matrix4d xformOp:transform = ( (0.9999999999999737, -2.1420761145477048e-7, -8.253124473924536e-8, 0), (8.05622846926956e-8, 0.6641381413951131, -0.7476099405798483, 0), (2.1495586860669842e-7, 0.7476099405798219, 0.6641381413951128, 0), (-0.0012500012526288629, 0.015289616771042347, 0.11012687534093857, 1) )
            uniform token[] xformOpOrder = ["xformOp:transform"]

            def Capsule "Visual" (
                prepend apiSchemas = ["MaterialBindingAPI"]
            )
            {
                uniform token axis = "Z"
                double height = 0.00499672131147541
                rel material:binding = </Looks/Wire_2>
                color3f[] primvars:displayColor = [(0.78, 0.035, 0.06)]
                double radius = 0.001
            }
        }

        def Xform "Segment_03"
        {
            matrix4d xformOp:transform = ( (0.9999999999999877, -1.5321063615318772e-7, -3.3038857145354844e-8, 0), (7.186048134638375e-8, 0.6355246384359099, -0.7720806411613653, 0), (1.3928796190842075e-7, 0.7720806411613536, 0.6355246384359131, 0), (-0.0012500003213062882, 0.019086025655269623, 0.11337360739707947, 1) )
            uniform token[] xformOpOrder = ["xformOp:transform"]

            def Capsule "Visual" (
                prepend apiSchemas = ["MaterialBindingAPI"]
            )
            {
                uniform token axis = "Z"
                double height = 0.00499672131147541
                rel material:binding = </Looks/Wire_2>
                color3f[] primvars:displayColor = [(0.78, 0.035, 0.06)]
                double radius = 0.001
            }
        }

        def Xform "Segment_04"
        {
            matrix4d xformOp:transform = ( (0.9999999999999966, -8.114635921781228e-8, 1.402937882508637e-8, 0), (6.033596346790184e-8, 0.6060197859227299, -0.7954495858777983, 0), (5.604575449509111e-8, 0.7954495858777966, 0.6060197859227328, 0), (-0.001249999855645001, 0.023001953959465027, 0.1164751723408699, 1) )
            uniform token[] xformOpOrder = ["xformOp:transform"]

            def Capsule "Visual" (
                prepend apiSchemas = ["MaterialBindingAPI"]
            )
            {
                uniform token axis = "Z"
                double height = 0.00499672131147541
                rel material:binding = </Looks/Wire_2>
                color3f[] primvars:displayColor = [(0.78, 0.035, 0.06)]
                double radius = 0.001
            }
        }

        def Xform "Segment_05"
        {
            matrix4d xformOp:transform = ( (0.9999999999999962, -8.742147904235979e-8, -9.904966558439628e-10, 0), (4.951611947632817e-8, 0.5756712508649807, -0.8176812101285209, 0), (7.205310537086506e-8, 0.8176812101285178, 0.5756712508649828, 0), (-0.0012499995063990355, 0.027031807228922844, 0.11942720413208008, 1) )
            uniform token[] xformOpOrder = ["xformOp:transform"]

            def Capsule "Visual" (
                prepend apiSchemas = ["MaterialBindingAPI"]
            )
            {
                uniform token axis = "Z"
                double height = 0.00499672131147541
                rel material:binding = </Looks/Wire_2>
                color3f[] primvars:displayColor = [(0.78, 0.035, 0.06)]
                double radius = 0.001
            }
        }

        def Xform "Segment_06"
        {
            matrix4d xformOp:transform = ( (0.9999999999999988, -4.4844352836691635e-8, 2.1534339782911704e-8, 0), (4.2480093918006196e-8, 0.5445058750053408, -0.8387570860010386, 0), (2.5887939121238675e-8, 0.8387570860010384, 0.544505875005342, 0), (-0.0012499992735683918, 0.03116985782980919, 0.12222558259963989, 1) )
            uniform token[] xformOpOrder = ["xformOp:transform"]

            def Capsule "Visual" (
                prepend apiSchemas = ["MaterialBindingAPI"]
            )
            {
                uniform token axis = "Z"
                double height = 0.00499672131147541
                rel material:binding = </Looks/Wire_2>
                color3f[] primvars:displayColor = [(0.78, 0.035, 0.06)]
                double radius = 0.001
            }
        }

        def Xform "Segment_07"
        {
            matrix4d xformOp:transform = ( (0.9999999999999992, -2.5308819119673325e-8, 2.8428644620806278e-8, 0), (3.738263898322083e-8, 0.5125665293616468, -0.8586475668967812, 0), (7.159780922529538e-9, 0.8586475668967817, 0.5125665293616475, 0), (-0.00124999915715307, 0.035410258919000626, 0.1248663067817688, 1) )
            uniform token[] xformOpOrder = ["xformOp:transform"]

            def Capsule "Visual" (
                prepend apiSchemas = ["MaterialBindingAPI"]
            )
            {
                uniform token axis = "Z"
                double height = 0.00499672131147541
                rel material:binding = </Looks/Wire_2>
                color3f[] primvars:displayColor = [(0.78, 0.035, 0.06)]
                double radius = 0.001
            }
        }

        def Xform "Segment_08"
        {
            matrix4d xformOp:transform = ( (0.9999999999999994, -6.706190704366217e-9, 3.308827527018623e-8, 0), (3.224768256063803e-8, 0.4798762557692198, -0.8773362110979971, 0), (-9.99469477209121e-9, 0.8773362110979978, 0.47987625576921966, 0), (-0.00124999915715307, 0.03974704444408417, 0.12734560668468475, 1) )
            uniform token[] xformOpOrder = ["xformOp:transform"]

            def Capsule "Visual" (
                prepend apiSchemas = ["MaterialBindingAPI"]
            )
            {
                uniform token axis = "Z"
                double height = 0.00499672131147541
                rel material:binding = </Looks/Wire_2>
                color3f[] primvars:displayColor = [(0.78, 0.035, 0.06)]
                double radius = 0.001
            }
        }

        def Xform "Segment_09"
        {
            matrix4d xformOp:transform = ( (0.9999999999999991, 1.5220211142104677e-8, 3.967291482991438e-8, 0), (2.8703344929746607e-8, 0.4464857871898218, -0.8947908319938235, 0), (-3.133229943933061e-8, 0.8947908319938237, 0.4464857871898209, 0), (-0.0012499992735683918, 0.04417412728071213, 0.12965980172157288, 1) )
            uniform token[] xformOpOrder = ["xformOp:transform"]

            def Capsule "Visual" (
                prepend apiSchemas = ["MaterialBindingAPI"]
            )
            {
                uniform token axis = "Z"
                double height = 0.00499672131147541
                rel material:binding = </Looks/Wire_2>
                color3f[] primvars:displayColor = [(0.78, 0.035, 0.06)]
                double radius = 0.001
            }
        }

        def Xform "Segment_10"
        {
            matrix4d xformOp:transform = ( (0.9999999999999992, 1.490886098778964e-8, 3.583582210383628e-8, 0), (2.6497423522803586e-8, 0.41242238667467035, -0.9109928213588246, 0), (-2.836136154108635e-8, 0.9109928213588249, 0.41242238667466957, 0), (-0.0012499993899837136, 0.04868530482053757, 0.13180552423000336, 1) )
            uniform token[] xformOpOrder = ["xformOp:transform"]

            def Capsule "Visual" (
                prepend apiSchemas = ["MaterialBindingAPI"]
            )
            {
                uniform token axis = "Z"
                double height = 0.00499672131147541
                rel material:binding = </Looks/Wire_2>
                color3f[] primvars:displayColor = [(0.78, 0.035, 0.06)]
                double radius = 0.001
            }
        }

        def Xform "Segment_11"
        {
            matrix4d xformOp:transform = ( (0.999999999999997, 5.761598020384942e-8, 5.227095045249695e-8, 0), (2.6634325482076824e-8, 0.37774120532707633, -0.9259112725323397, 0), (-7.309217565630779e-8, 0.9259112725323384, 0.37774120532707367, 0), (-0.0012499996228143573, 0.05327422916889191, 0.13377948105335236, 1) )
            uniform token[] xformOpOrder = ["xformOp:transform"]

            def Capsule "Visual" (
                prepend apiSchemas = ["MaterialBindingAPI"]
            )
            {
                uniform token axis = "Z"
                double height = 0.00499672131147541
                rel material:binding = </Looks/Wire_2>
                color3f[] primvars:displayColor = [(0.78, 0.035, 0.06)]
                double radius = 0.001
            }
        }

        def Xform "Segment_12"
        {
            matrix4d xformOp:transform = ( (0.999999999999997, 5.801442733004961e-8, 5.0906508267752524e-8, 0), (2.795911915136418e-8, 0.3424804722280823, -0.9395250424930246, 0), (-7.194048942513655e-8, 0.9395250424930233, 0.34248047222807976, 0), (-0.0012500000884756446, 0.057934440672397614, 0.13557873666286469, 1) )
            uniform token[] xformOpOrder = ["xformOp:transform"]

            def Capsule "Visual" (
                prepend apiSchemas = ["MaterialBindingAPI"]
            )
            {
                uniform token axis = "Z"
                double height = 0.00499672131147541
                rel material:binding = </Looks/Wire_2>
                color3f[] primvars:displayColor = [(0.78, 0.035, 0.06)]
                double radius = 0.001
            }
        }

        def Xform "Segment_13"
        {
            matrix4d xformOp:transform = ( (0.9999999999999986, 3.557220960196592e-8, 4.103181243852312e-8, 0), (2.814409821001838e-8, 0.3067048928223173, -0.9518046868776154, 0), (-4.6442453250244835e-8, 0.9518046868776152, 0.30670489282231583, 0), (-0.0012500003213062882, 0.06265933811664581, 0.1372005194425583, 1) )
            uniform token[] xformOpOrder = ["xformOp:transform"]

            def Capsule "Visual" (
                prepend apiSchemas = ["MaterialBindingAPI"]
            )
            {
                uniform token axis = "Z"
                double height = 0.00499672131147541
                rel material:binding = </Looks/Wire_2>
                color3f[] primvars:displayColor = [(0.78, 0.035, 0.06)]
                double radius = 0.001
            }
        }

        def Xform "Segment_14"
        {
            matrix4d xformOp:transform = ( (0.999999999999997, 6.137421345492563e-8, 4.7553458486461315e-8, 0), (2.9181682358402418e-8, 0.2704632508965614, -0.9627303509444126, 0), (-7.194827938156464e-8, 0.9627303509444111, 0.27046325089655887, 0), (-0.0012500006705522537, 0.06744221597909927, 0.13864240050315857, 1) )
            uniform token[] xformOpOrder = ["xformOp:transform"]

            def Capsule "Visual" (
                prepend apiSchemas = ["MaterialBindingAPI"]
            )
            {
                uniform token axis = "Z"
                double height = 0.00499672131147541
                rel material:binding = </Looks/Wire_2>
                color3f[] primvars:displayColor = [(0.78, 0.035, 0.06)]
                double radius = 0.001
            }
        }

        def Xform "Segment_15"
        {
            matrix4d xformOp:transform = ( (0.9999999999999981, 4.6175207380702066e-8, 4.1863819826273826e-8, 0), (2.9907281334658765e-8, 0.23380900273399874, -0.9722825615708505, 0), (-5.4683486632320104e-8, 0.9722825615708498, 0.23380900273399685, 0), (-0.0012500010197982192, 0.07227625697851181, 0.13990215957164764, 1) )
            uniform token[] xformOpOrder = ["xformOp:transform"]

            def Capsule "Visual" (
                prepend apiSchemas = ["MaterialBindingAPI"]
            )
            {
                uniform token axis = "Z"
                double height = 0.00499672131147541
                rel material:binding = </Looks/Wire_2>
                color3f[] primvars:displayColor = [(0.78, 0.035, 0.06)]
                double radius = 0.001
            }
        }

        def Xform "Segment_16"
        {
            matrix4d xformOp:transform = ( (0.9999999999999993, 1.3721930700487254e-8, 3.4602891517831485e-8, 0), (3.1225726681667926e-8, 0.19679918080532122, -0.9804438047735287, 0), (-2.0263402398056466e-8, 0.9804438047735291, 0.19679918080532066, 0), (-0.001250001136213541, 0.07715455442667007, 0.1409779191017151, 1) )
            uniform token[] xformOpOrder = ["xformOp:transform"]

            def Capsule "Visual" (
                prepend apiSchemas = ["MaterialBindingAPI"]
            )
            {
                uniform token axis = "Z"
                double height = 0.00499672131147541
                rel material:binding = </Looks/Wire_2>
                color3f[] primvars:displayColor = [(0.78, 0.035, 0.06)]
                double radius = 0.001
            }
        }

        def Xform "Segment_17"
        {
            matrix4d xformOp:transform = ( (0.9999999999999994, 8.031736475691265e-9, 3.32999247973569e-8, 0), (3.159281335814196e-8, 0.15948070292073868, -0.987201065545612, 0), (-1.3239634679332415e-8, 0.9872010655456125, 0.15948070292073835, 0), (-0.001250001136213541, 0.08207013458013535, 0.1418679803609848, 1) )
            uniform token[] xformOpOrder = ["xformOp:transform"]

            def Capsule "Visual" (
                prepend apiSchemas = ["MaterialBindingAPI"]
            )
            {
                uniform token axis = "Z"
                double height = 0.00499672131147541
                rel material:binding = </Looks/Wire_2>
                color3f[] primvars:displayColor = [(0.78, 0.035, 0.06)]
                double radius = 0.001
            }
        }

        def Xform "Segment_18"
        {
            matrix4d xformOp:transform = ( (0.9999999999999994, -5.464073194679302e-10, 3.201925574703249e-8, 0), (3.184703725363439e-8, 0.12191131446294867, -0.9925410015800507, 0), (-3.3611780253751317e-9, 0.9925410015800511, 0.12191131446294856, 0), (-0.001250001136213541, 0.08701593428850174, 0.14257097244262695, 1) )
            uniform token[] xformOpOrder = ["xformOp:transform"]

            def Capsule "Visual" (
                prepend apiSchemas = ["MaterialBindingAPI"]
            )
            {
                uniform token axis = "Z"
                double height = 0.00499672131147541
                rel material:binding = </Looks/Wire_2>
                color3f[] primvars:displayColor = [(0.78, 0.035, 0.06)]
                double radius = 0.001
            }
        }

        def Xform "Segment_19"
        {
            matrix4d xformOp:transform = ( (0.9999999999999989, 2.920181998735497e-8, 3.589615863928518e-8, 0), (3.3311585832293466e-8, 0.08414745463960571, -0.9964533620477595, 0), (-3.2118822284890176e-8, 0.9964533620477597, 0.0841474546396046, 0), (-0.0012500012526288629, 0.0919848382472992, 0.14308574795722961, 1) )
            uniform token[] xformOpOrder = ["xformOp:transform"]

            def Capsule "Visual" (
                prepend apiSchemas = ["MaterialBindingAPI"]
            )
            {
                uniform token axis = "Z"
                double height = 0.00499672131147541
                rel material:binding = </Looks/Wire_2>
                color3f[] primvars:displayColor = [(0.78, 0.035, 0.06)]
                double radius = 0.001
            }
        }

        def Xform "Segment_20"
        {
            matrix4d xformOp:transform = ( (0.9999999999999987, 3.8203700616788176e-8, 3.469851709278e-8, 0), (3.289391739473368e-8, 0.04626369757212956, -0.9989293177882105, 0), (-3.976807799835899e-8, 0.9989293177882103, 0.046263697572128226, 0), (-0.0012500014854595065, 0.09696971625089645, 0.1434115320444107, 1) )
            uniform token[] xformOpOrder = ["xformOp:transform"]

            def Capsule "Visual" (
                prepend apiSchemas = ["MaterialBindingAPI"]
            )
            {
                uniform token axis = "Z"
                double height = 0.00499672131147541
                rel material:binding = </Looks/Wire_2>
                color3f[] primvars:displayColor = [(0.78, 0.035, 0.06)]
                double radius = 0.001
            }
        }

        def Xform "Segment_21"
        {
            matrix4d xformOp:transform = ( (0.9999999999999991, 2.63262177333609e-8, 3.2115806223427736e-8, 0), (3.189588999196439e-8, 0.008311247321778126, -0.9999655842040197, 0), (-2.6592234790359223e-8, 0.9999655842040199, 0.008311247321777238, 0), (-0.0012500017182901502, 0.10196337103843689, 0.1435478776693344, 1) )
            uniform token[] xformOpOrder = ["xformOp:transform"]

            def Capsule "Visual" (
                prepend apiSchemas = ["MaterialBindingAPI"]
            )
            {
                uniform token axis = "Z"
                double height = 0.00499672131147541
                rel material:binding = </Looks/Wire_2>
                color3f[] primvars:displayColor = [(0.78, 0.035, 0.06)]
                double radius = 0.001
            }
        }

        def Xform "Segment_22"
        {
            matrix4d xformOp:transform = ( (0.9999999999999988, 3.789644934960496e-8, 3.124129886533691e-8, 0), (3.235101228802523e-8, -0.029645262692724828, -0.9995606363002311, 0), (-3.695364166141838e-8, 0.9995606363002308, -0.029645262692725938, 0), (-0.0012500019511207938, 0.10695860534906387, 0.1434945911169052, 1) )
            uniform token[] xformOpOrder = ["xformOp:transform"]

            def Capsule "Visual" (
                prepend apiSchemas = ["MaterialBindingAPI"]
            )
            {
                uniform token axis = "Z"
                double height = 0.00499672131147541
                rel material:binding = </Looks/Wire_2>
                color3f[] primvars:displayColor = [(0.78, 0.035, 0.06)]
                double radius = 0.001
            }
        }

        def Xform "Segment_23"
        {
            matrix4d xformOp:transform = ( (0.9999999999999991, 2.921361614444962e-8, 3.0588021277172466e-8, 0), (3.2491893653997255e-8, -0.06756334385966767, -0.9977151040269305, 0), (-2.7080237455852116e-8, 0.9977151040269305, -0.06756334385966856, 0), (-0.0012500021839514375, 0.11194822192192078, 0.14325174689292908, 1) )
            uniform token[] xformOpOrder = ["xformOp:transform"]

            def Capsule "Visual" (
                prepend apiSchemas = ["MaterialBindingAPI"]
            )
            {
                uniform token axis = "Z"
                double height = 0.00499672131147541
                rel material:binding = </Looks/Wire_2>
                color3f[] primvars:displayColor = [(0.78, 0.035, 0.06)]
                double radius = 0.001
            }
        }

        def Xform "Segment_24"
        {
            matrix4d xformOp:transform = ( (0.9999999999999987, 4.200274353127233e-8, 2.832795221339817e-8, 0), (3.259638135062692e-8, -0.10537780257143936, -0.9944323881864394, 0), (-3.878374999407498e-8, 0.994432388186439, -0.10537780257144069, 0), (-0.0012500024167820811, 0.11692501604557037, 0.14281968772411346, 1) )
            uniform token[] xformOpOrder = ["xformOp:transform"]

            def Capsule "Visual" (
                prepend apiSchemas = ["MaterialBindingAPI"]
            )
            {
                uniform token axis = "Z"
                double height = 0.00499672131147541
                rel material:binding = </Looks/Wire_2>
                color3f[] primvars:displayColor = [(0.78, 0.035, 0.06)]
                double radius = 0.001
            }
        }

        def Xform "Segment_25"
        {
            matrix4d xformOp:transform = ( (0.9999999999999991, 2.994979332516428e-8, 2.8289520976620064e-8, 0), (3.2282379664882386e-8, -0.1430301303196373, -0.9897183644667535, 0), (-2.5595606663626273e-8, 0.9897183644667535, -0.14303013031963818, 0), (-0.0012500026496127248, 0.12188184261322021, 0.1421990990638733, 1) )
            uniform token[] xformOpOrder = ["xformOp:transform"]

            def Capsule "Visual" (
                prepend apiSchemas = ["MaterialBindingAPI"]
            )
            {
                uniform token axis = "Z"
                double height = 0.00499672131147541
                rel material:binding = </Looks/Wire_2>
                color3f[] primvars:displayColor = [(0.78, 0.035, 0.06)]
                double radius = 0.001
            }
        }

        def Xform "Segment_26"
        {
            matrix4d xformOp:transform = ( (0.9999999999999993, 1.9268705205271236e-8, 2.9982454216844474e-8, 0), (3.2967462542798315e-8, -0.18046151520684361, -0.9835821098258746, 0), (-1.3541675473958598e-8, 0.983582109825875, -0.18046151520684428, 0), (-0.0012500027660280466, 0.12681156396865845, 0.14139096438884735, 1) )
            uniform token[] xformOpOrder = ["xformOp:transform"]

            def Capsule "Visual" (
                prepend apiSchemas = ["MaterialBindingAPI"]
            )
            {
                uniform token axis = "Z"
                double height = 0.00499672131147541
                rel material:binding = </Looks/Wire_2>
                color3f[] primvars:displayColor = [(0.78, 0.035, 0.06)]
                double radius = 0.001
            }
        }

        def Xform "Segment_27"
        {
            matrix4d xformOp:transform = ( (0.9999999999999994, 1.6725623733281262e-8, 3.041150738392428e-8, 0), (3.332247454672849e-8, -0.21761923097586333, -0.9760337706269551, 0), (-9.706645183193538e-9, 0.9760337706269555, -0.21761923097586378, 0), (-0.0012500027660280466, 0.131707102060318, 0.14039646089076996, 1) )
            uniform token[] xformOpOrder = ["xformOp:transform"]

            def Capsule "Visual" (
                prepend apiSchemas = ["MaterialBindingAPI"]
            )
            {
                uniform token axis = "Z"
                double height = 0.00499672131147541
                rel material:binding = </Looks/Wire_2>
                color3f[] primvars:displayColor = [(0.78, 0.035, 0.06)]
                double radius = 0.001
            }
        }

        def Xform "Segment_28"
        {
            matrix4d xformOp:transform = ( (0.9999999999999992, 2.946426840164129e-8, 2.785172886726295e-8, 0), (3.4432030882734516e-8, -0.2544424489988444, -0.9670879266399196, 0), (-2.140787618214152e-8, 0.9670879266399198, -0.25444244899884527, 0), (-0.0012500027660280466, 0.13656142354011536, 0.13921715319156647, 1) )
            uniform token[] xformOpOrder = ["xformOp:transform"]

            def Capsule "Visual" (
                prepend apiSchemas = ["MaterialBindingAPI"]
            )
            {
                uniform token axis = "Z"
                double height = 0.00499672131147541
                rel material:binding = </Looks/Wire_2>
                color3f[] primvars:displayColor = [(0.78, 0.035, 0.06)]
                double radius = 0.001
            }
        }

        def Xform "Segment_29"
        {
            matrix4d xformOp:transform = ( (0.9999999999999992, 2.6689557510004696e-8, 2.90375992961841e-8, 0), (3.5545622357777e-8, -0.290889456253808, -0.9567569794944574, 0), (-1.7088691704279274e-8, 0.9567569794944576, -0.2908894562538087, 0), (-0.0012500028824433684, 0.1413675844669342, 0.13785479962825775, 1) )
            uniform token[] xformOpOrder = ["xformOp:transform"]

            def Capsule "Visual" (
                prepend apiSchemas = ["MaterialBindingAPI"]
            )
            {
                uniform token axis = "Z"
                double height = 0.00499672131147541
                rel material:binding = </Looks/Wire_2>
                color3f[] primvars:displayColor = [(0.78, 0.035, 0.06)]
                double radius = 0.001
            }
        }

        def Xform "Segment_30"
        {
            matrix4d xformOp:transform = ( (0.9999999999999991, 2.927366899620052e-8, 2.9617933840099496e-8, 0), (3.7560402294280504e-8, -0.32690780391487806, -0.945056324193473, 0), (-1.798293304629226e-8, 0.9450563241934732, -0.32690780391487895, 0), (-0.0012500028824433684, 0.14611871540546417, 0.13631142675876617, 1) )
            uniform token[] xformOpOrder = ["xformOp:transform"]

            def Capsule "Visual" (
                prepend apiSchemas = ["MaterialBindingAPI"]
            )
            {
                uniform token axis = "Z"
                double height = 0.00499672131147541
                rel material:binding = </Looks/Wire_2>
                color3f[] primvars:displayColor = [(0.78, 0.035, 0.06)]
                double radius = 0.001
            }
        }

        def Xform "Segment_31"
        {
            matrix4d xformOp:transform = ( (0.9999999999999992, 1.8727926532548358e-8, 3.4508643443341555e-8, 0), (3.895012530593929e-8, -0.3624540021789431, -0.9320015863096313, 0), (-4.946659798271595e-9, 0.9320015863096319, -0.3624540021789435, 0), (-0.0012500028824433684, 0.15080799162387848, 0.13458925485610962, 1) )
            uniform token[] xformOpOrder = ["xformOp:transform"]

            def Capsule "Visual" (
                prepend apiSchemas = ["MaterialBindingAPI"]
            )
            {
                uniform token axis = "Z"
                double height = 0.00499672131147541
                rel material:binding = </Looks/Wire_2>
                color3f[] primvars:displayColor = [(0.78, 0.035, 0.06)]
                double radius = 0.001
            }
        }

        def Xform "Segment_32"
        {
            matrix4d xformOp:transform = ( (0.9999999999999991, 2.6988311080549306e-8, 3.335062056074152e-8, 0), (4.1330105187343224e-8, -0.39747219752382534, -0.9176143665321772, 0), (-1.150891966998641e-8, 0.9176143665321776, -0.39747219752382623, 0), (-0.0012500028824433684, 0.1554287075996399, 0.13269081711769104, 1) )
            uniform token[] xformOpOrder = ["xformOp:transform"]

            def Capsule "Visual" (
                prepend apiSchemas = ["MaterialBindingAPI"]
            )
            {
                uniform token axis = "Z"
                double height = 0.00499672131147541
                rel material:binding = </Looks/Wire_2>
                color3f[] primvars:displayColor = [(0.78, 0.035, 0.06)]
                double radius = 0.001
            }
        }

        def Xform "Segment_33"
        {
            matrix4d xformOp:transform = ( (0.999999999999999, 9.765211898652835e-9, 4.271163272286499e-8, 0), (4.273981523574085e-8, -0.4319298973649741, -0.9019071795688016, 0), (9.641116475452243e-9, 0.9019071795688025, -0.4319298973649741, 0), (-0.0012500028824433684, 0.15997426211833954, 0.13061881065368652, 1) )
            uniform token[] xformOpOrder = ["xformOp:transform"]

            def Capsule "Visual" (
                prepend apiSchemas = ["MaterialBindingAPI"]
            )
            {
                uniform token axis = "Z"
                double height = 0.00499672131147541
                rel material:binding = </Looks/Wire_2>
                color3f[] primvars:displayColor = [(0.78, 0.035, 0.06)]
                double radius = 0.001
            }
        }

        def Xform "Segment_34"
        {
            matrix4d xformOp:transform = ( (0.999999999999999, 9.165783805341692e-9, 4.3596127414463094e-8, 0), (4.284750824188424e-8, -0.46577775845475644, -0.8849018361681611, 0), (1.2195284160938069e-8, 0.884901836168162, -0.46577775845475644, 0), (-0.0012500028824433684, 0.16443808376789093, 0.12837618589401245, 1) )
            uniform token[] xformOpOrder = ["xformOp:transform"]

            def Capsule "Visual" (
                prepend apiSchemas = ["MaterialBindingAPI"]
            )
            {
                uniform token axis = "Z"
                double height = 0.00499672131147541
                rel material:binding = </Looks/Wire_2>
                color3f[] primvars:displayColor = [(0.78, 0.035, 0.06)]
                double radius = 0.001
            }
        }

        def Xform "Segment_35"
        {
            matrix4d xformOp:transform = ( (0.999999999999999, 1.6254646340086027e-8, 4.0528126137298996e-8, 0), (4.323292218139725e-8, -0.498986111223076, -0.8666101049374215, 0), (6.136527967779481e-9, 0.8666101049374224, -0.49898611122307623, 0), (-0.0012500028824433684, 0.16881370544433594, 0.12596602737903595, 1) )
            uniform token[] xformOpOrder = ["xformOp:transform"]

            def Capsule "Visual" (
                prepend apiSchemas = ["MaterialBindingAPI"]
            )
            {
                uniform token axis = "Z"
                double height = 0.00499672131147541
                rel material:binding = </Looks/Wire_2>
                color3f[] primvars:displayColor = [(0.78, 0.035, 0.06)]
                double radius = 0.001
            }
        }

        def Xform "Segment_36"
        {
            matrix4d xformOp:transform = ( (0.999999999999999, 1.3132438422155995e-8, 4.1524342906927644e-8, 0), (4.215312512654979e-8, -0.5315239253946022, -0.8470436743415983, 0), (1.094742137808114e-8, 0.8470436743415992, -0.5315239253946022, 0), (-0.0012500028824433684, 0.1730947643518448, 0.12339162826538086, 1) )
            uniform token[] xformOpOrder = ["xformOp:transform"]

            def Capsule "Visual" (
                prepend apiSchemas = ["MaterialBindingAPI"]
            )
            {
                uniform token axis = "Z"
                double height = 0.00499672131147541
                rel material:binding = </Looks/Wire_2>
                color3f[] primvars:displayColor = [(0.78, 0.035, 0.06)]
                double radius = 0.001
            }
        }

        def Xform "Segment_37"
        {
            matrix4d xformOp:transform = ( (0.9999999999999983, -1.2481945640384574e-8, 5.61773971026488e-8, 0), (3.9382260473299795e-8, -0.5633666585490589, -0.8262073275107009, 0), (4.196113049253294e-8, 0.8262073275107018, -0.5633666585490575, 0), (-0.0012500027660280466, 0.1772748827934265, 0.12065639346837997, 1) )
            uniform token[] xformOpOrder = ["xformOp:transform"]

            def Capsule "Visual" (
                prepend apiSchemas = ["MaterialBindingAPI"]
            )
            {
                uniform token axis = "Z"
                double height = 0.00499672131147541
                rel material:binding = </Looks/Wire_2>
                color3f[] primvars:displayColor = [(0.78, 0.035, 0.06)]
                double radius = 0.001
            }
        }

        def Xform "Segment_38"
        {
            matrix4d xformOp:transform = ( (0.999999999999998, -1.9631503547153873e-8, 5.976642732915755e-8, 0), (3.638840249797178e-8, -0.5944779844301229, -0.804111974755784, 0), (5.1315747396476525e-8, 0.8041119747557847, -0.5944779844301209, 0), (-0.001250002533197403, 0.18134774267673492, 0.11776391416788101, 1) )
            uniform token[] xformOpOrder = ["xformOp:transform"]

            def Capsule "Visual" (
                prepend apiSchemas = ["MaterialBindingAPI"]
            )
            {
                uniform token axis = "Z"
                double height = 0.00499672131147541
                rel material:binding = </Looks/Wire_2>
                color3f[] primvars:displayColor = [(0.78, 0.035, 0.06)]
                double radius = 0.001
            }
        }

        def Xform "Segment_39"
        {
            matrix4d xformOp:transform = ( (0.9999999999999988, -5.670076137261353e-9, 4.8122863112845375e-8, 0), (3.4029871918516655e-8, -0.624824395815389, -0.7807656472734795, 0), (3.449532627457445e-8, 0.7807656472734802, -0.6248243958153881, 0), (-0.0012500023003667593, 0.1853070706129074, 0.11471788585186005, 1) )
            uniform token[] xformOpOrder = ["xformOp:transform"]

            def Capsule "Visual" (
                prepend apiSchemas = ["MaterialBindingAPI"]
            )
            {
                uniform token axis = "Z"
                double height = 0.00499672131147541
                rel material:binding = </Looks/Wire_2>
                color3f[] primvars:displayColor = [(0.78, 0.035, 0.06)]
                double radius = 0.001
            }
        }

        def Xform "Segment_40"
        {
            matrix4d xformOp:transform = ( (0.9999999999999983, -1.8034349118785316e-8, 5.387440098034883e-8, 0), (2.8937238669164002e-8, -0.6543714030696053, -0.7561736560346473, 0), (4.889095056688388e-8, 0.7561736560346477, -0.6543714030696037, 0), (-0.0012500020675361156, 0.18914665281772614, 0.11152224987745285, 1) )
            uniform token[] xformOpOrder = ["xformOp:transform"]

            def Capsule "Visual" (
                prepend apiSchemas = ["MaterialBindingAPI"]
            )
            {
                uniform token axis = "Z"
                double height = 0.00499672131147541
                rel material:binding = </Looks/Wire_2>
                color3f[] primvars:displayColor = [(0.78, 0.035, 0.06)]
                double radius = 0.001
            }
        }

        def Xform "Segment_41"
        {
            matrix4d xformOp:transform = ( (0.9999999999999982, -2.478976845395478e-8, 5.512310566652922e-8, 0), (2.3325832443105056e-8, -0.6830744903337536, -0.7303487419522838, 0), (5.575836205593046e-8, 0.7303487419522838, -0.6830744903337518, 0), (-0.001250001834705472, 0.19286026060581207, 0.10818108916282654, 1) )
            uniform token[] xformOpOrder = ["xformOp:transform"]

            def Capsule "Visual" (
                prepend apiSchemas = ["MaterialBindingAPI"]
            )
            {
                uniform token axis = "Z"
                double height = 0.00499672131147541
                rel material:binding = </Looks/Wire_2>
                color3f[] primvars:displayColor = [(0.78, 0.035, 0.06)]
                double radius = 0.001
            }
        }

        def Xform "Segment_42"
        {
            matrix4d xformOp:transform = ( (0.9999999999999964, -4.5804760245083857e-8, 7.143980079444303e-8, 0), (1.768244408533953e-8, -0.7108837514406368, -0.7033096641813479, 0), (8.300031548029295e-8, 0.7033096641813465, -0.7108837514406334, 0), (-0.0012500014854595065, 0.19644179940223694, 0.1046987846493721, 1) )
            uniform token[] xformOpOrder = ["xformOp:transform"]

            def Capsule "Visual" (
                prepend apiSchemas = ["MaterialBindingAPI"]
            )
            {
                uniform token axis = "Z"
                double height = 0.00499672131147541
                rel material:binding = </Looks/Wire_2>
                color3f[] primvars:displayColor = [(0.78, 0.035, 0.06)]
                double radius = 0.001
            }
        }

        def Xform "Segment_43"
        {
            matrix4d xformOp:transform = ( (0.9999999999999964, -4.7526784790499146e-8, 6.894059779734131e-8, 0), (1.1476701861994823e-8, -0.7377534863499056, -0.6750703215791994, 0), (8.29450819009065e-8, 0.6750703215791979, -0.7377534863499025, 0), (-0.0012500010197982192, 0.19988524913787842, 0.10107985883951187, 1) )
            uniform token[] xformOpOrder = ["xformOp:transform"]

            def Capsule "Visual" (
                prepend apiSchemas = ["MaterialBindingAPI"]
            )
            {
                uniform token axis = "Z"
                double height = 0.00499672131147541
                rel material:binding = </Looks/Wire_2>
                color3f[] primvars:displayColor = [(0.78, 0.035, 0.06)]
                double radius = 0.001
            }
        }

        def Xform "Segment_44"
        {
            matrix4d xformOp:transform = ( (0.9999999999999967, -4.952690973339205e-8, 6.561710617522746e-8, 0), (4.546551772673096e-9, -0.7636236067395532, -0.6456618990093199, 0), (8.208439728431367e-8, 0.6456618990093181, -0.7636236067395503, 0), (-0.001250000554136932, 0.20318466424942017, 0.09732921421527863, 1) )
            uniform token[] xformOpOrder = ["xformOp:transform"]

            def Capsule "Visual" (
                prepend apiSchemas = ["MaterialBindingAPI"]
            )
            {
                uniform token axis = "Z"
                double height = 0.00499672131147541
                rel material:binding = </Looks/Wire_2>
                color3f[] primvars:displayColor = [(0.78, 0.035, 0.06)]
                double radius = 0.001
            }
        }

        def Xform "Segment_45"
        {
            matrix4d xformOp:transform = ( (0.9999999999999974, -4.5454938983945175e-8, 5.5292642915097884e-8, 0), (-1.8274743314507215e-9, -0.7884412647805541, -0.6151102579808319, 0), (7.155479142684012e-8, 0.6151102579808301, -0.7884412647805521, 0), (-0.0012500000884756446, 0.20633427798748016, 0.09345193952322006, 1) )
            uniform token[] xformOpOrder = ["xformOp:transform"]

            def Capsule "Visual" (
                prepend apiSchemas = ["MaterialBindingAPI"]
            )
            {
                uniform token axis = "Z"
                double height = 0.00499672131147541
                rel material:binding = </Looks/Wire_2>
                color3f[] primvars:displayColor = [(0.78, 0.035, 0.06)]
                double radius = 0.001
            }
        }

        def Xform "Segment_46"
        {
            matrix4d xformOp:transform = ( (0.999999999999998, -4.165788487053522e-8, 4.6427034348973776e-8, 0), (-6.7435705934966625e-9, -0.8121396384438258, -0.5834629036967492, 0), (6.201107276912797e-8, 0.5834629036967477, -0.8121396384438244, 0), (-0.001249999739229679, 0.20932850241661072, 0.08945347368717194, 1) )
            uniform token[] xformOpOrder = ["xformOp:transform"]

            def Capsule "Visual" (
                prepend apiSchemas = ["MaterialBindingAPI"]
            )
            {
                uniform token axis = "Z"
                double height = 0.00499672131147541
                rel material:binding = </Looks/Wire_2>
                color3f[] primvars:displayColor = [(0.78, 0.035, 0.06)]
                double radius = 0.001
            }
        }

        def Xform "Segment_47"
        {
            matrix4d xformOp:transform = ( (0.9999999999999984, -3.903159658537062e-8, 3.917850803461035e-8, 0), (-1.099956704432809e-8, -0.8346565264341248, -0.5507713846897431, 0), (5.4198067757609904e-8, 0.5507713846897417, -0.8346565264341241, 0), (-0.0012499995063990355, 0.21216200292110443, 0.08533955365419388, 1) )
            uniform token[] xformOpOrder = ["xformOp:transform"]

            def Capsule "Visual" (
                prepend apiSchemas = ["MaterialBindingAPI"]
            )
            {
                uniform token axis = "Z"
                double height = 0.00499672131147541
                rel material:binding = </Looks/Wire_2>
                color3f[] primvars:displayColor = [(0.78, 0.035, 0.06)]
                double radius = 0.001
            }
        }

        def Xform "Segment_48"
        {
            matrix4d xformOp:transform = ( (0.9999999999999978, -4.554984165352381e-8, 4.753028569444031e-8, 0), (-1.4409738709077628e-8, -0.8559284204361095, -0.5170947029855073, 0), (6.42360923717525e-8, 0.5170947029855055, -0.8559284204361082, 0), (-0.0012499992735683918, 0.214829683303833, 0.08111626654863358, 1) )
            uniform token[] xformOpOrder = ["xformOp:transform"]

            def Capsule "Visual" (
                prepend apiSchemas = ["MaterialBindingAPI"]
            )
            {
                uniform token axis = "Z"
                double height = 0.00499672131147541
                rel material:binding = </Looks/Wire_2>
                color3f[] primvars:displayColor = [(0.78, 0.035, 0.06)]
                double radius = 0.001
            }
        }

        def Xform "Segment_49"
        {
            matrix4d xformOp:transform = ( (0.9999999999999996, -2.6921526027293793e-8, 1.576969889630454e-8, 0), (-1.597106191006034e-8, -0.8758866663127096, -0.48251680384446183, 0), (2.6802558616359475e-8, 0.4825168038444614, -0.8758866663127096, 0), (-0.00124999915715307, 0.217326819896698, 0.0767899751663208, 1) )
            uniform token[] xformOpOrder = ["xformOp:transform"]

            def Capsule "Visual" (
                prepend apiSchemas = ["MaterialBindingAPI"]
            )
            {
                uniform token axis = "Z"
                double height = 0.00499672131147541
                rel material:binding = </Looks/Wire_2>
                color3f[] primvars:displayColor = [(0.78, 0.035, 0.06)]
                double radius = 0.001
            }
        }

        def Xform "Segment_50"
        {
            matrix4d xformOp:transform = ( (0.9999999999999994, -2.7830669765782817e-8, 1.659040380178029e-8, 0), (-1.747563103667036e-8, -0.8944695344578195, -0.4471291263098521, 0), (2.7283511463672474e-8, 0.4471291263098515, -0.8944695344578195, 0), (-0.0012499989243224263, 0.21964919567108154, 0.07236741483211517, 1) )
            uniform token[] xformOpOrder = ["xformOp:transform"]

            def Capsule "Visual" (
                prepend apiSchemas = ["MaterialBindingAPI"]
            )
            {
                uniform token axis = "Z"
                double height = 0.00499672131147541
                rel material:binding = </Looks/Wire_2>
                color3f[] primvars:displayColor = [(0.78, 0.035, 0.06)]
                double radius = 0.001
            }
        }

        def Xform "Segment_51"
        {
            matrix4d xformOp:transform = ( (0.9999999999999996, -2.6929997087701665e-8, 1.40251246690444e-8, 0), (-1.878487624182348e-8, -0.9116162418538425, -0.41104345928649644, 0), (2.385492170821849e-8, 0.411043459286496, -0.9116162418538425, 0), (-0.0012499988079071045, 0.22179299592971802, 0.0678555890917778, 1) )
            uniform token[] xformOpOrder = ["xformOp:transform"]

            def Capsule "Visual" (
                prepend apiSchemas = ["MaterialBindingAPI"]
            )
            {
                uniform token axis = "Z"
                double height = 0.00499672131147541
                rel material:binding = </Looks/Wire_2>
                color3f[] primvars:displayColor = [(0.78, 0.035, 0.06)]
                double radius = 0.001
            }
        }

        def Xform "Segment_52"
        {
            matrix4d xformOp:transform = ( (0.9999999999999998, -1.877895973992571e-8, -1.918106518923292e-9, 0), (-1.8131342191750827e-8, -0.9272738928658555, -0.374384550199764, 0), (5.2519417225749e-9, 0.374384550199764, -0.9272738928658557, 0), (-0.0012499986914917827, 0.22375504672527313, 0.06326183676719666, 1) )
            uniform token[] xformOpOrder = ["xformOp:transform"]

            def Capsule "Visual" (
                prepend apiSchemas = ["MaterialBindingAPI"]
            )
            {
                uniform token axis = "Z"
                double height = 0.00499672131147541
                rel material:binding = </Looks/Wire_2>
                color3f[] primvars:displayColor = [(0.78, 0.035, 0.06)]
                double radius = 0.001
            }
        }

        def Xform "Segment_53"
        {
            matrix4d xformOp:transform = ( (0.9999999999999998, -1.2045155255073973e-8, -1.47372492729392e-8, 0), (-1.6310169160673676e-8, -0.941396586245105, -0.33730186984699617, 0), (-9.810742235009157e-9, 0.3373018698469964, -0.941396586245105, 0), (-0.0012499986914917827, 0.2255328744649887, 0.05859367921948433, 1) )
            uniform token[] xformOpOrder = ["xformOp:transform"]

            def Capsule "Visual" (
                prepend apiSchemas = ["MaterialBindingAPI"]
            )
            {
                uniform token axis = "Z"
                double height = 0.00499672131147541
                rel material:binding = </Looks/Wire_2>
                color3f[] primvars:displayColor = [(0.78, 0.035, 0.06)]
                double radius = 0.001
            }
        }

        def Xform "Segment_54"
        {
            matrix4d xformOp:transform = ( (0.9999999999999992, -2.5364177685014465e-9, -3.8968179560016014e-8, 0), (-1.4108227681033481e-8, -0.9539541222536705, -0.29995245842555446, 0), (-3.6413051849826326e-8, 0.2999524584255548, -0.9539541222536698, 0), (-0.0012499988079071045, 0.22712475061416626, 0.05385889112949371, 1) )
            uniform token[] xformOpOrder = ["xformOp:transform"]

            def Capsule "Visual" (
                prepend apiSchemas = ["MaterialBindingAPI"]
            )
            {
                uniform token axis = "Z"
                double height = 0.00499672131147541
                rel material:binding = </Looks/Wire_2>
                color3f[] primvars:displayColor = [(0.78, 0.035, 0.06)]
                double radius = 0.001
            }
        }

        def Xform "Segment_55"
        {
            matrix4d xformOp:transform = ( (0.9999999999999997, -6.054349190464865e-9, -2.446276753664405e-8, 0), (-1.226438073388606e-8, -0.9649216772996854, -0.26253809553450924, 0), (-2.201515625395952e-8, 0.26253809553450946, -0.9649216772996851, 0), (-0.0012499989243224263, 0.22852985560894012, 0.049065329134464264, 1) )
            uniform token[] xformOpOrder = ["xformOp:transform"]

            def Capsule "Visual" (
                prepend apiSchemas = ["MaterialBindingAPI"]
            )
            {
                uniform token axis = "Z"
                double height = 0.00499672131147541
                rel material:binding = </Looks/Wire_2>
                color3f[] primvars:displayColor = [(0.78, 0.035, 0.06)]
                double radius = 0.001
            }
        }

        def Xform "Segment_56"
        {
            matrix4d xformOp:transform = ( (0.9999999999999983, 4.050207062100058e-9, -5.733729028645443e-8, 0), (-8.968371983449007e-9, -0.9743042976789427, -0.22523748592637807, 0), (-5.677620398199861e-8, 0.22523748592637824, -0.9743042976789411, 0), (-0.0012499990407377481, 0.22974827885627747, 0.0442209430038929, 1) )
            uniform token[] xformOpOrder = ["xformOp:transform"]

            def Capsule "Visual" (
                prepend apiSchemas = ["MaterialBindingAPI"]
            )
            {
                uniform token axis = "Z"
                double height = 0.00499672131147541
                rel material:binding = </Looks/Wire_2>
                color3f[] primvars:displayColor = [(0.78, 0.035, 0.06)]
                double radius = 0.001
            }
        }

        def Xform "Segment_57"
        {
            matrix4d xformOp:transform = ( (0.9999999999999981, 6.722030634673279e-9, -6.088136182350494e-8, 0), (-4.861314635273328e-9, -0.9821144272278008, -0.18828615784596717, 0), (-6.10581160318175e-8, 0.1882861578459671, -0.9821144272277991, 0), (-0.0012499992735683918, 0.2307811975479126, 0.03933360055088997, 1) )
            uniform token[] xformOpOrder = ["xformOp:transform"]

            def Capsule "Visual" (
                prepend apiSchemas = ["MaterialBindingAPI"]
            )
            {
                uniform token axis = "Z"
                double height = 0.00499672131147541
                rel material:binding = </Looks/Wire_2>
                color3f[] primvars:displayColor = [(0.78, 0.035, 0.06)]
                double radius = 0.001
            }
        }

        def Xform "Segment_58"
        {
            matrix4d xformOp:transform = ( (0.9999999999999989, 5.366969871648444e-9, -4.7267473529556566e-8, 0), (-1.875276208004257e-9, -0.9883958825678587, -0.1519007967930435, 0), (-4.753421671400725e-8, 0.15190079679304344, -0.9883958825678576, 0), (-0.0012499996228143573, 0.23163087666034698, 0.03441106528043747, 1) )
            uniform token[] xformOpOrder = ["xformOp:transform"]

            def Capsule "Visual" (
                prepend apiSchemas = ["MaterialBindingAPI"]
            )
            {
                uniform token axis = "Z"
                double height = 0.00499672131147541
                rel material:binding = </Looks/Wire_2>
                color3f[] primvars:displayColor = [(0.78, 0.035, 0.06)]
                double radius = 0.001
            }
        }

        def Xform "Segment_59"
        {
            matrix4d xformOp:transform = ( (0.9999999999999996, 3.276715549184355e-9, -2.9063907918711342e-8, 0), (-1.2666438208095577e-10, -0.9932101278383318, -0.11633436998618898, 0), (-2.9247761699520024e-8, 0.11633436998618893, -0.9932101278383314, 0), (-0.001249999855645001, 0.23230081796646118, 0.029460810124874115, 1) )
            uniform token[] xformOpOrder = ["xformOp:transform"]

            def Capsule "Visual" (
                prepend apiSchemas = ["MaterialBindingAPI"]
            )
            {
                uniform token axis = "Z"
                double height = 0.00499672131147541
                rel material:binding = </Looks/Wire_2>
                color3f[] primvars:displayColor = [(0.78, 0.035, 0.06)]
                double radius = 0.001
            }
        }

        def Xform "Segment_60"
        {
            matrix4d xformOp:transform = ( (1, -3.734615875173934e-14, 1.861559645481015e-13, 0), (-2.199241703437427e-14, -0.9966482865293074, -0.08180543173244104, 0), (1.8858714776816127e-13, 0.08180543173244104, -0.9966482865293074, 0), (-0.0012499999720603228, 0.23279564082622528, 0.024489937350153923, 1) )
            uniform token[] xformOpOrder = ["xformOp:transform"]

            def Capsule "Visual" (
                prepend apiSchemas = ["MaterialBindingAPI"]
            )
            {
                uniform token axis = "Z"
                double height = 0.00499672131147541
                rel material:binding = </Looks/Wire_2>
                color3f[] primvars:displayColor = [(0.78, 0.035, 0.06)]
                double radius = 0.001
            }
        }
    }

    def "Cable_3"
    {
        def Xform "Segment_00"
        {
            matrix4d xformOp:transform = ( (0.9999999999999934, -3.480473560788335e-8, 1.094606022815135e-7, 0), (1.0113572591206779e-7, 0.7185546118538371, -0.6954705636679502, 0), (-5.4447754928972446e-8, 0.6954705636679567, 0.7185546118538358, 0), (0.0012499979929998517, 0.008076993748545647, 0.10321616381406784, 1) )
            uniform token[] xformOpOrder = ["xformOp:transform"]

            def Capsule "Visual" (
                prepend apiSchemas = ["MaterialBindingAPI"]
            )
            {
                uniform token axis = "Z"
                double height = 0.00499672131147541
                rel material:binding = </Looks/Wire_3>
                color3f[] primvars:displayColor = [(0.93, 0.1, 0.15)]
                double radius = 0.001
            }
        }

        def Xform "Segment_01"
        {
            matrix4d xformOp:transform = ( (0.9999999999999815, 5.047653733872265e-8, 1.8589064563860275e-7, 0), (9.930344262911259e-8, 0.691828474842168, -0.7220618877851709, 0), (-1.6505162598305593e-7, 0.722061887785176, 0.6918284748421502, 0), (0.0012499976437538862, 0.01161817368119955, 0.10673947632312775, 1) )
            uniform token[] xformOpOrder = ["xformOp:transform"]

            def Capsule "Visual" (
                prepend apiSchemas = ["MaterialBindingAPI"]
            )
            {
                uniform token axis = "Z"
                double height = 0.00499672131147541
                rel material:binding = </Looks/Wire_3>
                color3f[] primvars:displayColor = [(0.93, 0.1, 0.15)]
                double radius = 0.001
            }
        }

        def Xform "Segment_02"
        {
            matrix4d xformOp:transform = ( (0.9999999999999889, 2.1797693480784734e-8, 1.4731212157335118e-7, 0), (9.56553221465885e-8, 0.6641380925439, -0.7476099460986674, 0), (-1.1413176572960054e-7, 0.7476099460986732, 0.6641380925438907, 0), (0.0012499968288466334, 0.015289616771042347, 0.11012687534093857, 1) )
            uniform token[] xformOpOrder = ["xformOp:transform"]

            def Capsule "Visual" (
                prepend apiSchemas = ["MaterialBindingAPI"]
            )
            {
                uniform token axis = "Z"
                double height = 0.00499672131147541
                rel material:binding = </Looks/Wire_3>
                color3f[] primvars:displayColor = [(0.93, 0.1, 0.15)]
                double radius = 0.001
            }
        }

        def Xform "Segment_03"
        {
            matrix4d xformOp:transform = ( (0.9999999999999963, -5.097447542542512e-8, 6.901652391378889e-8, 0), (8.568185388445868e-8, 0.635524536656672, -0.7720806980729533, 0), (-4.505289442659143e-9, 0.7720806980729564, 0.635524536656674, 0), (0.0012499965960159898, 0.019086025655269623, 0.11337360739707947, 1) )
            uniform token[] xformOpOrder = ["xformOp:transform"]

            def Capsule "Visual" (
                prepend apiSchemas = ["MaterialBindingAPI"]
            )
            {
                uniform token axis = "Z"
                double height = 0.00499672131147541
                rel material:binding = </Looks/Wire_3>
                color3f[] primvars:displayColor = [(0.93, 0.1, 0.15)]
                double radius = 0.001
            }
        }

        def Xform "Segment_04"
        {
            matrix4d xformOp:transform = ( (0.9999999999999963, -7.184639690016658e-8, 4.533887959561495e-8, 0), (7.96051260701472e-8, 0.6060196271947067, -0.7954497461144318, 0), (2.96739389680222e-8, 0.7954497461144324, 0.6060196271947103, 0), (0.0012499965960159898, 0.023001953959465027, 0.1164751723408699, 1) )
            uniform token[] xformOpOrder = ["xformOp:transform"]

            def Capsule "Visual" (
                prepend apiSchemas = ["MaterialBindingAPI"]
            )
            {
                uniform token axis = "Z"
                double height = 0.00499672131147541
                rel material:binding = </Looks/Wire_3>
                color3f[] primvars:displayColor = [(0.93, 0.1, 0.15)]
                double radius = 0.001
            }
        }

        def Xform "Segment_05"
        {
            matrix4d xformOp:transform = ( (0.9999999999999969, -6.512124022272039e-8, 4.3939297440800974e-8, 0), (7.341675533122507e-8, 0.5756709214087956, -0.8176815275593793, 0), (2.7953851691161814e-8, 0.81768152755938, 0.5756709214087987, 0), (0.0012499967124313116, 0.027031807228922844, 0.11942720413208008, 1) )
            uniform token[] xformOpOrder = ["xformOp:transform"]

            def Capsule "Visual" (
                prepend apiSchemas = ["MaterialBindingAPI"]
            )
            {
                uniform token axis = "Z"
                double height = 0.00499672131147541
                rel material:binding = </Looks/Wire_3>
                color3f[] primvars:displayColor = [(0.93, 0.1, 0.15)]
                double radius = 0.001
            }
        }

        def Xform "Segment_06"
        {
            matrix4d xformOp:transform = ( (0.9999999999999959, -8.809054024916897e-8, 2.1277506686363445e-8, 0), (6.58125082319817e-8, 0.5445063301258093, -0.8387567238564638, 0), (6.230079720512443e-8, 0.8387567238564618, 0.5445063301258128, 0), (0.0012499969452619553, 0.03116985782980919, 0.12222559005022049, 1) )
            uniform token[] xformOpOrder = ["xformOp:transform"]

            def Capsule "Visual" (
                prepend apiSchemas = ["MaterialBindingAPI"]
            )
            {
                uniform token axis = "Z"
                double height = 0.00499672131147541
                rel material:binding = </Looks/Wire_3>
                color3f[] primvars:displayColor = [(0.93, 0.1, 0.15)]
                double radius = 0.001
            }
        }

        def Xform "Segment_07"
        {
            matrix4d xformOp:transform = ( (0.9999999999999978, -5.5553257755612364e-8, 3.5805101067798335e-8, 0), (5.921872176104411e-8, 0.5125671178700162, -0.8586471662492875, 0), (2.9348129458703146e-8, 0.8586471662492877, 0.5125671178700184, 0), (0.001249997178092599, 0.035410258919000626, 0.1248663142323494, 1) )
            uniform token[] xformOpOrder = ["xformOp:transform"]

            def Capsule "Visual" (
                prepend apiSchemas = ["MaterialBindingAPI"]
            )
            {
                uniform token axis = "Z"
                double height = 0.00499672131147541
                rel material:binding = </Looks/Wire_3>
                color3f[] primvars:displayColor = [(0.93, 0.1, 0.15)]
                double radius = 0.001
            }
        }

        def Xform "Segment_08"
        {
            matrix4d xformOp:transform = ( (0.9999999999999986, -2.9497145386308023e-8, 4.4854114337023374e-8, 0), (5.3507120141959747e-8, 0.47987674210735665, -0.8773360440933112, 0), (4.354452091095282e-9, 0.8773360440933123, 0.47987674210735753, 0), (0.001249997178092599, 0.03974704444408417, 0.12734560668468475, 1) )
            uniform token[] xformOpOrder = ["xformOp:transform"]

            def Capsule "Visual" (
                prepend apiSchemas = ["MaterialBindingAPI"]
            )
            {
                uniform token axis = "Z"
                double height = 0.00499672131147541
                rel material:binding = </Looks/Wire_3>
                color3f[] primvars:displayColor = [(0.93, 0.1, 0.15)]
                double radius = 0.001
            }
        }

        def Xform "Segment_09"
        {
            matrix4d xformOp:transform = ( (0.9999999999999986, -4.320412807997601e-8, 3.133834515701502e-8, 0), (4.7331309503435645e-8, 0.4464864143224062, -0.8947905132336017, 0), (2.4666489434476912e-8, 0.8947905132336019, 0.44648641432240765, 0), (0.001249997178092599, 0.04417412728071213, 0.12965981662273407, 1) )
            uniform token[] xformOpOrder = ["xformOp:transform"]

            def Capsule "Visual" (
                prepend apiSchemas = ["MaterialBindingAPI"]
            )
            {
                uniform token axis = "Z"
                double height = 0.00499672131147541
                rel material:binding = </Looks/Wire_3>
                color3f[] primvars:displayColor = [(0.93, 0.1, 0.15)]
                double radius = 0.001
            }
        }

        def Xform "Segment_10"
        {
            matrix4d xformOp:transform = ( (0.9999999999999984, -4.978610397852274e-8, 2.443667385820706e-8, 0), (4.2794515901634565e-8, 0.41242186976125184, -0.9109929636187462, 0), (3.5276572783611e-8, 0.9109929636187457, 0.4124218697612534, 0), (0.0012499974109232426, 0.04868530109524727, 0.13180552423000336, 1) )
            uniform token[] xformOpOrder = ["xformOp:transform"]

            def Capsule "Visual" (
                prepend apiSchemas = ["MaterialBindingAPI"]
            )
            {
                uniform token axis = "Z"
                double height = 0.00499672131147541
                rel material:binding = </Looks/Wire_3>
                color3f[] primvars:displayColor = [(0.93, 0.1, 0.15)]
                double radius = 0.001
            }
        }

        def Xform "Segment_11"
        {
            matrix4d xformOp:transform = ( (0.9999999999999989, -4.089256099015167e-8, 2.4815310715680385e-8, 0), (3.842355783878235e-8, 0.37774054038970806, -0.9259114347715922, 0), (2.848914518301283e-8, 0.9259114347715922, 0.37774054038970917, 0), (0.0012499975273385644, 0.05327422544360161, 0.13377948105335236, 1) )
            uniform token[] xformOpOrder = ["xformOp:transform"]

            def Capsule "Visual" (
                prepend apiSchemas = ["MaterialBindingAPI"]
            )
            {
                uniform token axis = "Z"
                double height = 0.00499672131147541
                rel material:binding = </Looks/Wire_3>
                color3f[] primvars:displayColor = [(0.93, 0.1, 0.15)]
                double radius = 0.001
            }
        }

        def Xform "Segment_12"
        {
            matrix4d xformOp:transform = ( (0.9999999999999983, -5.635169493885333e-8, 1.5141340527611005e-8, 0), (3.3524995093855816e-8, 0.3424799254142299, -0.9395251597551996, 0), (4.7758228813594075e-8, 0.9395251597551985, 0.3424799254142312, 0), (0.001249997760169208, 0.05793443322181702, 0.13557873666286469, 1) )
            uniform token[] xformOpOrder = ["xformOp:transform"]

            def Capsule "Visual" (
                prepend apiSchemas = ["MaterialBindingAPI"]
            )
            {
                uniform token axis = "Z"
                double height = 0.00499672131147541
                rel material:binding = </Looks/Wire_3>
                color3f[] primvars:displayColor = [(0.93, 0.1, 0.15)]
                double radius = 0.001
            }
        }

        def Xform "Segment_13"
        {
            matrix4d xformOp:transform = ( (0.9999999999999977, -6.828537362361491e-8, 7.112530726115005e-9, 0), (2.771316681003526e-8, 0.3067043313294473, -0.9518049319329062, 0), (6.281290257268624e-8, 0.9518049319329042, 0.3067043313294485, 0), (0.0012499979929998517, 0.06265933811664581, 0.1372005194425583, 1) )
            uniform token[] xformOpOrder = ["xformOp:transform"]

            def Capsule "Visual" (
                prepend apiSchemas = ["MaterialBindingAPI"]
            )
            {
                uniform token axis = "Z"
                double height = 0.00499672131147541
                rel material:binding = </Looks/Wire_3>
                color3f[] primvars:displayColor = [(0.93, 0.1, 0.15)]
                double radius = 0.001
            }
        }

        def Xform "Segment_14"
        {
            matrix4d xformOp:transform = ( (0.9999999999999976, -6.91320259485955e-8, 3.555263921115596e-9, 0), (2.212040800045749e-8, 0.2704628189102306, -0.9627304919834512, 0), (6.559393617705347e-8, 0.962730491983449, 0.2704628189102315, 0), (0.0012499982258304954, 0.06744221597909927, 0.13864240050315857, 1) )
            uniform token[] xformOpOrder = ["xformOp:transform"]

            def Capsule "Visual" (
                prepend apiSchemas = ["MaterialBindingAPI"]
            )
            {
                uniform token axis = "Z"
                double height = 0.00499672131147541
                rel material:binding = </Looks/Wire_3>
                color3f[] primvars:displayColor = [(0.93, 0.1, 0.15)]
                double radius = 0.001
            }
        }

        def Xform "Segment_15"
        {
            matrix4d xformOp:transform = ( (0.9999999999999971, -7.525096312339157e-8, -1.6776516038684772e-9, 0), (1.59631900625839e-8, 0.23380885516550454, -0.9722825814174755, 0), (7.355745053308891e-8, 0.9722825814174726, 0.2338088551655051, 0), (0.001249998458661139, 0.07227625697851181, 0.13990215957164764, 1) )
            uniform token[] xformOpOrder = ["xformOp:transform"]

            def Capsule "Visual" (
                prepend apiSchemas = ["MaterialBindingAPI"]
            )
            {
                uniform token axis = "Z"
                double height = 0.00499672131147541
                rel material:binding = </Looks/Wire_3>
                color3f[] primvars:displayColor = [(0.93, 0.1, 0.15)]
                double radius = 0.001
            }
        }

        def Xform "Segment_16"
        {
            matrix4d xformOp:transform = ( (0.9999999999999984, -5.6587964447055075e-8, -4.2187541504982206e-10, 0), (1.0722833982893524e-8, 0.19679902971480956, -0.9804438969894144, 0), (5.556434585687387e-8, 0.9804438969894128, 0.1967990297148099, 0), (0.0012499988079071045, 0.07715455442667007, 0.1409779191017151, 1) )
            uniform token[] xformOpOrder = ["xformOp:transform"]

            def Capsule "Visual" (
                prepend apiSchemas = ["MaterialBindingAPI"]
            )
            {
                uniform token axis = "Z"
                double height = 0.00499672131147541
                rel material:binding = </Looks/Wire_3>
                color3f[] primvars:displayColor = [(0.93, 0.1, 0.15)]
                double radius = 0.001
            }
        }

        def Xform "Segment_17"
        {
            matrix4d xformOp:transform = ( (0.9999999999999982, -5.909178838203818e-8, -3.787211562225269e-9, 0), (5.685261878889229e-9, 0.1594807029207379, -0.9872010655456132, 0), (5.893946235734666e-8, 0.9872010655456114, 0.1594807029207379, 0), (0.0012499990407377481, 0.08207013458013535, 0.1418679803609848, 1) )
            uniform token[] xformOpOrder = ["xformOp:transform"]

            def Capsule "Visual" (
                prepend apiSchemas = ["MaterialBindingAPI"]
            )
            {
                uniform token axis = "Z"
                double height = 0.00499672131147541
                rel material:binding = </Looks/Wire_3>
                color3f[] primvars:displayColor = [(0.93, 0.1, 0.15)]
                double radius = 0.001
            }
        }

        def Xform "Segment_18"
        {
            matrix4d xformOp:transform = ( (0.9999999999999982, -5.915180793403063e-8, -5.7259160149310675e-9, 0), (1.528068517676753e-9, 0.12191131446294812, -0.9925410015800518, 0), (5.940864838287249e-8, 0.99254100158005, 0.1219113144629479, 0), (0.0012499992735683918, 0.08701593428850174, 0.14257097244262695, 1) )
            uniform token[] xformOpOrder = ["xformOp:transform"]

            def Capsule "Visual" (
                prepend apiSchemas = ["MaterialBindingAPI"]
            )
            {
                uniform token axis = "Z"
                double height = 0.00499672131147541
                rel material:binding = </Looks/Wire_3>
                color3f[] primvars:displayColor = [(0.93, 0.1, 0.15)]
                double radius = 0.001
            }
        }

        def Xform "Segment_19"
        {
            matrix4d xformOp:transform = ( (0.9999999999999986, -5.3673082737621265e-8, -6.883096451738315e-9, 0), (-2.3422283435720634e-9, 0.08414745463960516, -0.9964533620477602, 0), (5.406191629705738e-8, 0.9964533620477589, 0.08414745463960482, 0), (0.0012499995063990355, 0.0919848382472992, 0.14308574795722961, 1) )
            uniform token[] xformOpOrder = ["xformOp:transform"]

            def Capsule "Visual" (
                prepend apiSchemas = ["MaterialBindingAPI"]
            )
            {
                uniform token axis = "Z"
                double height = 0.00499672131147541
                rel material:binding = </Looks/Wire_3>
                color3f[] primvars:displayColor = [(0.93, 0.1, 0.15)]
                double radius = 0.001
            }
        }

        def Xform "Segment_20"
        {
            matrix4d xformOp:transform = ( (0.9999999999999993, -3.65079882146272e-8, -7.397192293106333e-9, 0), (-5.7002752546013185e-9, 0.046263697572129336, -0.9989293177882107, 0), (3.681111950650686e-8, 0.99892931778821, 0.046263697572129114, 0), (0.001249999739229679, 0.09696971625089645, 0.1434115320444107, 1) )
            uniform token[] xformOpOrder = ["xformOp:transform"]

            def Capsule "Visual" (
                prepend apiSchemas = ["MaterialBindingAPI"]
            )
            {
                uniform token axis = "Z"
                double height = 0.00499672131147541
                rel material:binding = </Looks/Wire_3>
                color3f[] primvars:displayColor = [(0.93, 0.1, 0.15)]
                double radius = 0.001
            }
        }

        def Xform "Segment_21"
        {
            matrix4d xformOp:transform = ( (0.9999999999999992, -3.834836641108015e-8, -9.15751023274388e-9, 0), (-8.83846644938826e-9, 0.008311247321777904, -0.9999655842040202, 0), (3.842315331781486e-8, 0.9999655842040195, 0.00831124732177757, 0), (0.0012499999720603228, 0.10196337103843689, 0.1435478776693344, 1) )
            uniform token[] xformOpOrder = ["xformOp:transform"]

            def Capsule "Visual" (
                prepend apiSchemas = ["MaterialBindingAPI"]
            )
            {
                uniform token axis = "Z"
                double height = 0.00499672131147541
                rel material:binding = </Looks/Wire_3>
                color3f[] primvars:displayColor = [(0.93, 0.1, 0.15)]
                double radius = 0.001
            }
        }

        def Xform "Segment_22"
        {
            matrix4d xformOp:transform = ( (0.9999999999999996, -2.9672513581941583e-8, -9.432932520198608e-9, 0), (-1.0308431526899032e-8, -0.029645262692724828, -0.9995606363002312, 0), (2.9379831818040794e-8, 0.9995606363002307, -0.02964526269272527, 0), (0.0012500002048909664, 0.10695860534906387, 0.1434945911169052, 1) )
            uniform token[] xformOpOrder = ["xformOp:transform"]

            def Capsule "Visual" (
                prepend apiSchemas = ["MaterialBindingAPI"]
            )
            {
                uniform token axis = "Z"
                double height = 0.00499672131147541
                rel material:binding = </Looks/Wire_3>
                color3f[] primvars:displayColor = [(0.93, 0.1, 0.15)]
                double radius = 0.001
            }
        }

        def Xform "Segment_23"
        {
            matrix4d xformOp:transform = ( (0.9999999999999998, -1.6322791954583622e-8, -9.809961767459837e-9, 0), (-1.089036644544231e-8, -0.06756334385966767, -0.9977151040269305, 0), (1.5622701615137754e-8, 0.9977151040269305, -0.06756334385966789, 0), (0.0012500003213062882, 0.11194822192192078, 0.14325174689292908, 1) )
            uniform token[] xformOpOrder = ["xformOp:transform"]

            def Capsule "Visual" (
                prepend apiSchemas = ["MaterialBindingAPI"]
            )
            {
                uniform token axis = "Z"
                double height = 0.00499672131147541
                rel material:binding = </Looks/Wire_3>
                color3f[] primvars:displayColor = [(0.93, 0.1, 0.15)]
                double radius = 0.001
            }
        }

        def Xform "Segment_24"
        {
            matrix4d xformOp:transform = ( (0.9999999999999999, -3.2455632641515965e-10, -1.220775954361468e-8, 0), (-1.2173991062838629e-8, -0.10537780257143936, -0.9944323881864392, 0), (-9.636760273331416e-10, 0.9944323881864392, -0.10537780257143936, 0), (0.0012500003213062882, 0.11692501604557037, 0.14281968772411346, 1) )
            uniform token[] xformOpOrder = ["xformOp:transform"]

            def Capsule "Visual" (
                prepend apiSchemas = ["MaterialBindingAPI"]
            )
            {
                uniform token axis = "Z"
                double height = 0.00499672131147541
                rel material:binding = </Looks/Wire_3>
                color3f[] primvars:displayColor = [(0.93, 0.1, 0.15)]
                double radius = 0.001
            }
        }

        def Xform "Segment_25"
        {
            matrix4d xformOp:transform = ( (0.9999999999999997, 2.2678397326784514e-8, -1.528147721875772e-8, 0), (-1.1880664793839329e-8, -0.14303013031963774, -0.9897183644667537, 0), (-2.4630936956505428e-8, 0.9897183644667534, -0.1430301303196373, 0), (0.0012500003213062882, 0.12188184261322021, 0.1421990990638733, 1) )
            uniform token[] xformOpOrder = ["xformOp:transform"]

            def Capsule "Visual" (
                prepend apiSchemas = ["MaterialBindingAPI"]
            )
            {
                uniform token axis = "Z"
                double height = 0.00499672131147541
                rel material:binding = </Looks/Wire_3>
                color3f[] primvars:displayColor = [(0.93, 0.1, 0.15)]
                double radius = 0.001
            }
        }

        def Xform "Segment_26"
        {
            matrix4d xformOp:transform = ( (0.9999999999999999, -7.76579863931924e-9, -1.0687738422384042e-8, 0), (-1.1913695052057046e-8, -0.18046151520684361, -0.9835821098258748, 0), (5.7095754043841266e-9, 0.9835821098258748, -0.18046151520684361, 0), (0.0012500002048909664, 0.12681156396865845, 0.14139096438884735, 1) )
            uniform token[] xformOpOrder = ["xformOp:transform"]

            def Capsule "Visual" (
                prepend apiSchemas = ["MaterialBindingAPI"]
            )
            {
                uniform token axis = "Z"
                double height = 0.00499672131147541
                rel material:binding = </Looks/Wire_3>
                color3f[] primvars:displayColor = [(0.93, 0.1, 0.15)]
                double radius = 0.001
            }
        }

        def Xform "Segment_27"
        {
            matrix4d xformOp:transform = ( (0.9999999999999999, 2.5230099721329456e-9, -1.2773911459762523e-8, 0), (-1.1918713280711543e-8, -0.21761923097586333, -0.9760337706269553, 0), (-5.242391346849725e-9, 0.9760337706269553, -0.21761923097586333, 0), (0.0012500002048909664, 0.131707102060318, 0.14039646089076996, 1) )
            uniform token[] xformOpOrder = ["xformOp:transform"]

            def Capsule "Visual" (
                prepend apiSchemas = ["MaterialBindingAPI"]
            )
            {
                uniform token axis = "Z"
                double height = 0.00499672131147541
                rel material:binding = </Looks/Wire_3>
                color3f[] primvars:displayColor = [(0.93, 0.1, 0.15)]
                double radius = 0.001
            }
        }

        def Xform "Segment_28"
        {
            matrix4d xformOp:transform = ( (0.9999999999999999, 3.9739503269362255e-10, -1.2267193715187688e-8, 0), (-1.1762340690170028e-8, -0.2544424489988444, -0.9670879266399197, 0), (-3.505610638151413e-9, 0.9670879266399197, -0.2544424489988444, 0), (0.0012500002048909664, 0.13656142354011536, 0.13921715319156647, 1) )
            uniform token[] xformOpOrder = ["xformOp:transform"]

            def Capsule "Visual" (
                prepend apiSchemas = ["MaterialBindingAPI"]
            )
            {
                uniform token axis = "Z"
                double height = 0.00499672131147541
                rel material:binding = </Looks/Wire_3>
                color3f[] primvars:displayColor = [(0.93, 0.1, 0.15)]
                double radius = 0.001
            }
        }

        def Xform "Segment_29"
        {
            matrix4d xformOp:transform = ( (0.9999999999999999, -2.0781323080936526e-10, -1.2145937352642201e-8, 0), (-1.1681158278988593e-8, -0.290889456253808, -0.9567569794944575, 0), (-3.334294794169333e-9, 0.9567569794944575, -0.290889456253808, 0), (0.0012500002048909664, 0.1413675844669342, 0.13785479962825775, 1) )
            uniform token[] xformOpOrder = ["xformOp:transform"]

            def Capsule "Visual" (
                prepend apiSchemas = ["MaterialBindingAPI"]
            )
            {
                uniform token axis = "Z"
                double height = 0.00499672131147541
                rel material:binding = </Looks/Wire_3>
                color3f[] primvars:displayColor = [(0.93, 0.1, 0.15)]
                double radius = 0.001
            }
        }

        def Xform "Segment_30"
        {
            matrix4d xformOp:transform = ( (0.9999999999999999, 2.8765787817201005e-9, -1.3065436685082721e-8, 0), (-1.140719697472556e-8, -0.32690780391487806, -0.9450563241934731, 0), (-6.9897209128233215e-9, 0.9450563241934731, -0.32690780391487806, 0), (0.0012500002048909664, 0.14611871540546417, 0.13631142675876617, 1) )
            uniform token[] xformOpOrder = ["xformOp:transform"]

            def Capsule "Visual" (
                prepend apiSchemas = ["MaterialBindingAPI"]
            )
            {
                uniform token axis = "Z"
                double height = 0.00499672131147541
                rel material:binding = </Looks/Wire_3>
                color3f[] primvars:displayColor = [(0.93, 0.1, 0.15)]
                double radius = 0.001
            }
        }

        def Xform "Segment_31"
        {
            matrix4d xformOp:transform = ( (0.9999999999999998, 1.3580073039652306e-8, -1.6478452067939344e-8, 0), (-1.0435791483264177e-8, -0.3624540021789431, -0.9320015863096316, 0), (-1.8629332313196217e-8, 0.9320015863096316, -0.36245400217894286, 0), (0.0012500002048909664, 0.15080799162387848, 0.13458925485610962, 1) )
            uniform token[] xformOpOrder = ["xformOp:transform"]

            def Capsule "Visual" (
                prepend apiSchemas = ["MaterialBindingAPI"]
            )
            {
                uniform token axis = "Z"
                double height = 0.00499672131147541
                rel material:binding = </Looks/Wire_3>
                color3f[] primvars:displayColor = [(0.93, 0.1, 0.15)]
                double radius = 0.001
            }
        }

        def Xform "Segment_32"
        {
            matrix4d xformOp:transform = ( (0.9999999999999998, 1.3085301206243041e-8, -1.677087258870006e-8, 0), (-1.01881504844363e-8, -0.39747219752382557, -0.9176143665321774, 0), (-1.8673212491454087e-8, 0.9176143665321774, -0.39747219752382534, 0), (0.0012500002048909664, 0.1554287075996399, 0.13269081711769104, 1) )
            uniform token[] xformOpOrder = ["xformOp:transform"]

            def Capsule "Visual" (
                prepend apiSchemas = ["MaterialBindingAPI"]
            )
            {
                uniform token axis = "Z"
                double height = 0.00499672131147541
                rel material:binding = </Looks/Wire_3>
                color3f[] primvars:displayColor = [(0.93, 0.1, 0.15)]
                double radius = 0.001
            }
        }

        def Xform "Segment_33"
        {
            matrix4d xformOp:transform = ( (0.9999999999999999, 4.295998980575732e-9, -1.3623878099177259e-8, 0), (-1.043190307932383e-8, -0.43192989736497367, -0.9019071795688021, 0), (-9.759152619256626e-9, 0.9019071795688021, -0.43192989736497367, 0), (0.0012500002048909664, 0.15997426211833954, 0.13061881065368652, 1) )
            uniform token[] xformOpOrder = ["xformOp:transform"]

            def Capsule "Visual" (
                prepend apiSchemas = ["MaterialBindingAPI"]
            )
            {
                uniform token axis = "Z"
                double height = 0.00499672131147541
                rel material:binding = </Looks/Wire_3>
                color3f[] primvars:displayColor = [(0.93, 0.1, 0.15)]
                double radius = 0.001
            }
        }

        def Xform "Segment_34"
        {
            matrix4d xformOp:transform = ( (0.9999999999999999, 4.330663820892924e-9, -1.409350677674998e-8, 0), (-1.0454242761841748e-8, -0.465777758454756, -0.8849018361681615, 0), (-1.039665285908729e-8, 0.8849018361681615, -0.465777758454756, 0), (0.0012500002048909664, 0.16443808376789093, 0.12837618589401245, 1) )
            uniform token[] xformOpOrder = ["xformOp:transform"]

            def Capsule "Visual" (
                prepend apiSchemas = ["MaterialBindingAPI"]
            )
            {
                uniform token axis = "Z"
                double height = 0.00499672131147541
                rel material:binding = </Looks/Wire_3>
                color3f[] primvars:displayColor = [(0.93, 0.1, 0.15)]
                double radius = 0.001
            }
        }

        def Xform "Segment_35"
        {
            matrix4d xformOp:transform = ( (0.9999999999999998, 1.1304510935138036e-8, -1.8043768011380356e-8, 0), (-9.996117832039888e-9, -0.4989861112230758, -0.866610104937422, 0), (-1.8800190419757524e-8, 0.866610104937422, -0.49898611122307557, 0), (0.0012500002048909664, 0.16881370544433594, 0.12596602737903595, 1) )
            uniform token[] xformOpOrder = ["xformOp:transform"]

            def Capsule "Visual" (
                prepend apiSchemas = ["MaterialBindingAPI"]
            )
            {
                uniform token axis = "Z"
                double height = 0.00499672131147541
                rel material:binding = </Looks/Wire_3>
                color3f[] primvars:displayColor = [(0.93, 0.1, 0.15)]
                double radius = 0.001
            }
        }

        def Xform "Segment_36"
        {
            matrix4d xformOp:transform = ( (0.9999999999999998, 1.249582031106263e-8, -1.9184641999929075e-8, 0), (-9.608402818906886e-9, -0.531523925394602, -0.8470436743415988, 0), (-2.078159303762419e-8, 0.8470436743415988, -0.5315239253946018, 0), (0.0012500002048909664, 0.1730947643518448, 0.12339162826538086, 1) )
            uniform token[] xformOpOrder = ["xformOp:transform"]

            def Capsule "Visual" (
                prepend apiSchemas = ["MaterialBindingAPI"]
            )
            {
                uniform token axis = "Z"
                double height = 0.00499672131147541
                rel material:binding = </Looks/Wire_3>
                color3f[] primvars:displayColor = [(0.93, 0.1, 0.15)]
                double radius = 0.001
            }
        }

        def Xform "Segment_37"
        {
            matrix4d xformOp:transform = ( (0.9999999999999998, 7.795244025680672e-9, -1.6773963463524626e-8, 0), (-9.467190656887936e-9, -0.5633666585490575, -0.8262073275107014, 0), (-1.5890373839582977e-8, 0.8262073275107014, -0.5633666585490573, 0), (0.0012500002048909664, 0.1772748827934265, 0.12065639346837997, 1) )
            uniform token[] xformOpOrder = ["xformOp:transform"]

            def Capsule "Visual" (
                prepend apiSchemas = ["MaterialBindingAPI"]
            )
            {
                uniform token axis = "Z"
                double height = 0.00499672131147541
                rel material:binding = </Looks/Wire_3>
                color3f[] primvars:displayColor = [(0.93, 0.1, 0.15)]
                double radius = 0.001
            }
        }

        def Xform "Segment_38"
        {
            matrix4d xformOp:transform = ( (0.9999999999999999, 7.54923100288209e-9, -1.6223079995298224e-8, 0), (-8.557321216186666e-9, -0.5944779844301211, -0.8041119747557843, 0), (-1.5714689525145673e-8, 0.8041119747557843, -0.5944779844301209, 0), (0.0012500002048909664, 0.18134774267673492, 0.11776391416788101, 1) )
            uniform token[] xformOpOrder = ["xformOp:transform"]

            def Capsule "Visual" (
                prepend apiSchemas = ["MaterialBindingAPI"]
            )
            {
                uniform token axis = "Z"
                double height = 0.00499672131147541
                rel material:binding = </Looks/Wire_3>
                color3f[] primvars:displayColor = [(0.93, 0.1, 0.15)]
                double radius = 0.001
            }
        }

        def Xform "Segment_39"
        {
            matrix4d xformOp:transform = ( (0.9999999999999998, 1.1297529845477727e-8, -1.8509697362604942e-8, 0), (-7.392764208958194e-9, -0.6248243958153881, -0.7807656472734799, 0), (-2.0386027430949638e-8, 0.7807656472734799, -0.6248243958153878, 0), (0.0012500002048909664, 0.1853070706129074, 0.11471788585186005, 1) )
            uniform token[] xformOpOrder = ["xformOp:transform"]

            def Capsule "Visual" (
                prepend apiSchemas = ["MaterialBindingAPI"]
            )
            {
                uniform token axis = "Z"
                double height = 0.00499672131147541
                rel material:binding = </Looks/Wire_3>
                color3f[] primvars:displayColor = [(0.93, 0.1, 0.15)]
                double radius = 0.001
            }
        }

        def Xform "Segment_40"
        {
            matrix4d xformOp:transform = ( (0.9999999999999997, 1.4580168311616052e-8, -2.1330013469829906e-8, 0), (-6.588350356814857e-9, -0.654371403069604, -0.7561736560346476, 0), (-2.498288258376194e-8, 0.7561736560346474, -0.6543714030696037, 0), (0.0012500000884756446, 0.18914665281772614, 0.11152224987745285, 1) )
            uniform token[] xformOpOrder = ["xformOp:transform"]

            def Capsule "Visual" (
                prepend apiSchemas = ["MaterialBindingAPI"]
            )
            {
                uniform token axis = "Z"
                double height = 0.00499672131147541
                rel material:binding = </Looks/Wire_3>
                color3f[] primvars:displayColor = [(0.93, 0.1, 0.15)]
                double radius = 0.001
            }
        }

        def Xform "Segment_41"
        {
            matrix4d xformOp:transform = ( (0.9999999999999999, 5.2945567576557375e-9, -1.367566060710549e-8, 0), (-6.371424846841902e-9, -0.6830744903337518, -0.7303487419522838, 0), (-1.3208367413190041e-8, 0.7303487419522838, -0.6830744903337518, 0), (0.0012499999720603228, 0.19286026060581207, 0.10818108916282654, 1) )
            uniform token[] xformOpOrder = ["xformOp:transform"]

            def Capsule "Visual" (
                prepend apiSchemas = ["MaterialBindingAPI"]
            )
            {
                uniform token axis = "Z"
                double height = 0.00499672131147541
                rel material:binding = </Looks/Wire_3>
                color3f[] primvars:displayColor = [(0.93, 0.1, 0.15)]
                double radius = 0.001
            }
        }

        def Xform "Segment_42"
        {
            matrix4d xformOp:transform = ( (0.9999999999999999, 4.630361247402331e-9, -1.2738856975589754e-8, 0), (-5.667712589333055e-9, -0.7108837514406332, -0.7033096641813472, 0), (-1.2312422845674714e-8, 0.7033096641813472, -0.7108837514406332, 0), (0.0012499999720603228, 0.19644179940223694, 0.1046987846493721, 1) )
            uniform token[] xformOpOrder = ["xformOp:transform"]

            def Capsule "Visual" (
                prepend apiSchemas = ["MaterialBindingAPI"]
            )
            {
                uniform token axis = "Z"
                double height = 0.00499672131147541
                rel material:binding = </Looks/Wire_3>
                color3f[] primvars:displayColor = [(0.93, 0.1, 0.15)]
                double radius = 0.001
            }
        }

        def Xform "Segment_43"
        {
            matrix4d xformOp:transform = ( (0.9999999999999999, 3.9273721870745375e-9, -1.176058519874993e-8, 0), (-5.041789462153751e-9, -0.7377534863499022, -0.6750703215791987, 0), (-1.1327664169288299e-8, 0.6750703215791987, -0.7377534863499022, 0), (0.0012499999720603228, 0.19988524913787842, 0.10107985883951187, 1) )
            uniform token[] xformOpOrder = ["xformOp:transform"]

            def Capsule "Visual" (
                prepend apiSchemas = ["MaterialBindingAPI"]
            )
            {
                uniform token axis = "Z"
                double height = 0.00499672131147541
                rel material:binding = </Looks/Wire_3>
                color3f[] primvars:displayColor = [(0.93, 0.1, 0.15)]
                double radius = 0.001
            }
        }

        def Xform "Segment_44"
        {
            matrix4d xformOp:transform = ( (0.9999999999999999, 3.4154869100254646e-9, -1.0787464163676883e-8, 0), (-4.356908084178582e-9, -0.7636236067395501, -0.645661899009319, 0), (-1.044281024730353e-8, 0.645661899009319, -0.7636236067395501, 0), (0.0012499999720603228, 0.20318466424942017, 0.09732921421527863, 1) )
            uniform token[] xformOpOrder = ["xformOp:transform"]

            def Capsule "Visual" (
                prepend apiSchemas = ["MaterialBindingAPI"]
            )
            {
                uniform token axis = "Z"
                double height = 0.00499672131147541
                rel material:binding = </Looks/Wire_3>
                color3f[] primvars:displayColor = [(0.93, 0.1, 0.15)]
                double radius = 0.001
            }
        }

        def Xform "Segment_45"
        {
            matrix4d xformOp:transform = ( (1, 2.9421717150531876e-9, -9.854507281607442e-9, 0), (-3.7418788704784856e-9, -0.7884412647805519, -0.615110257980831, 0), (-9.579458788615344e-9, 0.615110257980831, -0.7884412647805519, 0), (0.0012499999720603228, 0.20633427798748016, 0.09345193952322006, 1) )
            uniform token[] xformOpOrder = ["xformOp:transform"]

            def Capsule "Visual" (
                prepend apiSchemas = ["MaterialBindingAPI"]
            )
            {
                uniform token axis = "Z"
                double height = 0.00499672131147541
                rel material:binding = </Looks/Wire_3>
                color3f[] primvars:displayColor = [(0.93, 0.1, 0.15)]
                double radius = 0.001
            }
        }

        def Xform "Segment_46"
        {
            matrix4d xformOp:transform = ( (1, 2.597813049265287e-9, -8.969814120231002e-9, 0), (-3.123766877578054e-9, -0.8121396384438242, -0.5834629036967485, 0), (-8.800470355894322e-9, 0.5834629036967485, -0.8121396384438242, 0), (0.0012499999720603228, 0.20932850241661072, 0.08945347368717194, 1) )
            uniform token[] xformOpOrder = ["xformOp:transform"]

            def Capsule "Visual" (
                prepend apiSchemas = ["MaterialBindingAPI"]
            )
            {
                uniform token axis = "Z"
                double height = 0.00499672131147541
                rel material:binding = </Looks/Wire_3>
                color3f[] primvars:displayColor = [(0.93, 0.1, 0.15)]
                double radius = 0.001
            }
        }

        def Xform "Segment_47"
        {
            matrix4d xformOp:transform = ( (1, 2.257123789004502e-9, -8.085600446052697e-9, 0), (-2.5693941981909995e-9, -0.8346565264341237, -0.5507713846897424, 0), (-7.991855593440114e-9, 0.5507713846897424, -0.8346565264341237, 0), (0.0012499999720603228, 0.21216200292110443, 0.08533955365419388, 1) )
            uniform token[] xformOpOrder = ["xformOp:transform"]

            def Capsule "Visual" (
                prepend apiSchemas = ["MaterialBindingAPI"]
            )
            {
                uniform token axis = "Z"
                double height = 0.00499672131147541
                rel material:binding = </Looks/Wire_3>
                color3f[] primvars:displayColor = [(0.93, 0.1, 0.15)]
                double radius = 0.001
            }
        }

        def Xform "Segment_48"
        {
            matrix4d xformOp:transform = ( (1, 1.932035451361504e-9, -7.230930148956275e-9, 0), (-2.0853916093458663e-9, -0.8559284204361077, -0.5170947029855064, 0), (-7.1882023928150716e-9, 0.5170947029855064, -0.8559284204361077, 0), (0.0012499999720603228, 0.214829683303833, 0.08111626654863358, 1) )
            uniform token[] xformOpOrder = ["xformOp:transform"]

            def Capsule "Visual" (
                prepend apiSchemas = ["MaterialBindingAPI"]
            )
            {
                uniform token axis = "Z"
                double height = 0.00499672131147541
                rel material:binding = </Looks/Wire_3>
                color3f[] primvars:displayColor = [(0.93, 0.1, 0.15)]
                double radius = 0.001
            }
        }

        def Xform "Segment_49"
        {
            matrix4d xformOp:transform = ( (1, 1.615264382433641e-9, -6.383782907535162e-9, 0), (-1.6654939909322456e-9, -0.8758866663127094, -0.4825168038444616, 0), (-6.370862814553881e-9, 0.4825168038444616, -0.8758866663127094, 0), (0.0012499999720603228, 0.217326819896698, 0.0767899751663208, 1) )
            uniform token[] xformOpOrder = ["xformOp:transform"]

            def Capsule "Visual" (
                prepend apiSchemas = ["MaterialBindingAPI"]
            )
            {
                uniform token axis = "Z"
                double height = 0.00499672131147541
                rel material:binding = </Looks/Wire_3>
                color3f[] primvars:displayColor = [(0.93, 0.1, 0.15)]
                double radius = 0.001
            }
        }

        def Xform "Segment_50"
        {
            matrix4d xformOp:transform = ( (1, 1.3338127777026934e-9, -5.607688873787781e-9, 0), (-1.3143061334771338e-9, -0.8944695344578193, -0.4471291263098518, 0), (-5.6122927951658605e-9, 0.4471291263098518, -0.8944695344578193, 0), (0.0012499999720603228, 0.21964919567108154, 0.07236741483211517, 1) )
            uniform token[] xformOpOrder = ["xformOp:transform"]

            def Capsule "Visual" (
                prepend apiSchemas = ["MaterialBindingAPI"]
            )
            {
                uniform token axis = "Z"
                double height = 0.00499672131147541
                rel material:binding = </Looks/Wire_3>
                color3f[] primvars:displayColor = [(0.93, 0.1, 0.15)]
                double radius = 0.001
            }
        }

        def Xform "Segment_51"
        {
            matrix4d xformOp:transform = ( (1, 1.064109808985674e-9, -4.846973695926286e-9, 0), (-1.022257059885411e-9, -0.9116162418538423, -0.4110434592864962, 0), (-4.855973043386391e-9, 0.4110434592864962, -0.9116162418538423, 0), (0.0012499999720603228, 0.22179299592971802, 0.0678555890917778, 1) )
            uniform token[] xformOpOrder = ["xformOp:transform"]

            def Capsule "Visual" (
                prepend apiSchemas = ["MaterialBindingAPI"]
            )
            {
                uniform token axis = "Z"
                double height = 0.00499672131147541
                rel material:binding = </Looks/Wire_3>
                color3f[] primvars:displayColor = [(0.93, 0.1, 0.15)]
                double radius = 0.001
            }
        }

        def Xform "Segment_52"
        {
            matrix4d xformOp:transform = ( (1, 8.484495586580761e-10, -4.173606729607311e-9, 0), (-7.75788765530978e-10, -0.9272738928658555, -0.374384550199764, 0), (-4.1877215258761466e-9, 0.374384550199764, -0.9272738928658555, 0), (0.0012499999720603228, 0.22375504672527313, 0.06326183676719666, 1) )
            uniform token[] xformOpOrder = ["xformOp:transform"]

            def Capsule "Visual" (
                prepend apiSchemas = ["MaterialBindingAPI"]
            )
            {
                uniform token axis = "Z"
                double height = 0.00499672131147541
                rel material:binding = </Looks/Wire_3>
                color3f[] primvars:displayColor = [(0.93, 0.1, 0.15)]
                double radius = 0.001
            }
        }

        def Xform "Segment_53"
        {
            matrix4d xformOp:transform = ( (1, 6.436217245022958e-10, -3.5171028665732765e-9, 0), (-5.804220804269419e-10, -0.941396586245105, -0.3373018698469963, 0), (-3.5280832908056645e-9, 0.3373018698469963, -0.941396586245105, 0), (0.0012499999720603228, 0.2255328744649887, 0.05859367921948433, 1) )
            uniform token[] xformOpOrder = ["xformOp:transform"]

            def Capsule "Visual" (
                prepend apiSchemas = ["MaterialBindingAPI"]
            )
            {
                uniform token axis = "Z"
                double height = 0.00499672131147541
                rel material:binding = </Looks/Wire_3>
                color3f[] primvars:displayColor = [(0.93, 0.1, 0.15)]
                double radius = 0.001
            }
        }

        def Xform "Segment_54"
        {
            matrix4d xformOp:transform = ( (1, 4.944806552218329e-10, -2.9393979754064143e-9, 0), (-4.099677883943387e-10, -0.9539541222536698, -0.2999524584255546, 0), (-2.9523715871636135e-9, 0.2999524584255546, -0.9539541222536698, 0), (0.0012499999720603228, 0.22712475061416626, 0.05385889112949371, 1) )
            uniform token[] xformOpOrder = ["xformOp:transform"]

            def Capsule "Visual" (
                prepend apiSchemas = ["MaterialBindingAPI"]
            )
            {
                uniform token axis = "Z"
                double height = 0.00499672131147541
                rel material:binding = </Looks/Wire_3>
                color3f[] primvars:displayColor = [(0.93, 0.1, 0.15)]
                double radius = 0.001
            }
        }

        def Xform "Segment_55"
        {
            matrix4d xformOp:transform = ( (1, 3.5340552747940414e-10, -2.3755391803511492e-9, 0), (-2.8266087964350886e-10, -0.9649216772996851, -0.26253809553450935, 0), (-2.3849915495354617e-9, 0.26253809553450935, -0.9649216772996851, 0), (0.0012499999720603228, 0.22852985560894012, 0.049065329134464264, 1) )
            uniform token[] xformOpOrder = ["xformOp:transform"]

            def Capsule "Visual" (
                prepend apiSchemas = ["MaterialBindingAPI"]
            )
            {
                uniform token axis = "Z"
                double height = 0.00499672131147541
                rel material:binding = </Looks/Wire_3>
                color3f[] primvars:displayColor = [(0.93, 0.1, 0.15)]
                double radius = 0.001
            }
        }

        def Xform "Segment_56"
        {
            matrix4d xformOp:transform = ( (1, 2.577000756785756e-10, -1.8697405855698694e-9, 0), (-1.7005739510699603e-10, -0.9743042976789411, -0.22523748592637816, 0), (-1.8797392555089457e-9, 0.22523748592637816, -0.9743042976789411, 0), (0.0012499999720603228, 0.22974827885627747, 0.0442209430038929, 1) )
            uniform token[] xformOpOrder = ["xformOp:transform"]

            def Capsule "Visual" (
                prepend apiSchemas = ["MaterialBindingAPI"]
            )
            {
                uniform token axis = "Z"
                double height = 0.00499672131147541
                rel material:binding = </Looks/Wire_3>
                color3f[] primvars:displayColor = [(0.93, 0.1, 0.15)]
                double radius = 0.001
            }
        }

        def Xform "Segment_57"
        {
            matrix4d xformOp:transform = ( (1, 1.671868270183041e-10, -1.372745874992931e-9, 0), (-9.427245946871856e-11, -0.9821144272277991, -0.18828615784596714, 0), (-1.3796721986849904e-9, 0.18828615784596714, -0.9821144272277991, 0), (0.0012499999720603228, 0.2307811975479126, 0.03933360055088997, 1) )
            uniform token[] xformOpOrder = ["xformOp:transform"]

            def Capsule "Visual" (
                prepend apiSchemas = ["MaterialBindingAPI"]
            )
            {
                uniform token axis = "Z"
                double height = 0.00499672131147541
                rel material:binding = </Looks/Wire_3>
                color3f[] primvars:displayColor = [(0.93, 0.1, 0.15)]
                double radius = 0.001
            }
        }

        def Xform "Segment_58"
        {
            matrix4d xformOp:transform = ( (1, 1.0593387131133019e-10, -9.094461342914537e-10, 0), (-3.344099518246925e-11, -0.9883958825678576, -0.15190079679304347, 0), (-9.149841288841465e-10, 0.15190079679304347, -0.9883958825678576, 0), (0.0012499999720603228, 0.23163087666034698, 0.03441106528043747, 1) )
            uniform token[] xformOpOrder = ["xformOp:transform"]

            def Capsule "Visual" (
                prepend apiSchemas = ["MaterialBindingAPI"]
            )
            {
                uniform token axis = "Z"
                double height = 0.00499672131147541
                rel material:binding = </Looks/Wire_3>
                color3f[] primvars:displayColor = [(0.93, 0.1, 0.15)]
                double radius = 0.001
            }
        }

        def Xform "Segment_59"
        {
            matrix4d xformOp:transform = ( (1, 4.76010174240656e-11, -4.4967818184230897e-10, 0), (-5.035215846578722e-12, -0.9932101278383314, -0.11633436998618896, 0), (-4.5216254896462765e-10, 0.11633436998618896, -0.9932101278383314, 0), (0.0012499999720603228, 0.23230081796646118, 0.029460810124874115, 1) )
            uniform token[] xformOpOrder = ["xformOp:transform"]

            def Capsule "Visual" (
                prepend apiSchemas = ["MaterialBindingAPI"]
            )
            {
                uniform token axis = "Z"
                double height = 0.00499672131147541
                rel material:binding = </Looks/Wire_3>
                color3f[] primvars:displayColor = [(0.93, 0.1, 0.15)]
                double radius = 0.001
            }
        }

        def Xform "Segment_60"
        {
            matrix4d xformOp:transform = ( (1, 2.746557873029853e-14, -2.1881081413241205e-14, 0), (2.558353152246455e-14, -0.9966482865293074, -0.08180543173244104, 0), (-2.4054576563352336e-14, 0.08180543173244104, -0.9966482865293074, 0), (0.0012499999720603228, 0.23279564082622528, 0.024489937350153923, 1) )
            uniform token[] xformOpOrder = ["xformOp:transform"]

            def Capsule "Visual" (
                prepend apiSchemas = ["MaterialBindingAPI"]
            )
            {
                uniform token axis = "Z"
                double height = 0.00499672131147541
                rel material:binding = </Looks/Wire_3>
                color3f[] primvars:displayColor = [(0.93, 0.1, 0.15)]
                double radius = 0.001
            }
        }
    }

    def "Cable_4"
    {
        def Xform "Segment_00"
        {
            matrix4d xformOp:transform = ( (0.9999999999999934, -3.4798579217240764e-8, 1.0946710217315541e-7, 0), (1.0113582269209273e-7, 0.7185546118538371, -0.6954705636679502, 0), (-5.4456707044405535e-8, 0.6954705636679567, 0.7185546118538358, 0), (0.00374999875202775, 0.008076993748545647, 0.10321615636348724, 1) )
            uniform token[] xformOpOrder = ["xformOp:transform"]

            def Capsule "Visual" (
                prepend apiSchemas = ["MaterialBindingAPI"]
            )
            {
                uniform token axis = "Z"
                double height = 0.00499672131147541
                rel material:binding = </Looks/Wire_4>
                color3f[] primvars:displayColor = [(0.035, 0.19, 0.8)]
                double radius = 0.001
            }
        }

        def Xform "Segment_01"
        {
            matrix4d xformOp:transform = ( (0.999999999999897, 2.446515975848428e-7, 3.8224497135679727e-7, 0), (1.0674770011065341e-7, 0.6918282408714826, -0.7220621618878685, 0), (-4.411015198902183e-7, 0.722062161887835, 0.6918282408713854, 0), (0.003749997355043888, 0.011618172749876976, 0.10673946887254715, 1) )
            uniform token[] xformOpOrder = ["xformOp:transform"]

            def Capsule "Visual" (
                prepend apiSchemas = ["MaterialBindingAPI"]
            )
            {
                uniform token axis = "Z"
                double height = 0.00499672131147541
                rel material:binding = </Looks/Wire_4>
                color3f[] primvars:displayColor = [(0.035, 0.19, 0.8)]
                double radius = 0.001
            }
        }

        def Xform "Segment_02"
        {
            matrix4d xformOp:transform = ( (0.9999999999999433, 1.6144226144997836e-7, 2.957481315694684e-7, 0), (1.1388452713821902e-7, 0.66413750632892, -0.7476104519855696, 0), (-3.171133481697341e-7, 0.747610451985561, 0.6641375063288639, 0), (0.003749995492398739, 0.015289616771042347, 0.11012686043977737, 1) )
            uniform token[] xformOpOrder = ["xformOp:transform"]

            def Capsule "Visual" (
                prepend apiSchemas = ["MaterialBindingAPI"]
            )
            {
                uniform token axis = "Z"
                double height = 0.00499672131147541
                rel material:binding = </Looks/Wire_4>
                color3f[] primvars:displayColor = [(0.035, 0.19, 0.8)]
                double radius = 0.001
            }
        }

        def Xform "Segment_03"
        {
            matrix4d xformOp:transform = ( (0.9999999999999925, -2.033231560853055e-8, 1.2139874893554315e-7, 0), (1.066514424362135e-7, 0.6355229081868548, -0.7720820157744548, 0), (-6.145347123958883e-8, 0.7720820157744619, 0.6355229081868521, 0), (0.0037499945610761642, 0.019086027517914772, 0.11337358504533768, 1) )
            uniform token[] xformOpOrder = ["xformOp:transform"]

            def Capsule "Visual" (
                prepend apiSchemas = ["MaterialBindingAPI"]
            )
            {
                uniform token axis = "Z"
                double height = 0.00499672131147541
                rel material:binding = </Looks/Wire_4>
                color3f[] primvars:displayColor = [(0.035, 0.19, 0.8)]
                double radius = 0.001
            }
        }

        def Xform "Segment_04"
        {
            matrix4d xformOp:transform = ( (0.9999999999999905, 3.512019557420658e-9, 1.377507685217796e-7, 0), (1.0744568793516318e-7, 0.6060174579085268, -0.7954513540106908, 0), (-8.627301231469864e-8, 0.7954513540106981, 0.6060174579085207, 0), (0.003749994095414877, 0.023001961410045624, 0.11647512763738632, 1) )
            uniform token[] xformOpOrder = ["xformOp:transform"]

            def Capsule "Visual" (
                prepend apiSchemas = ["MaterialBindingAPI"]
            )
            {
                uniform token axis = "Z"
                double height = 0.00499672131147541
                rel material:binding = </Looks/Wire_4>
                color3f[] primvars:displayColor = [(0.035, 0.19, 0.8)]
                double radius = 0.001
            }
        }

        def Xform "Segment_05"
        {
            matrix4d xformOp:transform = ( (0.9999999999999925, -1.3320914218559484e-8, 1.2206286736667288e-7, 0), (1.0747715048273164e-7, 0.5756689446690005, -0.8176828830495105, 0), (-5.937552079354297e-8, 0.8176828830495174, 0.5756689446689977, 0), (0.0037499936297535896, 0.027031822130084038, 0.1194271445274353, 1) )
            uniform token[] xformOpOrder = ["xformOp:transform"]

            def Capsule "Visual" (
                prepend apiSchemas = ["MaterialBindingAPI"]
            )
            {
                uniform token axis = "Z"
                double height = 0.00499672131147541
                rel material:binding = </Looks/Wire_4>
                color3f[] primvars:displayColor = [(0.035, 0.19, 0.8)]
                double radius = 0.001
            }
        }

        def Xform "Segment_06"
        {
            matrix4d xformOp:transform = ( (0.9999999999999944, -5.320978528526354e-8, 9.033622408107197e-8, 0), (1.0474319178723401e-7, 0.5445043389720694, -0.8387580451215275, 0), (-4.5583336376585495e-9, 0.8387580451215324, 0.544504338972072, 0), (0.003749993396922946, 0.03116988204419613, 0.12222552299499512, 1) )
            uniform token[] xformOpOrder = ["xformOp:transform"]

            def Capsule "Visual" (
                prepend apiSchemas = ["MaterialBindingAPI"]
            )
            {
                uniform token axis = "Z"
                double height = 0.00499672131147541
                rel material:binding = </Looks/Wire_4>
                color3f[] primvars:displayColor = [(0.035, 0.19, 0.8)]
                double radius = 0.001
            }
        }

        def Xform "Segment_07"
        {
            matrix4d xformOp:transform = ( (0.9999999999999934, -9.37472293112708e-9, 1.1441891361987355e-7, 0), (1.0305071476128744e-7, 0.5125659997038078, -0.8586478568583371, 0), (-5.059766211175433e-8, 0.8586478568583433, 0.5125659997038055, 0), (0.0037499931640923023, 0.035410284996032715, 0.12486624717712402, 1) )
            uniform token[] xformOpOrder = ["xformOp:transform"]

            def Capsule "Visual" (
                prepend apiSchemas = ["MaterialBindingAPI"]
            )
            {
                uniform token axis = "Z"
                double height = 0.00499672131147541
                rel material:binding = </Looks/Wire_4>
                color3f[] primvars:displayColor = [(0.035, 0.19, 0.8)]
                double radius = 0.001
            }
        }

        def Xform "Segment_08"
        {
            matrix4d xformOp:transform = ( (0.9999999999999934, -2.433581018726968e-9, 1.1450754917571665e-7, 0), (1.0162939256967445e-7, 0.4798768636918549, -0.8773359415498561, 0), (-5.2814464881534824e-8, 0.8773359415498618, 0.4798768636918519, 0), (0.003749992698431015, 0.03974707052111626, 0.12734553217887878, 1) )
            uniform token[] xformOpOrder = ["xformOp:transform"]

            def Capsule "Visual" (
                prepend apiSchemas = ["MaterialBindingAPI"]
            )
            {
                uniform token axis = "Z"
                double height = 0.00499672131147541
                rel material:binding = </Looks/Wire_4>
                color3f[] primvars:displayColor = [(0.035, 0.19, 0.8)]
                double radius = 0.001
            }
        }

        def Xform "Segment_09"
        {
            matrix4d xformOp:transform = ( (0.9999999999999915, 2.833627519535268e-8, 1.2769093592155904e-7, 0), (1.016049173795012e-7, 0.4464857871898209, -0.8947907692805446, 0), (-8.236722875497991e-8, 0.8947907692805499, 0.44648578718981413, 0), (0.0037499922327697277, 0.04417415335774422, 0.1296597421169281, 1) )
            uniform token[] xformOpOrder = ["xformOp:transform"]

            def Capsule "Visual" (
                prepend apiSchemas = ["MaterialBindingAPI"]
            )
            {
                uniform token axis = "Z"
                double height = 0.00499672131147541
                rel material:binding = </Looks/Wire_4>
                color3f[] primvars:displayColor = [(0.035, 0.19, 0.8)]
                double radius = 0.001
            }
        }

        def Xform "Segment_10"
        {
            matrix4d xformOp:transform = ( (0.9999999999999911, 3.731273880571435e-8, 1.2770037364929505e-7, 0), (1.0094550895668462e-7, 0.4124223866746697, -0.9109926921304965, 0), (-8.665812211690799e-8, 0.9109926921305014, 0.41242238667466224, 0), (0.0037499915342777967, 0.04868532717227936, 0.13180546462535858, 1) )
            uniform token[] xformOpOrder = ["xformOp:transform"]

            def Capsule "Visual" (
                prepend apiSchemas = ["MaterialBindingAPI"]
            )
            {
                uniform token axis = "Z"
                double height = 0.00499672131147541
                rel material:binding = </Looks/Wire_4>
                color3f[] primvars:displayColor = [(0.035, 0.19, 0.8)]
                double radius = 0.001
            }
        }

        def Xform "Segment_11"
        {
            matrix4d xformOp:transform = ( (0.9999999999999941, 4.71295672015707e-9, 1.0811856715393043e-7, 0), (9.832790314969981e-8, 0.37774133831450585, -0.9259113065781551, 0), (-4.5204645631265514e-8, 0.9259113065781602, 0.3777413383145032, 0), (0.003749991301447153, 0.0532742515206337, 0.13377942144870758, 1) )
            uniform token[] xformOpOrder = ["xformOp:transform"]

            def Capsule "Visual" (
                prepend apiSchemas = ["MaterialBindingAPI"]
            )
            {
                uniform token axis = "Z"
                double height = 0.00499672131147541
                rel material:binding = </Looks/Wire_4>
                color3f[] primvars:displayColor = [(0.035, 0.19, 0.8)]
                double radius = 0.001
            }
        }

        def Xform "Segment_12"
        {
            matrix4d xformOp:transform = ( (0.9999999999999952, -3.01764510212355e-8, 9.252599685476406e-8, 0), (9.726532684793473e-8, 0.3424806089315068, -0.9395249448257323, 0), (-3.3368373303565505e-9, 0.9395249448257368, 0.3424806089315081, 0), (0.0037499915342777967, 0.057934459298849106, 0.1355786770582199, 1) )
            uniform token[] xformOpOrder = ["xformOp:transform"]

            def Capsule "Visual" (
                prepend apiSchemas = ["MaterialBindingAPI"]
            )
            {
                uniform token axis = "Z"
                double height = 0.00499672131147541
                rel material:binding = </Looks/Wire_4>
                color3f[] primvars:displayColor = [(0.035, 0.19, 0.8)]
                double radius = 0.001
            }
        }

        def Xform "Segment_13"
        {
            matrix4d xformOp:transform = ( (0.9999999999999953, -2.0765862002939116e-8, 9.396416557794392e-8, 0), (9.580453520385376e-8, 0.30670334871638005, -0.9518053256860503, 0), (-9.054085920617069e-9, 0.9518053256860549, 0.3067033487163806, 0), (0.0037499915342777967, 0.0626593604683876, 0.1372004598379135, 1) )
            uniform token[] xformOpOrder = ["xformOp:transform"]

            def Capsule "Visual" (
                prepend apiSchemas = ["MaterialBindingAPI"]
            )
            {
                uniform token axis = "Z"
                double height = 0.00499672131147541
                rel material:binding = </Looks/Wire_4>
                color3f[] primvars:displayColor = [(0.035, 0.19, 0.8)]
                double radius = 0.001
            }
        }

        def Xform "Segment_14"
        {
            matrix4d xformOp:transform = ( (0.9999999999999948, 1.1414725464870695e-8, 1.0166092096859395e-7, 0), (9.478479603371428e-8, 0.2704629629056883, -0.962730396971961, 0), (-3.8484818441409534e-8, 0.9627303969719657, 0.2704629629056857, 0), (0.003749991301447153, 0.06744223833084106, 0.1386423408985138, 1) )
            uniform token[] xformOpOrder = ["xformOp:transform"]

            def Capsule "Visual" (
                prepend apiSchemas = ["MaterialBindingAPI"]
            )
            {
                uniform token axis = "Z"
                double height = 0.00499672131147541
                rel material:binding = </Looks/Wire_4>
                color3f[] primvars:displayColor = [(0.035, 0.19, 0.8)]
                double radius = 0.001
            }
        }

        def Xform "Segment_15"
        {
            matrix4d xformOp:transform = ( (0.9999999999999954, -4.060373957469766e-9, 9.51264444927927e-8, 0), (9.343910069937201e-8, 0.23381077355479885, -0.9722821020577803, 0), (-1.8293756831429866e-8, 0.9722821020577848, 0.23381077355479818, 0), (0.003749991301447153, 0.0722762867808342, 0.13990209996700287, 1) )
            uniform token[] xformOpOrder = ["xformOp:transform"]

            def Capsule "Visual" (
                prepend apiSchemas = ["MaterialBindingAPI"]
            )
            {
                uniform token axis = "Z"
                double height = 0.00499672131147541
                rel material:binding = </Looks/Wire_4>
                color3f[] primvars:displayColor = [(0.035, 0.19, 0.8)]
                double radius = 0.001
            }
        }

        def Xform "Segment_16"
        {
            matrix4d xformOp:transform = ( (0.9999999999999949, -5.8163429171595254e-8, 8.229319392435437e-8, 0), (9.213047515923292e-8, 0.19680174934182537, -0.9804432947353221, 0), (4.083050093012009e-8, 0.9804432947353248, 0.1968017493418298, 0), (0.0037499915342777967, 0.07715457677841187, 0.1409778594970703, 1) )
            uniform token[] xformOpOrder = ["xformOp:transform"]

            def Capsule "Visual" (
                prepend apiSchemas = ["MaterialBindingAPI"]
            )
            {
                uniform token axis = "Z"
                double height = 0.00499672131147541
                rel material:binding = </Looks/Wire_4>
                color3f[] primvars:displayColor = [(0.035, 0.19, 0.8)]
                double radius = 0.001
            }
        }

        def Xform "Segment_17"
        {
            matrix4d xformOp:transform = ( (0.9999999999999956, -3.961344536452505e-8, 8.536091609177851e-8, 0), (9.0586078340115e-8, 0.15948503061342822, -0.98720037879915, 0), (2.5492615806041008e-8, 0.9872003787991533, 0.1594850306134311, 0), (0.0037499917671084404, 0.08207014203071594, 0.14186793565750122, 1) )
            uniform token[] xformOpOrder = ["xformOp:transform"]

            def Capsule "Visual" (
                prepend apiSchemas = ["MaterialBindingAPI"]
            )
            {
                uniform token axis = "Z"
                double height = 0.00499672131147541
                rel material:binding = </Looks/Wire_4>
                color3f[] primvars:displayColor = [(0.035, 0.19, 0.8)]
                double radius = 0.001
            }
        }

        def Xform "Segment_18"
        {
            matrix4d xformOp:transform = ( (0.9999999999999905, -1.1719804225001714e-7, 7.246317283474035e-8, 0), (8.621067281322572e-8, 0.12191336816475273, -0.9925408677364105, 0), (1.0748959213619334e-7, 0.9925408677364074, 0.12191336816476173, 0), (0.003749991999939084, 0.08701594173908234, 0.14257094264030457, 1) )
            uniform token[] xformOpOrder = ["xformOp:transform"]

            def Capsule "Visual" (
                prepend apiSchemas = ["MaterialBindingAPI"]
            )
            {
                uniform token axis = "Z"
                double height = 0.00499672131147541
                rel material:binding = </Looks/Wire_4>
                color3f[] primvars:displayColor = [(0.035, 0.19, 0.8)]
                double radius = 0.001
            }
        }

        def Xform "Segment_19"
        {
            matrix4d xformOp:transform = ( (0.9999999999999835, -1.7062910589905403e-7, 6.286548092000144e-8, 0), (7.700051526082826e-8, 0.08414729330113613, -0.9964534498163915, 0), (1.6473397075521677e-7, 0.99645344981638, 0.08414729330114779, 0), (0.0037499924656003714, 0.09198485314846039, 0.14308571815490723, 1) )
            uniform token[] xformOpOrder = ["xformOp:transform"]

            def Capsule "Visual" (
                prepend apiSchemas = ["MaterialBindingAPI"]
            )
            {
                uniform token axis = "Z"
                double height = 0.00499672131147541
                rel material:binding = </Looks/Wire_4>
                color3f[] primvars:displayColor = [(0.035, 0.19, 0.8)]
                double radius = 0.001
            }
        }

        def Xform "Segment_20"
        {
            matrix4d xformOp:transform = ( (0.9999999999999857, -1.5931557524989353e-7, 5.7561788876813323e-8, 0), (6.487062537364324e-8, 0.0462632036476216, -0.9989294118112735, 0), (1.5648199263664734e-7, 0.9989294118112628, 0.04626320364763126, 0), (0.003749993396922946, 0.09696973115205765, 0.1434115171432495, 1) )
            uniform token[] xformOpOrder = ["xformOp:transform"]

            def Capsule "Visual" (
                prepend apiSchemas = ["MaterialBindingAPI"]
            )
            {
                uniform token axis = "Z"
                double height = 0.00499672131147541
                rel material:binding = </Looks/Wire_4>
                color3f[] primvars:displayColor = [(0.035, 0.19, 0.8)]
                double radius = 0.001
            }
        }

        def Xform "Segment_21"
        {
            matrix4d xformOp:transform = ( (0.9999999999999775, -2.066021020127767e-7, 4.869896179384944e-8, 0), (5.041387018039017e-8, 0.008308561154398486, -0.9999655954118467, 0), (2.0619034683837982e-7, 0.9999655954118267, 0.008308561154408811, 0), (0.0037499943282455206, 0.10196338593959808, 0.14354786276817322, 1) )
            uniform token[] xformOpOrder = ["xformOp:transform"]

            def Capsule "Visual" (
                prepend apiSchemas = ["MaterialBindingAPI"]
            )
            {
                uniform token axis = "Z"
                double height = 0.00499672131147541
                rel material:binding = </Looks/Wire_4>
                color3f[] primvars:displayColor = [(0.035, 0.19, 0.8)]
                double radius = 0.001
            }
        }

        def Xform "Segment_22"
        {
            matrix4d xformOp:transform = ( (0.9999999999999729, -2.2871133555908173e-7, 4.215733057316539e-8, 0), (3.535797011740079e-8, -0.029647999783396495, -0.9995604252434148, 0), (2.2986067406899124e-7, 0.9995604252433893, -0.029647999783387613, 0), (0.003749995259568095, 0.10695862025022507, 0.14349454641342163, 1) )
            uniform token[] xformOpOrder = ["xformOp:transform"]

            def Capsule "Visual" (
                prepend apiSchemas = ["MaterialBindingAPI"]
            )
            {
                uniform token axis = "Z"
                double height = 0.00499672131147541
                rel material:binding = </Looks/Wire_4>
                color3f[] primvars:displayColor = [(0.035, 0.19, 0.8)]
                double radius = 0.001
            }
        }

        def Xform "Segment_23"
        {
            matrix4d xformOp:transform = ( (0.9999999999999644, -2.644891263029315e-7, 3.592145359145065e-8, 0), (1.7969162158171782e-8, -0.0675650857552057, -0.9977149599473197, 0), (2.663117683692257e-7, 0.9977149599472849, -0.0675650857551986, 0), (0.0037499964237213135, 0.11194822937250137, 0.1432516872882843, 1) )
            uniform token[] xformOpOrder = ["xformOp:transform"]

            def Capsule "Visual" (
                prepend apiSchemas = ["MaterialBindingAPI"]
            )
            {
                uniform token axis = "Z"
                double height = 0.00499672131147541
                rel material:binding = </Looks/Wire_4>
                color3f[] primvars:displayColor = [(0.035, 0.19, 0.8)]
                double radius = 0.001
            }
        }

        def Xform "Segment_24"
        {
            matrix4d xformOp:transform = ( (0.9999999999999626, -2.7196975147479263e-7, 2.954657431683189e-8, 0), (7.228034240954994e-10, -0.10537673908586198, -0.9944324415565874, 0), (2.735690467255582e-7, 0.9944324415565503, -0.10537673908585776, 0), (0.0037499978207051754, 0.11692503094673157, 0.14281964302062988, 1) )
            uniform token[] xformOpOrder = ["xformOp:transform"]

            def Capsule "Visual" (
                prepend apiSchemas = ["MaterialBindingAPI"]
            )
            {
                uniform token axis = "Z"
                double height = 0.00499672131147541
                rel material:binding = </Looks/Wire_4>
                color3f[] primvars:displayColor = [(0.035, 0.19, 0.8)]
                double radius = 0.001
            }
        }

        def Xform "Segment_25"
        {
            matrix4d xformOp:transform = ( (0.999999999999952, -3.085468481858706e-7, 2.5642494620148824e-8, 0), (-1.8752168167753878e-8, -0.14302868839095906, -0.9897186414085253, 0), (3.090421512428156e-7, 0.9897186414084773, -0.14302868839095817, 0), (0.0037499992176890373, 0.12188185751438141, 0.1421990692615509, 1) )
            uniform token[] xformOpOrder = ["xformOp:transform"]

            def Capsule "Visual" (
                prepend apiSchemas = ["MaterialBindingAPI"]
            )
            {
                uniform token axis = "Z"
                double height = 0.00499672131147541
                rel material:binding = </Looks/Wire_4>
                color3f[] primvars:displayColor = [(0.035, 0.19, 0.8)]
                double radius = 0.001
            }
        }

        def Xform "Segment_26"
        {
            matrix4d xformOp:transform = ( (0.999999999999961, -2.7886630589190033e-7, 1.5032621559320764e-8, 0), (-3.553840437055139e-8, -0.18046004985855668, -0.9835823236063755, 0), (2.770007546696143e-7, 0.9835823236063367, -0.18046004985855957, 0), (0.0037500006146728992, 0.12681157886981964, 0.14139094948768616, 1) )
            uniform token[] xformOpOrder = ["xformOp:transform"]

            def Capsule "Visual" (
                prepend apiSchemas = ["MaterialBindingAPI"]
            )
            {
                uniform token axis = "Z"
                double height = 0.00499672131147541
                rel material:binding = </Looks/Wire_4>
                color3f[] primvars:displayColor = [(0.035, 0.19, 0.8)]
                double radius = 0.001
            }
        }

        def Xform "Segment_27"
        {
            matrix4d xformOp:transform = ( (0.9999999999999549, -3.000938285998458e-7, 1.2933710719085241e-8, 0), (-5.2682090018889235e-8, -0.2176181148016365, -0.9760340673847249, 0), (2.9571639154419605e-7, 0.9760340673846802, -0.2176181148016425, 0), (0.003750002011656761, 0.1317071169614792, 0.14039646089076996, 1) )
            uniform token[] xformOpOrder = ["xformOp:transform"]

            def Capsule "Visual" (
                prepend apiSchemas = ["MaterialBindingAPI"]
            )
            {
                uniform token axis = "Z"
                double height = 0.00499672131147541
                rel material:binding = </Looks/Wire_4>
                color3f[] primvars:displayColor = [(0.035, 0.19, 0.8)]
                double radius = 0.001
            }
        }

        def Xform "Segment_28"
        {
            matrix4d xformOp:transform = ( (0.9999999999999747, -2.2459729538540292e-7, -8.773055214953255e-9, 0), (-6.563137931063352e-8, -0.2544424489988528, -0.9670880210504696, 0), (2.1497309981024672e-7, 0.9670880210504459, -0.25444244899886126, 0), (0.003750003408640623, 0.13656145334243774, 0.13921715319156647, 1) )
            uniform token[] xformOpOrder = ["xformOp:transform"]

            def Capsule "Visual" (
                prepend apiSchemas = ["MaterialBindingAPI"]
            )
            {
                uniform token axis = "Z"
                double height = 0.00499672131147541
                rel material:binding = </Looks/Wire_4>
                color3f[] primvars:displayColor = [(0.035, 0.19, 0.8)]
                double radius = 0.001
            }
        }

        def Xform "Segment_29"
        {
            matrix4d xformOp:transform = ( (0.9999999999999727, -2.3366203758694155e-7, -1.0122933927925638e-8, 0), (-7.765511292584081e-8, -0.2908900308872988, -0.9567566178088767, 0), (2.206130210052556e-7, 0.9567566178088514, -0.290890030887309, 0), (0.0037500043399631977, 0.1413676142692566, 0.13785479962825775, 1) )
            uniform token[] xformOpOrder = ["xformOp:transform"]

            def Capsule "Visual" (
                prepend apiSchemas = ["MaterialBindingAPI"]
            )
            {
                uniform token axis = "Z"
                double height = 0.00499672131147541
                rel material:binding = </Looks/Wire_4>
                color3f[] primvars:displayColor = [(0.035, 0.19, 0.8)]
                double radius = 0.001
            }
        }

        def Xform "Segment_30"
        {
            matrix4d xformOp:transform = ( (0.9999999999999869, -1.5773927705662696e-7, -3.610447729103671e-8, 0), (-8.568700879708698e-8, -0.3269081923115513, -0.9450561712087666, 0), (1.3726962275104513e-7, 0.9450561712087573, -0.32690819231156043, 0), (0.0037500050384551287, 0.14611874520778656, 0.13631142675876617, 1) )
            uniform token[] xformOpOrder = ["xformOp:transform"]

            def Capsule "Visual" (
                prepend apiSchemas = ["MaterialBindingAPI"]
            )
            {
                uniform token axis = "Z"
                double height = 0.00499672131147541
                rel material:binding = </Looks/Wire_4>
                color3f[] primvars:displayColor = [(0.035, 0.19, 0.8)]
                double radius = 0.001
            }
        }

        def Xform "Segment_31"
        {
            matrix4d xformOp:transform = ( (0.9999999999999937, -9.680178623911892e-8, -5.7685342851639165e-8, 0), (-8.88490285642633e-8, -0.36245400217894286, -0.9320016847007797, 0), (6.931114428561943e-8, 0.9320016847007788, -0.3624540021789491, 0), (0.003750005504116416, 0.15080802142620087, 0.13458925485610962, 1) )
            uniform token[] xformOpOrder = ["xformOp:transform"]

            def Capsule "Visual" (
                prepend apiSchemas = ["MaterialBindingAPI"]
            )
            {
                uniform token axis = "Z"
                double height = 0.00499672131147541
                rel material:binding = </Looks/Wire_4>
                color3f[] primvars:displayColor = [(0.035, 0.19, 0.8)]
                double radius = 0.001
            }
        }

        def Xform "Segment_32"
        {
            matrix4d xformOp:transform = ( (0.9999999999999929, -1.0611396810065709e-7, -5.3476881276414156e-8, 0), (-9.124857029020654e-8, -0.39747339329485953, -0.9176140615850706, 0), (7.611602641436429e-8, 0.9176140615850691, -0.3974733932948664, 0), (0.0037500057369470596, 0.15542873740196228, 0.13269081711769104, 1) )
            uniform token[] xformOpOrder = ["xformOp:transform"]

            def Capsule "Visual" (
                prepend apiSchemas = ["MaterialBindingAPI"]
            )
            {
                uniform token axis = "Z"
                double height = 0.00499672131147541
                rel material:binding = </Looks/Wire_4>
                color3f[] primvars:displayColor = [(0.035, 0.19, 0.8)]
                double radius = 0.001
            }
        }

        def Xform "Segment_33"
        {
            matrix4d xformOp:transform = ( (0.9999999999999946, -8.334564345189699e-8, -6.250656913024946e-8, 0), (-9.237464334366766e-8, -0.4319309060511216, -0.9019068920195958, 0), (4.817149295979511e-8, 0.9019068920195967, -0.43193090605112694, 0), (0.003750006202608347, 0.15997429192066193, 0.13061881065368652, 1) )
            uniform token[] xformOpOrder = ["xformOp:transform"]

            def Capsule "Visual" (
                prepend apiSchemas = ["MaterialBindingAPI"]
            )
            {
                uniform token axis = "Z"
                double height = 0.00499672131147541
                rel material:binding = </Looks/Wire_4>
                color3f[] primvars:displayColor = [(0.035, 0.19, 0.8)]
                double radius = 0.001
            }
        }

        def Xform "Segment_34"
        {
            matrix4d xformOp:transform = ( (0.9999999999999958, -2.8600938467263018e-8, -8.725906692356656e-8, 0), (-9.053737001598272e-8, -0.46577837077760087, -0.8849014086773487, 0), (-1.5334375506314746e-8, 0.8849014086773529, -0.46577837077760154, 0), (0.0037500064354389906, 0.16443809866905212, 0.12837618589401245, 1) )
            uniform token[] xformOpOrder = ["xformOp:transform"]

            def Capsule "Visual" (
                prepend apiSchemas = ["MaterialBindingAPI"]
            )
            {
                uniform token axis = "Z"
                double height = 0.00499672131147541
                rel material:binding = </Looks/Wire_4>
                color3f[] primvars:displayColor = [(0.035, 0.19, 0.8)]
                double radius = 0.001
            }
        }

        def Xform "Segment_35"
        {
            matrix4d xformOp:transform = ( (0.9999999999999952, -1.612241233482887e-9, -9.826099228137538e-8, 0), (-8.595836478686381e-8, -0.49898755607069845, -0.8666091809482644, 0), (-4.76338267314721e-8, 0.8666091809482687, -0.4989875560706962, 0), (0.0037500059697777033, 0.16881372034549713, 0.12596602737903595, 1) )
            uniform token[] xformOpOrder = ["xformOp:transform"]

            def Capsule "Visual" (
                prepend apiSchemas = ["MaterialBindingAPI"]
            )
            {
                uniform token axis = "Z"
                double height = 0.00499672131147541
                rel material:binding = </Looks/Wire_4>
                color3f[] primvars:displayColor = [(0.035, 0.19, 0.8)]
                double radius = 0.001
            }
        }

        def Xform "Segment_36"
        {
            matrix4d xformOp:transform = ( (0.9999999999999947, 1.1635680708106272e-8, -1.0309409445339152e-7, 0), (-8.114048464850013e-8, -0.531524342664466, -0.8470430073507788, 0), (-6.465294368945874e-8, 0.8470430073507825, -0.5315243426644622, 0), (0.003750005504116416, 0.17309477925300598, 0.12339162826538086, 1) )
            uniform token[] xformOpOrder = ["xformOp:transform"]

            def Capsule "Visual" (
                prepend apiSchemas = ["MaterialBindingAPI"]
            )
            {
                uniform token axis = "Z"
                double height = 0.00499672131147541
                rel material:binding = </Looks/Wire_4>
                color3f[] primvars:displayColor = [(0.035, 0.19, 0.8)]
                double radius = 0.001
            }
        }

        def Xform "Segment_37"
        {
            matrix4d xformOp:transform = ( (0.9999999999999925, 3.856303183879204e-8, -1.163335315202446e-7, 0), (-7.439040059770614e-8, -0.5633672909271612, -0.8262068095337926, 0), (-9.739951888733452e-8, 0.826206809533795, -0.5633672909271541, 0), (0.0037500050384551287, 0.1772748976945877, 0.12065638601779938, 1) )
            uniform token[] xformOpOrder = ["xformOp:transform"]

            def Capsule "Visual" (
                prepend apiSchemas = ["MaterialBindingAPI"]
            )
            {
                uniform token axis = "Z"
                double height = 0.00499672131147541
                rel material:binding = </Looks/Wire_4>
                color3f[] primvars:displayColor = [(0.035, 0.19, 0.8)]
                double radius = 0.001
            }
        }

        def Xform "Segment_38"
        {
            matrix4d xformOp:transform = ( (0.9999999999999908, 5.513733857583749e-8, -1.238156613233402e-7, 0), (-6.678365857955778e-8, -0.5944786230694581, -0.8041117632523789, 0), (-1.1794230386460863e-7, 0.8041117632523798, -0.594478623069449, 0), (0.0037500045727938414, 0.18134774267673492, 0.11776389926671982, 1) )
            uniform token[] xformOpOrder = ["xformOp:transform"]

            def Capsule "Visual" (
                prepend apiSchemas = ["MaterialBindingAPI"]
            )
            {
                uniform token axis = "Z"
                double height = 0.00499672131147541
                rel material:binding = </Looks/Wire_4>
                color3f[] primvars:displayColor = [(0.035, 0.19, 0.8)]
                double radius = 0.001
            }
        }

        def Xform "Segment_39"
        {
            matrix4d xformOp:transform = ( (0.9999999999999943, 3.06446425195335e-8, -1.0177680720858468e-7, 0), (-6.031624899015859e-8, -0.6248248256074034, -0.7807651595719127, 0), (-8.751892771555539e-8, 0.7807651595719145, -0.624824825607398, 0), (0.0037500043399631977, 0.1853070706129074, 0.11471787095069885, 1) )
            uniform token[] xformOpOrder = ["xformOp:transform"]

            def Capsule "Visual" (
                prepend apiSchemas = ["MaterialBindingAPI"]
            )
            {
                uniform token axis = "Z"
                double height = 0.00499672131147541
                rel material:binding = </Looks/Wire_4>
                color3f[] primvars:displayColor = [(0.035, 0.19, 0.8)]
                double radius = 0.001
            }
        }

        def Xform "Segment_40"
        {
            matrix4d xformOp:transform = ( (0.9999999999999943, 3.3084968836439845e-8, -1.0096034321124777e-7, 0), (-5.469377271394998e-8, -0.6543703188642793, -0.7561740587755168, 0), (-9.108346332104373e-8, 0.7561740587755181, -0.6543703188642738, 0), (0.0037500038743019104, 0.18914665281772614, 0.11152224242687225, 1) )
            uniform token[] xformOpOrder = ["xformOp:transform"]

            def Capsule "Visual" (
                prepend apiSchemas = ["MaterialBindingAPI"]
            )
            {
                uniform token axis = "Z"
                double height = 0.00499672131147541
                rel material:binding = </Looks/Wire_4>
                color3f[] primvars:displayColor = [(0.035, 0.19, 0.8)]
                double radius = 0.001
            }
        }

        def Xform "Segment_41"
        {
            matrix4d xformOp:transform = ( (0.9999999999999959, 2.0672152544857712e-8, -8.779677412436278e-8, 0), (-5.000174298593578e-8, -0.6830733967634726, -0.730349598251901, 0), (-7.506954865889809e-8, 0.7303495982519024, -0.6830733967634688, 0), (0.0037500031758099794, 0.19286026060581207, 0.10818108916282654, 1) )
            uniform token[] xformOpOrder = ["xformOp:transform"]

            def Capsule "Visual" (
                prepend apiSchemas = ["MaterialBindingAPI"]
            )
            {
                uniform token axis = "Z"
                double height = 0.00499672131147541
                rel material:binding = </Looks/Wire_4>
                color3f[] primvars:displayColor = [(0.035, 0.19, 0.8)]
                double radius = 0.001
            }
        }

        def Xform "Segment_42"
        {
            matrix4d xformOp:transform = ( (0.9999999999999971, 1.1062124232560118e-8, -7.49624342551255e-8, 0), (-4.485797759717952e-8, -0.7108833104134957, -0.703310455586901, 0), (-6.106962410136111e-8, 0.7033104555869023, -0.7108833104134933, 0), (0.003750002710148692, 0.19644179940223694, 0.1046987771987915, 1) )
            uniform token[] xformOpOrder = ["xformOp:transform"]

            def Capsule "Visual" (
                prepend apiSchemas = ["MaterialBindingAPI"]
            )
            {
                uniform token axis = "Z"
                double height = 0.00499672131147541
                rel material:binding = </Looks/Wire_4>
                color3f[] primvars:displayColor = [(0.035, 0.19, 0.8)]
                double radius = 0.001
            }
        }

        def Xform "Segment_43"
        {
            matrix4d xformOp:transform = ( (0.999999999999999, -2.1588929010240208e-8, -3.929754484897612e-8, 0), (-4.245591822825027e-8, -0.7377532641114688, -0.6750707228892341, 0), (-1.4417832512642356e-8, 0.675070722889235, -0.737753264111469, 0), (0.0037500024773180485, 0.19988523423671722, 0.10107985883951187, 1) )
            uniform token[] xformOpOrder = ["xformOp:transform"]

            def Capsule "Visual" (
                prepend apiSchemas = ["MaterialBindingAPI"]
            )
            {
                uniform token axis = "Z"
                double height = 0.00499672131147541
                rel material:binding = </Looks/Wire_4>
                color3f[] primvars:displayColor = [(0.035, 0.19, 0.8)]
                double radius = 0.001
            }
        }

        def Xform "Segment_44"
        {
            matrix4d xformOp:transform = ( (0.9999999999999987, -7.894604761344843e-9, -5.014465246915041e-8, 0), (-3.840502610455197e-8, -0.7636229350798951, -0.6456626156366306, 0), (-3.319435080700333e-8, 0.6456626156366317, -0.7636229350798944, 0), (0.0037500024773180485, 0.20318464934825897, 0.09732921421527863, 1) )
            uniform token[] xformOpOrder = ["xformOp:transform"]

            def Capsule "Visual" (
                prepend apiSchemas = ["MaterialBindingAPI"]
            )
            {
                uniform token axis = "Z"
                double height = 0.00499672131147541
                rel material:binding = </Looks/Wire_4>
                color3f[] primvars:displayColor = [(0.035, 0.19, 0.8)]
                double radius = 0.001
            }
        }

        def Xform "Segment_45"
        {
            matrix4d xformOp:transform = ( (0.9999999999999993, -2.275206536615391e-8, -2.8264792719364418e-8, 0), (-3.532463413890536e-8, -0.7884408138679151, -0.61511096953523, 0), (-8.290066878310332e-9, 0.6151109695352307, -0.7884408138679153, 0), (0.003750002244487405, 0.20633427798748016, 0.09345193207263947, 1) )
            uniform token[] xformOpOrder = ["xformOp:transform"]

            def Capsule "Visual" (
                prepend apiSchemas = ["MaterialBindingAPI"]
            )
            {
                uniform token axis = "Z"
                double height = 0.00499672131147541
                rel material:binding = </Looks/Wire_4>
                color3f[] primvars:displayColor = [(0.035, 0.19, 0.8)]
                double radius = 0.001
            }
        }

        def Xform "Segment_46"
        {
            matrix4d xformOp:transform = ( (0.9999999999999992, -1.6691552557727035e-8, -3.629694412987377e-8, 0), (-3.473382739393216e-8, -0.812138730663293, -0.58346423269878, 0), (-1.9739232875749492e-8, 0.5834642326987809, -0.812138730663293, 0), (0.003750002244487405, 0.20932850241661072, 0.08945347368717194, 1) )
            uniform token[] xformOpOrder = ["xformOp:transform"]

            def Capsule "Visual" (
                prepend apiSchemas = ["MaterialBindingAPI"]
            )
            {
                uniform token axis = "Z"
                double height = 0.00499672131147541
                rel material:binding = </Looks/Wire_4>
                color3f[] primvars:displayColor = [(0.035, 0.19, 0.8)]
                double radius = 0.001
            }
        }

        def Xform "Segment_47"
        {
            matrix4d xformOp:transform = ( (0.9999999999999988, -7.586450642888071e-9, -4.854372599002301e-8, 0), (-3.306862345427123e-8, -0.8346556130311535, -0.5507726176903591, 0), (-3.633887325153375e-8, 0.55077261769036, -0.8346556130311529, 0), (0.003750002011656761, 0.21216200292110443, 0.08533955365419388, 1) )
            uniform token[] xformOpOrder = ["xformOp:transform"]

            def Capsule "Visual" (
                prepend apiSchemas = ["MaterialBindingAPI"]
            )
            {
                uniform token axis = "Z"
                double height = 0.00499672131147541
                rel material:binding = </Looks/Wire_4>
                color3f[] primvars:displayColor = [(0.035, 0.19, 0.8)]
                double radius = 0.001
            }
        }

        def Xform "Segment_48"
        {
            matrix4d xformOp:transform = ( (0.9999999999999987, -5.490317521870674e-9, -5.1042939500146095e-8, 0), (-3.109341113236492e-8, -0.8559277314238909, -0.5170960424419486, 0), (-4.0850031131692664e-8, 0.5170960424419495, -0.85592773142389, 0), (0.0037500017788261175, 0.214829683303833, 0.08111627399921417, 1) )
            uniform token[] xformOpOrder = ["xformOp:transform"]

            def Capsule "Visual" (
                prepend apiSchemas = ["MaterialBindingAPI"]
            )
            {
                uniform token axis = "Z"
                double height = 0.00499672131147541
                rel material:binding = </Looks/Wire_4>
                color3f[] primvars:displayColor = [(0.035, 0.19, 0.8)]
                double radius = 0.001
            }
        }

        def Xform "Segment_49"
        {
            matrix4d xformOp:transform = ( (0.999999999999999, -9.176504269605668e-9, -4.432137651751805e-8, 0), (-2.942338547107198e-8, -0.8758871281174843, -0.4825168632373216, 0), (-3.439268867707789e-8, 0.4825168632373224, -0.8758871281174836, 0), (0.003750001545995474, 0.2173268347978592, 0.0767899751663208, 1) )
            uniform token[] xformOpOrder = ["xformOp:transform"]

            def Capsule "Visual" (
                prepend apiSchemas = ["MaterialBindingAPI"]
            )
            {
                uniform token axis = "Z"
                double height = 0.00499672131147541
                rel material:binding = </Looks/Wire_4>
                color3f[] primvars:displayColor = [(0.035, 0.19, 0.8)]
                double radius = 0.001
            }
        }

        def Xform "Segment_50"
        {
            matrix4d xformOp:transform = ( (0.9999999999999986, -2.639510798949797e-9, -5.277461716804004e-8, 0), (-2.5958012978953872e-8, -0.8944697665010621, -0.4471288346335878, 0), (-4.602508877422641e-8, 0.4471288346335886, -0.8944697665010608, 0), (0.003750001545995474, 0.21964921057224274, 0.07236742228269577, 1) )
            uniform token[] xformOpOrder = ["xformOp:transform"]

            def Capsule "Visual" (
                prepend apiSchemas = ["MaterialBindingAPI"]
            )
            {
                uniform token axis = "Z"
                double height = 0.00499672131147541
                rel material:binding = </Looks/Wire_4>
                color3f[] primvars:displayColor = [(0.035, 0.19, 0.8)]
                double radius = 0.001
            }
        }

        def Xform "Segment_51"
        {
            matrix4d xformOp:transform = ( (0.9999999999999994, -1.0965847223997831e-8, -3.2814309178825226e-8, 0), (-2.3484727218154967e-8, -0.9116162418538427, -0.4110428182863221, 0), (-2.540661881700211e-8, 0.41104281828632266, -0.9116162418538425, 0), (0.003750001545995474, 0.2217930108308792, 0.0678555965423584, 1) )
            uniform token[] xformOpOrder = ["xformOp:transform"]

            def Capsule "Visual" (
                prepend apiSchemas = ["MaterialBindingAPI"]
            )
            {
                uniform token axis = "Z"
                double height = 0.00499672131147541
                rel material:binding = </Looks/Wire_4>
                color3f[] primvars:displayColor = [(0.035, 0.19, 0.8)]
                double radius = 0.001
            }
        }

        def Xform "Segment_52"
        {
            matrix4d xformOp:transform = ( (0.9999999999999987, 4.432606505000114e-10, -5.2624549149083266e-8, 0), (-1.9290766536294446e-8, -0.9272738928658568, -0.3743840528570599, 0), (-4.896331258800557e-8, 0.37438405285706033, -0.9272738928658555, 0), (0.00375000131316483, 0.22375506162643433, 0.06326184421777725, 1) )
            uniform token[] xformOpOrder = ["xformOp:transform"]

            def Capsule "Visual" (
                prepend apiSchemas = ["MaterialBindingAPI"]
            )
            {
                uniform token axis = "Z"
                double height = 0.00499672131147541
                rel material:binding = </Looks/Wire_4>
                color3f[] primvars:displayColor = [(0.035, 0.19, 0.8)]
                double radius = 0.001
            }
        }

        def Xform "Segment_53"
        {
            matrix4d xformOp:transform = ( (0.9999999999999986, 3.6414448680209896e-9, -5.3147008266036765e-8, 0), (-1.4498532231449e-8, -0.9413965862451064, -0.33730169367231594, 0), (-5.126067860934589e-8, 0.33730169367231627, -0.941396586245105, 0), (0.003750000847503543, 0.2255328893661499, 0.058593686670064926, 1) )
            uniform token[] xformOpOrder = ["xformOp:transform"]

            def Capsule "Visual" (
                prepend apiSchemas = ["MaterialBindingAPI"]
            )
            {
                uniform token axis = "Z"
                double height = 0.00499672131147541
                rel material:binding = </Looks/Wire_4>
                color3f[] primvars:displayColor = [(0.035, 0.19, 0.8)]
                double radius = 0.001
            }
        }

        def Xform "Segment_54"
        {
            matrix4d xformOp:transform = ( (0.9999999999999982, 7.545208690596198e-9, -5.949084731885117e-8, 0), (-1.064659287784412e-8, -0.9539548292278841, -0.2999517173434682, 0), (-5.9014753655276315e-8, 0.2999517173434683, -0.9539548292278823, 0), (0.0037500003818422556, 0.22712476551532745, 0.05385889485478401, 1) )
            uniform token[] xformOpOrder = ["xformOp:transform"]

            def Capsule "Visual" (
                prepend apiSchemas = ["MaterialBindingAPI"]
            )
            {
                uniform token axis = "Z"
                double height = 0.00499672131147541
                rel material:binding = </Looks/Wire_4>
                color3f[] primvars:displayColor = [(0.035, 0.19, 0.8)]
                double radius = 0.001
            }
        }

        def Xform "Segment_55"
        {
            matrix4d xformOp:transform = ( (0.9999999999999988, 6.028775727961699e-9, -4.959817150567388e-8, 0), (-7.204101389359432e-9, -0.9649216772996865, -0.26253785921601036, 0), (-4.94411334483356e-8, 0.26253785921601036, -0.9649216772996851, 0), (0.0037499999161809683, 0.22852985560894012, 0.049065329134464264, 1) )
            uniform token[] xformOpOrder = ["xformOp:transform"]

            def Capsule "Visual" (
                prepend apiSchemas = ["MaterialBindingAPI"]
            )
            {
                uniform token axis = "Z"
                double height = 0.00499672131147541
                rel material:binding = </Looks/Wire_4>
                color3f[] primvars:displayColor = [(0.035, 0.19, 0.8)]
                double radius = 0.001
            }
        }

        def Xform "Segment_56"
        {
            matrix4d xformOp:transform = ( (0.9999999999999996, 2.0672697122465045e-9, -2.9729049843623676e-8, 0), (-4.681926076389049e-9, -0.974304060796904, -0.22523677657313088, 0), (-2.9430759026621468e-8, 0.22523677657313093, -0.9743040607969036, 0), (0.0037499999161809683, 0.22974827885627747, 0.0442209392786026, 1) )
            uniform token[] xformOpOrder = ["xformOp:transform"]

            def Capsule "Visual" (
                prepend apiSchemas = ["MaterialBindingAPI"]
            )
            {
                uniform token axis = "Z"
                double height = 0.00499672131147541
                rel material:binding = </Looks/Wire_4>
                color3f[] primvars:displayColor = [(0.035, 0.19, 0.8)]
                double radius = 0.001
            }
        }

        def Xform "Segment_57"
        {
            matrix4d xformOp:transform = ( (0.9999999999999997, 2.4835380650745714e-9, -2.7130139278055357e-8, 0), (-2.6691122123386127e-9, -0.9821141898776848, -0.1882861762414807, 0), (-2.7112511107702683e-8, 0.1882861762414807, -0.9821141898776844, 0), (0.0037499999161809683, 0.2307811975479126, 0.03933359682559967, 1) )
            uniform token[] xformOpOrder = ["xformOp:transform"]

            def Capsule "Visual" (
                prepend apiSchemas = ["MaterialBindingAPI"]
            )
            {
                uniform token axis = "Z"
                double height = 0.00499672131147541
                rel material:binding = </Looks/Wire_4>
                color3f[] primvars:displayColor = [(0.035, 0.19, 0.8)]
                double radius = 0.001
            }
        }

        def Xform "Segment_58"
        {
            matrix4d xformOp:transform = ( (0.9999999999999999, 1.6756445476559253e-9, -1.8118626464383578e-8, 0), (-1.0960390621779205e-9, -0.9883958825678578, -0.1519010939504355, 0), (-1.816290472309234e-8, 0.1519010939504355, -0.9883958825678576, 0), (0.0037499999161809683, 0.23163089156150818, 0.03441106155514717, 1) )
            uniform token[] xformOpOrder = ["xformOp:transform"]

            def Capsule "Visual" (
                prepend apiSchemas = ["MaterialBindingAPI"]
            )
            {
                uniform token axis = "Z"
                double height = 0.00499672131147541
                rel material:binding = </Looks/Wire_4>
                color3f[] primvars:displayColor = [(0.035, 0.19, 0.8)]
                double radius = 0.001
            }
        }

        def Xform "Segment_59"
        {
            matrix4d xformOp:transform = ( (1, 9.010377494090081e-10, -9.126419096707189e-9, 0), (-1.667981106216634e-10, -0.9932101278383314, -0.11633455593425701, 0), (-9.16927330516954e-9, 0.11633455593425701, -0.9932101278383314, 0), (0.0037499999161809683, 0.23230081796646118, 0.029460806399583817, 1) )
            uniform token[] xformOpOrder = ["xformOp:transform"]

            def Capsule "Visual" (
                prepend apiSchemas = ["MaterialBindingAPI"]
            )
            {
                uniform token axis = "Z"
                double height = 0.00499672131147541
                rel material:binding = </Looks/Wire_4>
                color3f[] primvars:displayColor = [(0.035, 0.19, 0.8)]
                double radius = 0.001
            }
        }

        def Xform "Segment_60"
        {
            matrix4d xformOp:transform = ( (1, -2.6395411983969298e-15, -3.5107623931347743e-13, 0), (-3.1350638087932683e-14, -0.9966482865293074, -0.08180543173244104, 0), (-3.4968361482876424e-13, 0.08180543173244104, -0.9966482865293074, 0), (0.0037499999161809683, 0.23279564082622528, 0.024489935487508774, 1) )
            uniform token[] xformOpOrder = ["xformOp:transform"]

            def Capsule "Visual" (
                prepend apiSchemas = ["MaterialBindingAPI"]
            )
            {
                uniform token axis = "Z"
                double height = 0.00499672131147541
                rel material:binding = </Looks/Wire_4>
                color3f[] primvars:displayColor = [(0.035, 0.19, 0.8)]
                double radius = 0.001
            }
        }
    }

    def "Cable_5"
    {
        def Xform "Segment_00"
        {
            matrix4d xformOp:transform = ( (0.9999999999999934, -3.478434788000724e-8, 1.0948175541740424e-7, 0), (1.0113578759824167e-7, 0.7185546118538371, -0.6954705636679502, 0), (-5.447713367640623e-8, 0.6954705636679567, 0.7185546118538358, 0), (0.00624999962747097, 0.008076993748545647, 0.10321616381406784, 1) )
            uniform token[] xformOpOrder = ["xformOp:transform"]

            def Capsule "Visual" (
                prepend apiSchemas = ["MaterialBindingAPI"]
            )
            {
                uniform token axis = "Z"
                double height = 0.00499672131147541
                rel material:binding = </Looks/Wire_5>
                color3f[] primvars:displayColor = [(0.13, 0.24, 0.82)]
                double radius = 0.001
            }
        }

        def Xform "Segment_01"
        {
            matrix4d xformOp:transform = ( (0.9999999999999014, 2.357122917710138e-7, 3.7645377614118213e-7, 0), (1.087529553010472e-7, 0.6918242165618367, -0.7220660341538165, 0), (-4.3063966930159515e-7, 0.7220660341537863, 0.6918242165617429, 0), (0.006249998230487108, 0.01161818765103817, 0.10673946887254715, 1) )
            uniform token[] xformOpOrder = ["xformOp:transform"]

            def Capsule "Visual" (
                prepend apiSchemas = ["MaterialBindingAPI"]
            )
            {
                uniform token axis = "Z"
                double height = 0.00499672131147541
                rel material:binding = </Looks/Wire_5>
                color3f[] primvars:displayColor = [(0.13, 0.24, 0.82)]
                double radius = 0.001
            }
        }

        def Xform "Segment_02"
        {
            matrix4d xformOp:transform = ( (0.9999999999999748, 7.607042128654835e-8, 2.1104716011662346e-7, 0), (1.0726146765901238e-7, 0.664131351040737, -0.747615885911811, 0), (-1.9703449023873787e-7, 0.7476158859118148, 0.6641313510407121, 0), (0.006249996833503246, 0.015289658680558205, 0.11012683808803558, 1) )
            uniform token[] xformOpOrder = ["xformOp:transform"]

            def Capsule "Visual" (
                prepend apiSchemas = ["MaterialBindingAPI"]
            )
            {
                uniform token axis = "Z"
                double height = 0.00499672131147541
                rel material:binding = </Looks/Wire_5>
                color3f[] primvars:displayColor = [(0.13, 0.24, 0.82)]
                double radius = 0.001
            }
        }

        def Xform "Segment_03"
        {
            matrix4d xformOp:transform = ( (0.9999999999999808, -1.90048772915747e-7, -4.7938587423184755e-8, 0), (8.37662691086831e-8, 0.635516088929971, -0.7720876608552937, 0), (1.7720004630508192e-7, 0.7720876608552748, 0.6355160889299747, 0), (0.006249996833503246, 0.01908610202372074, 0.1133735254406929, 1) )
            uniform token[] xformOpOrder = ["xformOp:transform"]

            def Capsule "Visual" (
                prepend apiSchemas = ["MaterialBindingAPI"]
            )
            {
                uniform token axis = "Z"
                double height = 0.00499672131147541
                rel material:binding = </Looks/Wire_5>
                color3f[] primvars:displayColor = [(0.13, 0.24, 0.82)]
                double radius = 0.001
            }
        }

        def Xform "Segment_04"
        {
            matrix4d xformOp:transform = ( (0.9999999999999655, -2.4699147876157424e-7, -8.984167087492927e-8, 0), (7.821445270663963e-8, 0.6060110029240611, -0.7954563359079175, 0), (2.5091595364629393e-7, 0.7954563359078831, 0.6060110029240594, 0), (0.006249997764825821, 0.02300206758081913, 0.11647504568099976, 1) )
            uniform token[] xformOpOrder = ["xformOp:transform"]

            def Capsule "Visual" (
                prepend apiSchemas = ["MaterialBindingAPI"]
            )
            {
                uniform token axis = "Z"
                double height = 0.00499672131147541
                rel material:binding = </Looks/Wire_5>
                color3f[] primvars:displayColor = [(0.13, 0.24, 0.82)]
                double radius = 0.001
            }
        }

        def Xform "Segment_05"
        {
            matrix4d xformOp:transform = ( (0.9999999999999889, -1.4882853278427872e-7, -1.0885031761621309e-8, 0), (7.677437828667562e-8, 0.5756619711334983, -0.8176878448796906, 0), (1.2796136497344448e-7, 0.8176878448796806, 0.5756619711335031, 0), (0.0062499986961483955, 0.02703195810317993, 0.11942703276872635, 1) )
            uniform token[] xformOpOrder = ["xformOp:transform"]

            def Capsule "Visual" (
                prepend apiSchemas = ["MaterialBindingAPI"]
            )
            {
                uniform token axis = "Z"
                double height = 0.00499672131147541
                rel material:binding = </Looks/Wire_5>
                color3f[] primvars:displayColor = [(0.13, 0.24, 0.82)]
                double radius = 0.001
            }
        }

        def Xform "Segment_06"
        {
            matrix4d xformOp:transform = ( (0.9999999999999952, -9.585781053634069e-8, 1.8474691824926766e-8, 0), (6.769011961452796e-8, 0.5444963174229215, -0.838763268757249, 0), (7.034260291898432e-8, 0.8387632687572464, 0.5444963174229254, 0), (0.006249999161809683, 0.03117004595696926, 0.12222538143396378, 1) )
            uniform token[] xformOpOrder = ["xformOp:transform"]

            def Capsule "Visual" (
                prepend apiSchemas = ["MaterialBindingAPI"]
            )
            {
                uniform token axis = "Z"
                double height = 0.00499672131147541
                rel material:binding = </Looks/Wire_5>
                color3f[] primvars:displayColor = [(0.13, 0.24, 0.82)]
                double radius = 0.001
            }
        }

        def Xform "Segment_07"
        {
            matrix4d xformOp:transform = ( (0.9999999999999972, -6.834446562397287e-8, 3.1178410645810074e-8, 0), (6.180189007287812e-8, 0.5125571720308145, -0.8586532191855201, 0), (4.270346186487767e-8, 0.8586532191855196, 0.5125571720308173, 0), (0.006249999161809683, 0.03541048243641853, 0.1248660609126091, 1) )
            uniform token[] xformOpOrder = ["xformOp:transform"]

            def Capsule "Visual" (
                prepend apiSchemas = ["MaterialBindingAPI"]
            )
            {
                uniform token axis = "Z"
                double height = 0.00499672131147541
                rel material:binding = </Looks/Wire_5>
                color3f[] primvars:displayColor = [(0.13, 0.24, 0.82)]
                double radius = 0.001
            }
        }

        def Xform "Segment_08"
        {
            matrix4d xformOp:transform = ( (0.9999999999999923, -1.2314037640231616e-7, -7.659808470954814e-9, 0), (5.237119693632148e-8, 0.47987054127906437, -0.8773393892383332, 0), (1.1171160502728821e-7, 0.8773393892383261, 0.47987054127906714, 0), (0.00624999962747097, 0.039747294038534164, 0.12734532356262207, 1) )
            uniform token[] xformOpOrder = ["xformOp:transform"]

            def Capsule "Visual" (
                prepend apiSchemas = ["MaterialBindingAPI"]
            )
            {
                uniform token axis = "Z"
                double height = 0.00499672131147541
                rel material:binding = </Looks/Wire_5>
                color3f[] primvars:displayColor = [(0.13, 0.24, 0.82)]
                double radius = 0.001
            }
        }

        def Xform "Segment_09"
        {
            matrix4d xformOp:transform = ( (0.9999999999999972, 2.8060253371285688e-8, 6.938325306525134e-8, 0), (4.955547424690933e-8, 0.44647801071624105, -0.8947946090044563, 0), (-5.6086260325870946e-8, 0.8947946090044572, 0.4464780107162384, 0), (0.0062500000931322575, 0.044174399226903915, 0.1296594887971878, 1) )
            uniform token[] xformOpOrder = ["xformOp:transform"]

            def Capsule "Visual" (
                prepend apiSchemas = ["MaterialBindingAPI"]
            )
            {
                uniform token axis = "Z"
                double height = 0.00499672131147541
                rel material:binding = </Looks/Wire_5>
                color3f[] primvars:displayColor = [(0.13, 0.24, 0.82)]
                double radius = 0.001
            }
        }

        def Xform "Segment_10"
        {
            matrix4d xformOp:transform = ( (0.999999999999998, 2.256275651454086e-8, 5.900125810580839e-8, 0), (4.444462965455641e-8, 0.4124163129276609, -0.9109955267304879, 0), (-4.488765236088874e-8, 0.9109955267304888, 0.4124163129276591, 0), (0.0062500000931322575, 0.04868559166789055, 0.1318051666021347, 1) )
            uniform token[] xformOpOrder = ["xformOp:transform"]

            def Capsule "Visual" (
                prepend apiSchemas = ["MaterialBindingAPI"]
            )
            {
                uniform token axis = "Z"
                double height = 0.00499672131147541
                rel material:binding = </Looks/Wire_5>
                color3f[] primvars:displayColor = [(0.13, 0.24, 0.82)]
                double radius = 0.001
            }
        }

        def Xform "Segment_11"
        {
            matrix4d xformOp:transform = ( (0.9999999999999988, -4.603271202515978e-8, 1.9431776743059487e-8, 0), (3.538033250307206e-8, 0.3777353538660494, -0.9259136976360482, 0), (3.528224193210318e-8, 0.9259136976360478, 0.3777353538660506, 0), (0.0062500000931322575, 0.05327453464269638, 0.1337791085243225, 1) )
            uniform token[] xformOpOrder = ["xformOp:transform"]

            def Capsule "Visual" (
                prepend apiSchemas = ["MaterialBindingAPI"]
            )
            {
                uniform token axis = "Z"
                double height = 0.00499672131147541
                rel material:binding = </Looks/Wire_5>
                color3f[] primvars:displayColor = [(0.13, 0.24, 0.82)]
                double radius = 0.001
            }
        }

        def Xform "Segment_12"
        {
            matrix4d xformOp:transform = ( (0.9999999999999992, -3.381295107110346e-8, 1.8361766544527056e-8, 0), (2.8831563367496076e-8, 0.3424785583786082, -0.9395257263169087, 0), (2.54796209657563e-8, 0.9395257263169084, 0.34247855837860897, 0), (0.0062500000931322575, 0.05793476104736328, 0.13557834923267365, 1) )
            uniform token[] xformOpOrder = ["xformOp:transform"]

            def Capsule "Visual" (
                prepend apiSchemas = ["MaterialBindingAPI"]
            )
            {
                uniform token axis = "Z"
                double height = 0.00499672131147541
                rel material:binding = </Looks/Wire_5>
                color3f[] primvars:displayColor = [(0.13, 0.24, 0.82)]
                double radius = 0.001
            }
        }

        def Xform "Segment_13"
        {
            matrix4d xformOp:transform = ( (0.9999999999999996, -2.747406370360236e-8, 1.4815443253099013e-8, 0), (2.252802631796152e-8, 0.3067131748157119, -0.9518020198122487, 0), (2.1605776204354027e-8, 0.9518020198122484, 0.30671317481571236, 0), (0.0062500000931322575, 0.06265966594219208, 0.13720014691352844, 1) )
            uniform token[] xformOpOrder = ["xformOp:transform"]

            def Capsule "Visual" (
                prepend apiSchemas = ["MaterialBindingAPI"]
            )
            {
                uniform token axis = "Z"
                double height = 0.00499672131147541
                rel material:binding = </Looks/Wire_5>
                color3f[] primvars:displayColor = [(0.13, 0.24, 0.82)]
                double radius = 0.001
            }
        }

        def Xform "Segment_14"
        {
            matrix4d xformOp:transform = ( (0.9999999999999996, -2.8351320740841627e-8, 9.244833677710906e-9, 0), (1.6568595909806752e-8, 0.27047577844447757, -0.9627268367519549, 0), (2.479407120777363e-8, 0.9627268367519547, 0.270475778444478, 0), (0.0062500000931322575, 0.06744253635406494, 0.1386420875787735, 1) )
            uniform token[] xformOpOrder = ["xformOp:transform"]

            def Capsule "Visual" (
                prepend apiSchemas = ["MaterialBindingAPI"]
            )
            {
                uniform token axis = "Z"
                double height = 0.00499672131147541
                rel material:binding = </Looks/Wire_5>
                color3f[] primvars:displayColor = [(0.13, 0.24, 0.82)]
                double radius = 0.001
            }
        }

        def Xform "Segment_15"
        {
            matrix4d xformOp:transform = ( (0.9999999999999973, -7.190987470854701e-8, -8.42018823656038e-9, 0), (8.627760312515048e-9, 0.23382774381704374, -0.9722780487839215, 0), (7.188526554536631e-8, 0.9722780487839189, 0.23382774381704374, 0), (0.0062500000931322575, 0.07227656245231628, 0.13990193605422974, 1) )
            uniform token[] xformOpOrder = ["xformOp:transform"]

            def Capsule "Visual" (
                prepend apiSchemas = ["MaterialBindingAPI"]
            )
            {
                uniform token axis = "Z"
                double height = 0.00499672131147541
                rel material:binding = </Looks/Wire_5>
                color3f[] primvars:displayColor = [(0.13, 0.24, 0.82)]
                double radius = 0.001
            }
        }

        def Xform "Segment_16"
        {
            matrix4d xformOp:transform = ( (0.9999999999999972, -7.439824405153376e-8, -1.1135223088157669e-8, 0), (3.72588311030766e-9, 0.19682290183925366, -0.9804392231614841, 0), (7.513461057477401e-8, 0.9804392231614812, 0.19682290183925333, 0), (0.0062500000931322575, 0.07715483754873276, 0.14097779989242554, 1) )
            uniform token[] xformOpOrder = ["xformOp:transform"]

            def Capsule "Visual" (
                prepend apiSchemas = ["MaterialBindingAPI"]
            )
            {
                uniform token axis = "Z"
                double height = 0.00499672131147541
                rel material:binding = </Looks/Wire_5>
                color3f[] primvars:displayColor = [(0.13, 0.24, 0.82)]
                double radius = 0.001
            }
        }

        def Xform "Segment_17"
        {
            matrix4d xformOp:transform = ( (0.9999999999999991, -4.0763773480584767e-8, -6.548504377310868e-9, 0), (3.735782357806256e-11, 0.15950481420957596, -0.9871972613449249, 0), (4.128639899953861e-8, 0.987197261344924, 0.15950481420957585, 0), (0.0062500000931322575, 0.08207039535045624, 0.1418679803609848, 1) )
            uniform token[] xformOpOrder = ["xformOp:transform"]

            def Capsule "Visual" (
                prepend apiSchemas = ["MaterialBindingAPI"]
            )
            {
                uniform token axis = "Z"
                double height = 0.00499672131147541
                rel material:binding = </Looks/Wire_5>
                color3f[] primvars:displayColor = [(0.13, 0.24, 0.82)]
                double radius = 0.001
            }
        }

        def Xform "Segment_18"
        {
            matrix4d xformOp:transform = ( (0.9999999999999983, -5.667695144217593e-8, -1.1719345983815859e-8, 0), (-4.720791663084777e-9, 0.12193832834866869, -0.9925378190568787, 0), (5.7683047952937595e-8, 0.9925378190568771, 0.12193832834866813, 0), (0.0062500000931322575, 0.08701618015766144, 0.1425711065530777, 1) )
            uniform token[] xformOpOrder = ["xformOp:transform"]

            def Capsule "Visual" (
                prepend apiSchemas = ["MaterialBindingAPI"]
            )
            {
                uniform token axis = "Z"
                double height = 0.00499672131147541
                rel material:binding = </Looks/Wire_5>
                color3f[] primvars:displayColor = [(0.13, 0.24, 0.82)]
                double radius = 0.001
            }
        }

        def Xform "Segment_19"
        {
            matrix4d xformOp:transform = ( (0.9999999999999962, -8.487711327425838e-8, -1.829065890113177e-8, 0), (-1.1080989752853212e-8, 0.08417746334518361, -0.9964509119625422, 0), (8.611552837268085e-8, 0.9964509119625387, 0.08417746334518228, 0), (0.0062500000931322575, 0.0919850766658783, 0.1430860161781311, 1) )
            uniform token[] xformOpOrder = ["xformOp:transform"]

            def Capsule "Visual" (
                prepend apiSchemas = ["MaterialBindingAPI"]
            )
            {
                uniform token axis = "Z"
                double height = 0.00499672131147541
                rel material:binding = </Looks/Wire_5>
                color3f[] primvars:displayColor = [(0.13, 0.24, 0.82)]
                double radius = 0.001
            }
        }

        def Xform "Segment_20"
        {
            matrix4d xformOp:transform = ( (0.999999999999996, -8.720684398817588e-8, -1.8040758174559427e-8, 0), (-1.3984381929986464e-8, 0.046292509613059085, -0.9989280586963735, 0), (8.794850570605079e-8, 0.9989280586963697, 0.04629250961305775, 0), (0.0062500000931322575, 0.09696995466947556, 0.14341194927692413, 1) )
            uniform token[] xformOpOrder = ["xformOp:transform"]

            def Capsule "Visual" (
                prepend apiSchemas = ["MaterialBindingAPI"]
            )
            {
                uniform token axis = "Z"
                double height = 0.00499672131147541
                rel material:binding = </Looks/Wire_5>
                color3f[] primvars:displayColor = [(0.13, 0.24, 0.82)]
                double radius = 0.001
            }
        }

        def Xform "Segment_21"
        {
            matrix4d xformOp:transform = ( (0.9999999999999984, -5.403748333041363e-8, -1.5635595469541658e-8, 0), (-1.5184633145961385e-8, 0.008335254781030366, -0.9999653159892865, 0), (5.4165933635399044e-8, 0.9999653159892852, 0.008335254781029477, 0), (0.0062500000931322575, 0.10196361690759659, 0.14354842901229858, 1) )
            uniform token[] xformOpOrder = ["xformOp:transform"]

            def Capsule "Visual" (
                prepend apiSchemas = ["MaterialBindingAPI"]
            )
            {
                uniform token axis = "Z"
                double height = 0.00499672131147541
                rel material:binding = </Looks/Wire_5>
                color3f[] primvars:displayColor = [(0.13, 0.24, 0.82)]
                double radius = 0.001
            }
        }

        def Xform "Segment_22"
        {
            matrix4d xformOp:transform = ( (0.9999999999999991, -3.934402089424911e-8, -1.4335018748650482e-8, 0), (-1.5494292329400042e-8, -0.029625076761505165, -0.9995611877029947, 0), (3.890207768053483e-8, 0.9995611877029941, -0.02962507676150561, 0), (0.0062500000931322575, 0.10695886611938477, 0.14349526166915894, 1) )
            uniform token[] xformOpOrder = ["xformOp:transform"]

            def Capsule "Visual" (
                prepend apiSchemas = ["MaterialBindingAPI"]
            )
            {
                uniform token axis = "Z"
                double height = 0.00499672131147541
                rel material:binding = </Looks/Wire_5>
                color3f[] primvars:displayColor = [(0.13, 0.24, 0.82)]
                double radius = 0.001
            }
        }

        def Xform "Segment_23"
        {
            matrix4d xformOp:transform = ( (0.9999999999999996, -2.649463251911297e-8, -1.3075477358511684e-8, 0), (-1.4835195075050804e-8, -0.06754505404254019, -0.9977163119396694, 0), (2.5550942204955546e-8, 0.9977163119396691, -0.06754505404254063, 0), (0.0062500000931322575, 0.11194849014282227, 0.14325250685214996, 1) )
            uniform token[] xformOpOrder = ["xformOp:transform"]

            def Capsule "Visual" (
                prepend apiSchemas = ["MaterialBindingAPI"]
            )
            {
                uniform token axis = "Z"
                double height = 0.00499672131147541
                rel material:binding = </Looks/Wire_5>
                color3f[] primvars:displayColor = [(0.13, 0.24, 0.82)]
                double radius = 0.001
            }
        }

        def Xform "Segment_24"
        {
            matrix4d xformOp:transform = ( (0.9999999999999997, -2.0351448437210063e-8, -1.2431029107203944e-8, 0), (-1.450614772989937e-8, -0.10536415454510717, -0.994433693427176, 0), (1.892838123545981e-8, 0.994433693427176, -0.10536415454510739, 0), (0.0062500000931322575, 0.11692530661821365, 0.1428205519914627, 1) )
            uniform token[] xformOpOrder = ["xformOp:transform"]

            def Capsule "Visual" (
                prepend apiSchemas = ["MaterialBindingAPI"]
            )
            {
                uniform token axis = "Z"
                double height = 0.00499672131147541
                rel material:binding = </Looks/Wire_5>
                color3f[] primvars:displayColor = [(0.13, 0.24, 0.82)]
                double radius = 0.001
            }
        }

        def Xform "Segment_25"
        {
            matrix4d xformOp:transform = ( (0.9999999999999998, -1.4993711449057924e-8, -1.1740671296466637e-8, 0), (-1.3764406292573684e-8, -0.14302237996355416, -0.9897195150642801, 0), (1.3160389998865696e-8, 0.9897195150642801, -0.14302237996355438, 0), (0.0062500000931322575, 0.12188214808702469, 0.1422000378370285, 1) )
            uniform token[] xformOpOrder = ["xformOp:transform"]

            def Capsule "Visual" (
                prepend apiSchemas = ["MaterialBindingAPI"]
            )
            {
                uniform token axis = "Z"
                double height = 0.00499672131147541
                rel material:binding = </Looks/Wire_5>
                color3f[] primvars:displayColor = [(0.13, 0.24, 0.82)]
                double radius = 0.001
            }
        }

        def Xform "Segment_26"
        {
            matrix4d xformOp:transform = ( (0.9999999999999999, -1.2145507069471439e-8, -1.1398050847830035e-8, 0), (-1.3402684871738036e-8, -0.18045858451114327, -0.983582628969998, 0), (9.889233708088007e-9, 0.983582628969998, -0.1804585845111435, 0), (0.0062500000931322575, 0.12681187689304352, 0.14139193296432495, 1) )
            uniform token[] xformOpOrder = ["xformOp:transform"]

            def Capsule "Visual" (
                prepend apiSchemas = ["MaterialBindingAPI"]
            )
            {
                uniform token axis = "Z"
                double height = 0.00499672131147541
                rel material:binding = </Looks/Wire_5>
                color3f[] primvars:displayColor = [(0.13, 0.24, 0.82)]
                double radius = 0.001
            }
        }

        def Xform "Segment_27"
        {
            matrix4d xformOp:transform = ( (0.9999999999999999, -9.548658737049099e-9, -1.102355696275841e-8, 0), (-1.2837368025919125e-8, -0.21762388170739655, -0.9760327511633449, 0), (6.920814544178514e-9, 0.9760327511633449, -0.21762388170739655, 0), (0.0062500000931322575, 0.13170741498470306, 0.14039742946624756, 1) )
            uniform token[] xformOpOrder = ["xformOp:transform"]

            def Capsule "Visual" (
                prepend apiSchemas = ["MaterialBindingAPI"]
            )
            {
                uniform token axis = "Z"
                double height = 0.00499672131147541
                rel material:binding = </Looks/Wire_5>
                color3f[] primvars:displayColor = [(0.13, 0.24, 0.82)]
                double radius = 0.001
            }
        }

        def Xform "Segment_28"
        {
            matrix4d xformOp:transform = ( (0.9999999999999999, -7.961474874849324e-9, -1.0718175782651114e-8, 0), (-1.2391216601353937e-8, -0.25445453357681913, -0.9670849375230688, 0), (4.9721348965003425e-9, 0.9670849375230688, -0.25445453357681913, 0), (0.0062500000931322575, 0.13656175136566162, 0.13921809196472168, 1) )
            uniform token[] xformOpOrder = ["xformOp:transform"]

            def Capsule "Visual" (
                prepend apiSchemas = ["MaterialBindingAPI"]
            )
            {
                uniform token axis = "Z"
                double height = 0.00499672131147541
                rel material:binding = </Looks/Wire_5>
                color3f[] primvars:displayColor = [(0.13, 0.24, 0.82)]
                double radius = 0.001
            }
        }

        def Xform "Segment_29"
        {
            matrix4d xformOp:transform = ( (0.9999999999999999, -6.510757106480872e-9, -1.038477255009495e-8, 0), (-1.1829664233044644e-8, -0.2909053544939937, -0.9567518571794764, 0), (3.2081931285726895e-9, 0.9567518571794764, -0.2909053544939937, 0), (0.0062500000931322575, 0.14136789739131927, 0.137855663895607, 1) )
            uniform token[] xformOpOrder = ["xformOp:transform"]

            def Capsule "Visual" (
                prepend apiSchemas = ["MaterialBindingAPI"]
            )
            {
                uniform token axis = "Z"
                double height = 0.00499672131147541
                rel material:binding = </Looks/Wire_5>
                color3f[] primvars:displayColor = [(0.13, 0.24, 0.82)]
                double radius = 0.001
            }
        }

        def Xform "Segment_30"
        {
            matrix4d xformOp:transform = ( (0.9999999999999999, -5.644454626155633e-9, -1.0049481681488812e-8, 0), (-1.1342576787052527e-8, -0.32692411662401355, -0.9450506755602532, 0), (2.048878210906176e-9, 0.9450506755602532, -0.32692411662401355, 0), (0.0062500000931322575, 0.14611899852752686, 0.13631220161914825, 1) )
            uniform token[] xformOpOrder = ["xformOp:transform"]

            def Capsule "Visual" (
                prepend apiSchemas = ["MaterialBindingAPI"]
            )
            {
                uniform token axis = "Z"
                double height = 0.00499672131147541
                rel material:binding = </Looks/Wire_5>
                color3f[] primvars:displayColor = [(0.13, 0.24, 0.82)]
                double radius = 0.001
            }
        }

        def Xform "Segment_31"
        {
            matrix4d xformOp:transform = ( (0.9999999999999999, -4.858063502857593e-9, -9.69122543493768e-9, 0), (-1.079308005698378e-8, -0.3624699415914847, -0.9319955262269559, 0), (1.0149159138170173e-9, 0.9319955262269559, -0.3624699415914847, 0), (0.0062500000931322575, 0.15080824494361877, 0.13458995521068573, 1) )
            uniform token[] xformOpOrder = ["xformOp:transform"]

            def Capsule "Visual" (
                prepend apiSchemas = ["MaterialBindingAPI"]
            )
            {
                uniform token axis = "Z"
                double height = 0.00499672131147541
                rel material:binding = </Looks/Wire_5>
                color3f[] primvars:displayColor = [(0.13, 0.24, 0.82)]
                double radius = 0.001
            }
        }

        def Xform "Segment_32"
        {
            matrix4d xformOp:transform = ( (1, -4.408655263893872e-9, -9.32817124753151e-9, 0), (-1.0311985318316826e-8, -0.3974855503294137, -0.9176085863106209, 0), (3.3760754427429807e-10, 0.9176085863106209, -0.3974855503294137, 0), (0.0062500000931322575, 0.155428946018219, 0.13269145786762238, 1) )
            uniform token[] xformOpOrder = ["xformOp:transform"]

            def Capsule "Visual" (
                prepend apiSchemas = ["MaterialBindingAPI"]
            )
            {
                uniform token axis = "Z"
                double height = 0.00499672131147541
                rel material:binding = </Looks/Wire_5>
                color3f[] primvars:displayColor = [(0.13, 0.24, 0.82)]
                double radius = 0.001
            }
        }

        def Xform "Segment_33"
        {
            matrix4d xformOp:transform = ( (1, -3.998668346279637e-9, -8.950689374683749e-9, 0), (-9.799831816486362e-9, -0.4319424050983187, -0.9019011325501936, 0), (-2.5977912579129735e-10, 0.9019011325501936, -0.4319424050983187, 0), (0.0062500000931322575, 0.15997445583343506, 0.13061939179897308, 1) )
            uniform token[] xformOpOrder = ["xformOp:transform"]

            def Capsule "Visual" (
                prepend apiSchemas = ["MaterialBindingAPI"]
            )
            {
                uniform token axis = "Z"
                double height = 0.00499672131147541
                rel material:binding = </Looks/Wire_5>
                color3f[] primvars:displayColor = [(0.13, 0.24, 0.82)]
                double radius = 0.001
            }
        }

        def Xform "Segment_34"
        {
            matrix4d xformOp:transform = ( (1, -3.7503251499423065e-9, -8.579686073844214e-9, 0), (-9.338989662843212e-9, -0.46578755563559326, -0.8848966291506954, 0), (-6.776606328493229e-10, 0.8848966291506954, -0.46578755563559326, 0), (0.0062500000931322575, 0.16443824768066406, 0.12837669253349304, 1) )
            uniform token[] xformOpOrder = ["xformOp:transform"]

            def Capsule "Visual" (
                prepend apiSchemas = ["MaterialBindingAPI"]
            )
            {
                uniform token axis = "Z"
                double height = 0.00499672131147541
                rel material:binding = </Looks/Wire_5>
                color3f[] primvars:displayColor = [(0.13, 0.24, 0.82)]
                double radius = 0.001
            }
        }

        def Xform "Segment_35"
        {
            matrix4d xformOp:transform = ( (1, -3.515811457004205e-9, -8.202884011236276e-9, 0), (-8.863032153759643e-9, -0.4989945739118937, -0.8666052237442656, 0), (-1.0463734249399105e-9, 0.8666052237442656, -0.4989945739118937, 0), (0.0062500000931322575, 0.16881386935710907, 0.12596647441387177, 1) )
            uniform token[] xformOpOrder = ["xformOp:transform"]

            def Capsule "Visual" (
                prepend apiSchemas = ["MaterialBindingAPI"]
            )
            {
                uniform token axis = "Z"
                double height = 0.00499672131147541
                rel material:binding = </Looks/Wire_5>
                color3f[] primvars:displayColor = [(0.13, 0.24, 0.82)]
                double radius = 0.001
            }
        }

        def Xform "Segment_36"
        {
            matrix4d xformOp:transform = ( (1, -3.3368132652399983e-9, -7.835926778777406e-9, 0), (-8.410956590937294e-9, -0.531529558542502, -0.8470399640682871, 0), (-1.338611397983355e-9, 0.8470399640682871, -0.531529558542502, 0), (0.0062500000931322575, 0.17309489846229553, 0.12339203804731369, 1) )
            uniform token[] xformOpOrder = ["xformOp:transform"]

            def Capsule "Visual" (
                prepend apiSchemas = ["MaterialBindingAPI"]
            )
            {
                uniform token axis = "Z"
                double height = 0.00499672131147541
                rel material:binding = </Looks/Wire_5>
                color3f[] primvars:displayColor = [(0.13, 0.24, 0.82)]
                double radius = 0.001
            }
        }

        def Xform "Segment_37"
        {
            matrix4d xformOp:transform = ( (1, -3.160178781728805e-9, -7.468590483007972e-9, 0), (-7.950936093712478e-9, -0.5633693988550661, -0.8262053113010346, 0), (-1.596617978436409e-9, 0.8262053113010346, -0.5633693988550661, 0), (0.0062500000931322575, 0.17727500200271606, 0.12065677344799042, 1) )
            uniform token[] xformOpOrder = ["xformOp:transform"]

            def Capsule "Visual" (
                prepend apiSchemas = ["MaterialBindingAPI"]
            )
            {
                uniform token axis = "Z"
                double height = 0.00499672131147541
                rel material:binding = </Looks/Wire_5>
                color3f[] primvars:displayColor = [(0.13, 0.24, 0.82)]
                double radius = 0.001
            }
        }

        def Xform "Segment_38"
        {
            matrix4d xformOp:transform = ( (1, -2.9923169244476023e-9, -7.106341312713345e-9, 0), (-7.493156819815763e-9, -0.5944796874686133, -0.8041109672466469, 0), (-1.8184191768567816e-9, 0.8041109672466469, -0.5944796874686133, 0), (0.0062500000931322575, 0.18134784698486328, 0.11776427179574966, 1) )
            uniform token[] xformOpOrder = ["xformOp:transform"]

            def Capsule "Visual" (
                prepend apiSchemas = ["MaterialBindingAPI"]
            )
            {
                uniform token axis = "Z"
                double height = 0.00499672131147541
                rel material:binding = </Looks/Wire_5>
                color3f[] primvars:displayColor = [(0.13, 0.24, 0.82)]
                double radius = 0.001
            }
        }

        def Xform "Segment_39"
        {
            matrix4d xformOp:transform = ( (1, -2.8241686229314816e-9, -6.745393344195115e-9, 0), (-7.031178304712866e-9, -0.6248246107113857, -0.7807652691127132, 0), (-2.0096744577163667e-9, 0.7807652691127132, -0.6248246107113857, 0), (0.0062500000931322575, 0.18530718982219696, 0.1147182285785675, 1) )
            uniform token[] xformOpOrder = ["xformOp:transform"]

            def Capsule "Visual" (
                prepend apiSchemas = ["MaterialBindingAPI"]
            )
            {
                uniform token axis = "Z"
                double height = 0.00499672131147541
                rel material:binding = </Looks/Wire_5>
                color3f[] primvars:displayColor = [(0.13, 0.24, 0.82)]
                double radius = 0.001
            }
        }

        def Xform "Segment_40"
        {
            matrix4d xformOp:transform = ( (1, -2.653652424293547e-9, -6.384503995777052e-9, 0), (-6.564274145550747e-9, -0.6543685841364848, -0.7561758849430191, 0), (-2.1711903194114933e-9, 0.7561758849430191, -0.6543685841364848, 0), (0.0062500000931322575, 0.18914677202701569, 0.1115226000547409, 1) )
            uniform token[] xformOpOrder = ["xformOp:transform"]

            def Capsule "Visual" (
                prepend apiSchemas = ["MaterialBindingAPI"]
            )
            {
                uniform token axis = "Z"
                double height = 0.00499672131147541
                rel material:binding = </Looks/Wire_5>
                color3f[] primvars:displayColor = [(0.13, 0.24, 0.82)]
                double radius = 0.001
            }
        }

        def Xform "Segment_41"
        {
            matrix4d xformOp:transform = ( (1, -2.483317748936905e-9, -6.0246765956970615e-9, 0), (-6.0964131407327836e-9, -0.6830725219074978, -0.7303510487899594, 0), (-2.3015955210300594e-9, 0.7303510487899594, -0.6830725219074978, 0), (0.0062500000931322575, 0.19286037981510162, 0.10818144679069519, 1) )
            uniform token[] xformOpOrder = ["xformOp:transform"]

            def Capsule "Visual" (
                prepend apiSchemas = ["MaterialBindingAPI"]
            )
            {
                uniform token axis = "Z"
                double height = 0.00499672131147541
                rel material:binding = </Looks/Wire_5>
                color3f[] primvars:displayColor = [(0.13, 0.24, 0.82)]
                double radius = 0.001
            }
        }

        def Xform "Segment_42"
        {
            matrix4d xformOp:transform = ( (1, -2.313535619777512e-9, -5.664329566411758e-9, 0), (-5.628432028206761e-9, -0.7108837514406332, -0.7033096090529511, 0), (-2.3995477500483427e-9, 0.7033096090529511, -0.7108837514406332, 0), (0.0062500000931322575, 0.1964419186115265, 0.10469913482666016, 1) )
            uniform token[] xformOpOrder = ["xformOp:transform"]

            def Capsule "Visual" (
                prepend apiSchemas = ["MaterialBindingAPI"]
            )
            {
                uniform token axis = "Z"
                double height = 0.00499672131147541
                rel material:binding = </Looks/Wire_5>
                color3f[] primvars:displayColor = [(0.13, 0.24, 0.82)]
                double radius = 0.001
            }
        }

        def Xform "Segment_43"
        {
            matrix4d xformOp:transform = ( (1, -2.14452587755543e-9, -5.304630003433039e-9, 0), (-5.163117547060443e-9, -0.7377568199281157, -0.6750668021066986, 0), (-2.4658280370016567e-9, 0.6750668021066986, -0.7377568199281157, 0), (0.0062500000931322575, 0.19988533854484558, 0.10108019411563873, 1) )
            uniform token[] xformOpOrder = ["xformOp:transform"]

            def Capsule "Visual" (
                prepend apiSchemas = ["MaterialBindingAPI"]
            )
            {
                uniform token axis = "Z"
                double height = 0.00499672131147541
                rel material:binding = </Looks/Wire_5>
                color3f[] primvars:displayColor = [(0.13, 0.24, 0.82)]
                double radius = 0.001
            }
        }

        def Xform "Segment_44"
        {
            matrix4d xformOp:transform = ( (1, -1.9812212182174493e-9, -4.947922334462375e-9, 0), (-4.707577322407043e-9, -0.7636274128133493, -0.6456575582566586, 0), (-2.4991776041221174e-9, 0.6456575582566586, -0.7636274128133493, 0), (0.0062500000931322575, 0.20318473875522614, 0.0973295196890831, 1) )
            uniform token[] xformOpOrder = ["xformOp:transform"]

            def Capsule "Visual" (
                prepend apiSchemas = ["MaterialBindingAPI"]
            )
            {
                uniform token axis = "Z"
                double height = 0.00499672131147541
                rel material:binding = </Looks/Wire_5>
                color3f[] primvars:displayColor = [(0.13, 0.24, 0.82)]
                double radius = 0.001
            }
        }

        def Xform "Segment_45"
        {
            matrix4d xformOp:transform = ( (1, -1.8187819334334686e-9, -4.591882877014672e-9, 0), (-4.258493160859616e-9, -0.7884471266500057, -0.6151029241375028, 0), (-2.5017178251186537e-9, 0.6151029241375028, -0.7884471266500057, 0), (0.0062500000931322575, 0.20633432269096375, 0.09345220774412155, 1) )
            uniform token[] xformOpOrder = ["xformOp:transform"]

            def Capsule "Visual" (
                prepend apiSchemas = ["MaterialBindingAPI"]
            )
            {
                uniform token axis = "Z"
                double height = 0.00499672131147541
                rel material:binding = </Looks/Wire_5>
                color3f[] primvars:displayColor = [(0.13, 0.24, 0.82)]
                double radius = 0.001
            }
        }

        def Xform "Segment_46"
        {
            matrix4d xformOp:transform = ( (1, -1.665417779908967e-9, -4.2436313708396796e-9, 0), (-3.8285244514946745e-9, -0.8121466737506537, -0.5834533698473514, 0), (-2.474757385587317e-9, 0.5834533698473514, -0.8121466737506537, 0), (0.0062500000931322575, 0.2093285173177719, 0.08945370465517044, 1) )
            uniform token[] xformOpOrder = ["xformOp:transform"]

            def Capsule "Visual" (
                prepend apiSchemas = ["MaterialBindingAPI"]
            )
            {
                uniform token axis = "Z"
                double height = 0.00499672131147541
                rel material:binding = </Looks/Wire_5>
                color3f[] primvars:displayColor = [(0.13, 0.24, 0.82)]
                double radius = 0.001
            }
        }

        def Xform "Segment_47"
        {
            matrix4d xformOp:transform = ( (1, -1.512771522306017e-9, -3.896450338710048e-9, 0), (-3.408661986659144e-9, -0.8346642903685577, -0.5507591915225483, 0), (-2.419054852920588e-9, 0.5507591915225483, -0.8346642903685577, 0), (0.0062500000931322575, 0.21216194331645966, 0.0853397324681282, 1) )
            uniform token[] xformOpOrder = ["xformOp:transform"]

            def Capsule "Visual" (
                prepend apiSchemas = ["MaterialBindingAPI"]
            )
            {
                uniform token axis = "Z"
                double height = 0.00499672131147541
                rel material:binding = </Looks/Wire_5>
                color3f[] primvars:displayColor = [(0.13, 0.24, 0.82)]
                double radius = 0.001
            }
        }

        def Xform "Segment_48"
        {
            matrix4d xformOp:transform = ( (1, -1.3705351061878356e-9, -3.5607333201412893e-9, 0), (-3.0142849714752965e-9, -0.8559353105653216, -0.5170834328502494, 0), (-2.3390755364450893e-9, 0.5170834328502494, -0.8559353105653216, 0), (0.0062500000931322575, 0.21482956409454346, 0.08111640065908432, 1) )
            uniform token[] xformOpOrder = ["xformOp:transform"]

            def Capsule "Visual" (
                prepend apiSchemas = ["MaterialBindingAPI"]
            )
            {
                uniform token axis = "Z"
                double height = 0.00499672131147541
                rel material:binding = </Looks/Wire_5>
                color3f[] primvars:displayColor = [(0.13, 0.24, 0.82)]
                double radius = 0.001
            }
        }

        def Xform "Segment_49"
        {
            matrix4d xformOp:transform = ( (1, -1.2289579971105428e-9, -3.226520063802279e-9, 0), (-2.6332522637821753e-9, -0.8758924388764697, -0.4825066938269984, 0), (-2.2331036689026933e-9, 0.4825066938269984, -0.8758924388764697, 0), (0.0062500000931322575, 0.21732667088508606, 0.07679005712270737, 1) )
            uniform token[] xformOpOrder = ["xformOp:transform"]

            def Capsule "Visual" (
                prepend apiSchemas = ["MaterialBindingAPI"]
            )
            {
                uniform token axis = "Z"
                double height = 0.00499672131147541
                rel material:binding = </Looks/Wire_5>
                color3f[] primvars:displayColor = [(0.13, 0.24, 0.82)]
                double radius = 0.001
            }
        }

        def Xform "Segment_50"
        {
            matrix4d xformOp:transform = ( (1, -1.097694820385889e-9, -2.9053949597342527e-9, 0), (-2.2809212933647364e-9, -0.8944737112383407, -0.44712071453857405, 0), (-2.1079971167500555e-9, 0.44712071453857405, -0.8944737112383407, 0), (0.0062500000931322575, 0.21964898705482483, 0.07236745953559875, 1) )
            uniform token[] xformOpOrder = ["xformOp:transform"]

            def Capsule "Visual" (
                prepend apiSchemas = ["MaterialBindingAPI"]
            )
            {
                uniform token axis = "Z"
                double height = 0.00499672131147541
                rel material:binding = </Looks/Wire_5>
                color3f[] primvars:displayColor = [(0.13, 0.24, 0.82)]
                double radius = 0.001
            }
        }

        def Xform "Segment_51"
        {
            matrix4d xformOp:transform = ( (1, -9.671835232978052e-10, -2.586105776989496e-9, 0), (-1.9446864011840705e-9, -0.9116188058553973, -0.4110363634404557, 0), (-1.959995372077942e-9, 0.4110363634404557, -0.9116188058553973, 0), (0.0062500000931322575, 0.22179274260997772, 0.06785561144351959, 1) )
            uniform token[] xformOpOrder = ["xformOp:transform"]

            def Capsule "Visual" (
                prepend apiSchemas = ["MaterialBindingAPI"]
            )
            {
                uniform token axis = "Z"
                double height = 0.00499672131147541
                rel material:binding = </Looks/Wire_5>
                color3f[] primvars:displayColor = [(0.13, 0.24, 0.82)]
                double radius = 0.001
            }
        }

        def Xform "Segment_52"
        {
            matrix4d xformOp:transform = ( (1, -8.460652162135944e-10, -2.2796201661345765e-9, 0), (-1.637980408409242e-9, -0.9272752971278635, -0.3743804152951924, 0), (-1.7970850379438038e-9, 0.3743804152951924, -0.9272752971278635, 0), (0.0062500000931322575, 0.22375476360321045, 0.06326184421777725, 1) )
            uniform token[] xformOpOrder = ["xformOp:transform"]

            def Capsule "Visual" (
                prepend apiSchemas = ["MaterialBindingAPI"]
            )
            {
                uniform token axis = "Z"
                double height = 0.00499672131147541
                rel material:binding = </Looks/Wire_5>
                color3f[] primvars:displayColor = [(0.13, 0.24, 0.82)]
                double radius = 0.001
            }
        }

        def Xform "Segment_53"
        {
            matrix4d xformOp:transform = ( (1, -7.259047008855403e-10, -1.9750587058554908e-9, 0), (-1.3495519768600607e-9, -0.9413972909438897, -0.33730002250545077, 0), (-1.614467091054009e-9, 0.33730002250545077, -0.9413972909438897, 0), (0.0062500000931322575, 0.22553257644176483, 0.05859367176890373, 1) )
            uniform token[] xformOpOrder = ["xformOp:transform"]

            def Capsule "Visual" (
                prepend apiSchemas = ["MaterialBindingAPI"]
            )
            {
                uniform token axis = "Z"
                double height = 0.00499672131147541
                rel material:binding = </Looks/Wire_5>
                color3f[] primvars:displayColor = [(0.13, 0.24, 0.82)]
                double radius = 0.001
            }
        }

        def Xform "Segment_54"
        {
            matrix4d xformOp:transform = ( (1, -6.137363783050643e-10, -1.681610973746111e-9, 0), (-1.08988525875201e-9, -0.9539531796215854, -0.2999562155159694, 0), (-1.420083776343292e-9, 0.2999562155159694, -0.9539531796215854, 0), (0.0062500000931322575, 0.22712445259094238, 0.05385887995362282, 1) )
            uniform token[] xformOpOrder = ["xformOp:transform"]

            def Capsule "Visual" (
                prepend apiSchemas = ["MaterialBindingAPI"]
            )
            {
                uniform token axis = "Z"
                double height = 0.00499672131147541
                rel material:binding = </Looks/Wire_5>
                color3f[] primvars:displayColor = [(0.13, 0.24, 0.82)]
                double radius = 0.001
            }
        }

        def Xform "Segment_55"
        {
            matrix4d xformOp:transform = ( (1, -5.027211993054049e-10, -1.389927113292538e-9, 0), (-8.500046999475543e-10, -0.964919786752148, -0.2625455609622165, 0), (-1.2091807121203433e-9, 0.2625455609622165, -0.964919786752148, 0), (0.0062500000931322575, 0.22852957248687744, 0.04906532168388367, 1) )
            uniform token[] xformOpOrder = ["xformOp:transform"]

            def Capsule "Visual" (
                prepend apiSchemas = ["MaterialBindingAPI"]
            )
            {
                uniform token axis = "Z"
                double height = 0.00499672131147541
                rel material:binding = </Looks/Wire_5>
                color3f[] primvars:displayColor = [(0.13, 0.24, 0.82)]
                double radius = 0.001
            }
        }

        def Xform "Segment_56"
        {
            matrix4d xformOp:transform = ( (1, -3.9794503309775153e-10, -1.1068241029805267e-9, 0), (-6.370276699713981e-10, -0.9743016919773098, -0.22524734555104864, 0), (-9.887444523215438e-10, 0.22524734555104864, -0.9743016919773098, 0), (0.0062500000931322575, 0.22974804043769836, 0.0442209392786026, 1) )
            uniform token[] xformOpOrder = ["xformOp:transform"]

            def Capsule "Visual" (
                prepend apiSchemas = ["MaterialBindingAPI"]
            )
            {
                uniform token axis = "Z"
                double height = 0.00499672131147541
                rel material:binding = </Looks/Wire_5>
                color3f[] primvars:displayColor = [(0.13, 0.24, 0.82)]
                double radius = 0.001
            }
        }

        def Xform "Segment_57"
        {
            matrix4d xformOp:transform = ( (1, -2.9437098163758053e-10, -8.251054383007591e-10, 0), (-4.444723163913429e-10, -0.9821118163773193, -0.18829978530384217, 0), (-7.54915637078392e-10, 0.18829978530384217, -0.9821118163773193, 0), (0.0062500000931322575, 0.23078101873397827, 0.03933360427618027, 1) )
            uniform token[] xformOpOrder = ["xformOp:transform"]

            def Capsule "Visual" (
                prepend apiSchemas = ["MaterialBindingAPI"]
            )
            {
                uniform token axis = "Z"
                double height = 0.00499672131147541
                rel material:binding = </Looks/Wire_5>
                color3f[] primvars:displayColor = [(0.13, 0.24, 0.82)]
                double radius = 0.001
            }
        }

        def Xform "Segment_58"
        {
            matrix4d xformOp:transform = ( (1, -1.9498338436029012e-10, -5.488388397008585e-10, 0), (-2.760972321960183e-10, -0.9883937430352105, -0.15191512719543887, 0), (-5.128478434335815e-10, 0.15191512719543887, -0.9883937430352105, 0), (0.0062500000931322575, 0.23163078725337982, 0.03441106900572777, 1) )
            uniform token[] xformOpOrder = ["xformOp:transform"]

            def Capsule "Visual" (
                prepend apiSchemas = ["MaterialBindingAPI"]
            )
            {
                uniform token axis = "Z"
                double height = 0.00499672131147541
                rel material:binding = </Looks/Wire_5>
                color3f[] primvars:displayColor = [(0.13, 0.24, 0.82)]
                double radius = 0.001
            }
        }

        def Xform "Segment_59"
        {
            matrix4d xformOp:transform = ( (1, -9.659192083329177e-11, -2.734256316100625e-10, 0), (-1.2774756889731544e-10, -0.9932091757843367, -0.11634468091282679, 0), (-2.6033081614064084e-10, 0.11634468091282679, -0.9932091757843367, 0), (0.0062500000931322575, 0.2323007881641388, 0.029460811987519264, 1) )
            uniform token[] xformOpOrder = ["xformOp:transform"]

            def Capsule "Visual" (
                prepend apiSchemas = ["MaterialBindingAPI"]
            )
            {
                uniform token axis = "Z"
                double height = 0.00499672131147541
                rel material:binding = </Looks/Wire_5>
                color3f[] primvars:displayColor = [(0.13, 0.24, 0.82)]
                double radius = 0.001
            }
        }

        def Xform "Segment_60"
        {
            matrix4d xformOp:transform = ( (1, -6.1238665305777646e-15, -9.206294336407703e-15, 0), (-6.856466176480488e-15, -0.9966482865293074, -0.08180543173244104, 0), (-8.674472218163024e-15, 0.08180543173244104, -0.9966482865293074, 0), (0.0062500000931322575, 0.2327956259250641, 0.024489937350153923, 1) )
            uniform token[] xformOpOrder = ["xformOp:transform"]

            def Capsule "Visual" (
                prepend apiSchemas = ["MaterialBindingAPI"]
            )
            {
                uniform token axis = "Z"
                double height = 0.00499672131147541
                rel material:binding = </Looks/Wire_5>
                color3f[] primvars:displayColor = [(0.13, 0.24, 0.82)]
                double radius = 0.001
            }
        }
    }

    def "Cameras"
    {
        def Camera "Overview"
        {
            float2 clippingRange = (0.0001, 10)
            float focalLength = 30
            matrix4d xformOp:transform = ( (0.7665204811801637, 0.6422198626104074, 0, 0), (-0.2352233795635071, 0.2807504852854762, 0.9305101432648073, -0), (0.5975920963651149, -0.713255082758363, 0.3662661235786188, 0), (0.31, -0.27000000000000013, 0.25000000000000006, 1) )
            uniform token[] xformOpOrder = ["xformOp:transform"]
        }

        def Camera "Insertion"
        {
            float2 clippingRange = (0.0001, 10)
            float focalLength = 30
            matrix4d xformOp:transform = ( (0.7612432304867113, 0.648466455599791, 0, 0), (-0.24101994427894305, 0.2829364563274549, 0.9283621858631671, -0), (0.6020117361795624, -0.7067094294281819, 0.3716768110325994, 0), (0.11499999999999999, -0.135, 0.11499999999999999, 1) )
            uniform token[] xformOpOrder = ["xformOp:transform"]
        }
    }
}

def "Looks"
{
    def Material "M_9ea8b2"
    {
        token outputs:surface.connect = </Looks/M_9ea8b2/Surface.outputs:surface>

        def Shader "Surface"
        {
            uniform token info:id = "UsdPreviewSurface"
            color3f inputs:diffuseColor = (0.62, 0.66, 0.7)
            float inputs:roughness = 0.38
            token outputs:surface
        }
    }

    def Material "M_080b0d"
    {
        token outputs:surface.connect = </Looks/M_080b0d/Surface.outputs:surface>

        def Shader "Surface"
        {
            uniform token info:id = "UsdPreviewSurface"
            color3f inputs:diffuseColor = (0.035, 0.045, 0.052)
            float inputs:roughness = 0.38
            token outputs:surface
        }
    }

    def Material "M_a87744"
    {
        token outputs:surface.connect = </Looks/M_a87744/Surface.outputs:surface>

        def Shader "Surface"
        {
            uniform token info:id = "UsdPreviewSurface"
            color3f inputs:diffuseColor = (0.66, 0.47, 0.27)
            float inputs:roughness = 0.38
            token outputs:surface
        }
    }

    def Material "M_778289"
    {
        token outputs:surface.connect = </Looks/M_778289/Surface.outputs:surface>

        def Shader "Surface"
        {
            uniform token info:id = "UsdPreviewSurface"
            color3f inputs:diffuseColor = (0.47, 0.51, 0.54)
            float inputs:roughness = 0.38
            token outputs:surface
        }
    }

    def Material "M_b7bfc4"
    {
        token outputs:surface.connect = </Looks/M_b7bfc4/Surface.outputs:surface>

        def Shader "Surface"
        {
            uniform token info:id = "UsdPreviewSurface"
            color3f inputs:diffuseColor = (0.72, 0.75, 0.77)
            float inputs:roughness = 0.38
            token outputs:surface
        }
    }

    def Material "M_0b309e"
    {
        token outputs:surface.connect = </Looks/M_0b309e/Surface.outputs:surface>

        def Shader "Surface"
        {
            uniform token info:id = "UsdPreviewSurface"
            color3f inputs:diffuseColor = (0.045, 0.19, 0.62)
            float inputs:roughness = 0.38
            token outputs:surface
        }
    }

    def Material "M_18191c"
    {
        token outputs:surface.connect = </Looks/M_18191c/Surface.outputs:surface>

        def Shader "Surface"
        {
            uniform token info:id = "UsdPreviewSurface"
            color3f inputs:diffuseColor = (0.095, 0.1, 0.11)
            float inputs:roughness = 0.38
            token outputs:surface
        }
    }

    def Material "M_99844c"
    {
        token outputs:surface.connect = </Looks/M_99844c/Surface.outputs:surface>

        def Shader "Surface"
        {
            uniform token info:id = "UsdPreviewSurface"
            color3f inputs:diffuseColor = (0.6, 0.52, 0.3)
            float inputs:roughness = 0.38
            token outputs:surface
        }
    }

    def Material "Wire_0"
    {
        token outputs:surface.connect = </Looks/Wire_0/Surface.outputs:surface>

        def Shader "Surface"
        {
            uniform token info:id = "UsdPreviewSurface"
            color3f inputs:diffuseColor = (0.85, 0.04, 0.065)
            token outputs:surface
        }
    }

    def Material "Wire_1"
    {
        token outputs:surface.connect = </Looks/Wire_1/Surface.outputs:surface>

        def Shader "Surface"
        {
            uniform token info:id = "UsdPreviewSurface"
            color3f inputs:diffuseColor = (0.95, 0.06, 0.08)
            token outputs:surface
        }
    }

    def Material "Wire_2"
    {
        token outputs:surface.connect = </Looks/Wire_2/Surface.outputs:surface>

        def Shader "Surface"
        {
            uniform token info:id = "UsdPreviewSurface"
            color3f inputs:diffuseColor = (0.78, 0.035, 0.06)
            token outputs:surface
        }
    }

    def Material "Wire_3"
    {
        token outputs:surface.connect = </Looks/Wire_3/Surface.outputs:surface>

        def Shader "Surface"
        {
            uniform token info:id = "UsdPreviewSurface"
            color3f inputs:diffuseColor = (0.93, 0.1, 0.15)
            token outputs:surface
        }
    }

    def Material "Wire_4"
    {
        token outputs:surface.connect = </Looks/Wire_4/Surface.outputs:surface>

        def Shader "Surface"
        {
            uniform token info:id = "UsdPreviewSurface"
            color3f inputs:diffuseColor = (0.035, 0.19, 0.8)
            token outputs:surface
        }
    }

    def Material "Wire_5"
    {
        token outputs:surface.connect = </Looks/Wire_5/Surface.outputs:surface>

        def Shader "Surface"
        {
            uniform token info:id = "UsdPreviewSurface"
            color3f inputs:diffuseColor = (0.13, 0.24, 0.82)
            token outputs:surface
        }
    }
}

