#usda 1.0
(
    customLayerData = {
        string asset_status = "Video-inspired approximate surrogate, not customer CAD"
        string physics = "Newton recorded playback; no active PhysX"
    }
    defaultPrim = "World"
    metersPerUnit = 1
    upAxis = "Z"
)

def Xform "World"
{
    def "FixtureBase"
    {
        def Mesh "mounting_disc" (
            prepend apiSchemas = ["MaterialBindingAPI"]
            customData = {
                bool newton_collision = 1
            }
        )
        {
            int[] faceVertexCounts = [3, 3, 3, 3, 3, 3, 3, 3, 3, 3, 3, 3, 3, 3, 3, 3, 3, 3, 3, 3, 3, 3, 3, 3, 3, 3, 3, 3, 3, 3, 3, 3, 3, 3, 3, 3, 3, 3, 3, 3, 3, 3, 3, 3, 3, 3, 3, 3, 3, 3, 3, 3, 3, 3, 3, 3, 3, 3, 3, 3, 3, 3, 3, 3, 3, 3, 3, 3, 3, 3, 3, 3, 3, 3, 3, 3, 3, 3, 3, 3, 3, 3, 3, 3, 3, 3, 3, 3, 3, 3, 3, 3, 3, 3, 3, 3, 3, 3, 3, 3, 3, 3, 3, 3, 3, 3, 3, 3, 3, 3, 3, 3, 3, 3, 3, 3, 3, 3, 3, 3, 3, 3, 3, 3, 3, 3, 3, 3]
            int[] faceVertexIndices = [1, 0, 4, 1, 4, 2, 2, 4, 5, 2, 5, 3, 4, 0, 6, 4, 6, 5, 5, 6, 7, 5, 7, 3, 6, 0, 8, 6, 8, 7, 7, 8, 9, 7, 9, 3, 8, 0, 10, 8, 10, 9, 9, 10, 11, 9, 11, 3, 10, 0, 12, 10, 12, 11, 11, 12, 13, 11, 13, 3, 12, 0, 14, 12, 14, 13, 13, 14, 15, 13, 15, 3, 14, 0, 16, 14, 16, 15, 15, 16, 17, 15, 17, 3, 16, 0, 18, 16, 18, 17, 17, 18, 19, 17, 19, 3, 18, 0, 20, 18, 20, 19, 19, 20, 21, 19, 21, 3, 20, 0, 22, 20, 22, 21, 21, 22, 23, 21, 23, 3, 22, 0, 24, 22, 24, 23, 23, 24, 25, 23, 25, 3, 24, 0, 26, 24, 26, 25, 25, 26, 27, 25, 27, 3, 26, 0, 28, 26, 28, 27, 27, 28, 29, 27, 29, 3, 28, 0, 30, 28, 30, 29, 29, 30, 31, 29, 31, 3, 30, 0, 32, 30, 32, 31, 31, 32, 33, 31, 33, 3, 32, 0, 34, 32, 34, 33, 33, 34, 35, 33, 35, 3, 34, 0, 36, 34, 36, 35, 35, 36, 37, 35, 37, 3, 36, 0, 38, 36, 38, 37, 37, 38, 39, 37, 39, 3, 38, 0, 40, 38, 40, 39, 39, 40, 41, 39, 41, 3, 40, 0, 42, 40, 42, 41, 41, 42, 43, 41, 43, 3, 42, 0, 44, 42, 44, 43, 43, 44, 45, 43, 45, 3, 44, 0, 46, 44, 46, 45, 45, 46, 47, 45, 47, 3, 46, 0, 48, 46, 48, 47, 47, 48, 49, 47, 49, 3, 48, 0, 50, 48, 50, 49, 49, 50, 51, 49, 51, 3, 50, 0, 52, 50, 52, 51, 51, 52, 53, 51, 53, 3, 52, 0, 54, 52, 54, 53, 53, 54, 55, 53, 55, 3, 54, 0, 56, 54, 56, 55, 55, 56, 57, 55, 57, 3, 56, 0, 58, 56, 58, 57, 57, 58, 59, 57, 59, 3, 58, 0, 60, 58, 60, 59, 59, 60, 61, 59, 61, 3, 60, 0, 62, 60, 62, 61, 61, 62, 63, 61, 63, 3, 62, 0, 64, 62, 64, 63, 63, 64, 65, 63, 65, 3, 64, 0, 1, 64, 1, 65, 65, 1, 2, 65, 2, 3]
            rel material:binding = </Looks/M_9ea8b2>
            point3f[] points = [(0, 0, -0.002), (0.027, 0, -0.002), (0.027, 0, 0.001), (0, 0, 0.001), (0.026481202, 0.0052674385, -0.002), (0.026481202, 0.0052674385, 0.001), (0.024944747, 0.010332453, -0.002), (0.024944747, 0.010332453, 0.001), (0.02244968, 0.015000396, -0.002), (0.02244968, 0.015000396, 0.001), (0.019091884, 0.019091884, -0.002), (0.019091884, 0.019091884, 0.001), (0.015000396, 0.02244968, -0.002), (0.015000396, 0.02244968, 0.001), (0.010332453, 0.024944747, -0.002), (0.010332453, 0.024944747, 0.001), (0.0052674385, 0.026481202, -0.002), (0.0052674385, 0.026481202, 0.001), (1.6532732e-18, 0.027, -0.002), (1.6532732e-18, 0.027, 0.001), (-0.0052674385, 0.026481202, -0.002), (-0.0052674385, 0.026481202, 0.001), (-0.010332453, 0.024944747, -0.002), (-0.010332453, 0.024944747, 0.001), (-0.015000396, 0.02244968, -0.002), (-0.015000396, 0.02244968, 0.001), (-0.019091884, 0.019091884, -0.002), (-0.019091884, 0.019091884, 0.001), (-0.02244968, 0.015000396, -0.002), (-0.02244968, 0.015000396, 0.001), (-0.024944747, 0.010332453, -0.002), (-0.024944747, 0.010332453, 0.001), (-0.026481202, 0.0052674385, -0.002), (-0.026481202, 0.0052674385, 0.001), (-0.027, 3.3065463e-18, -0.002), (-0.027, 3.3065463e-18, 0.001), (-0.026481202, -0.0052674385, -0.002), (-0.026481202, -0.0052674385, 0.001), (-0.024944747, -0.010332453, -0.002), (-0.024944747, -0.010332453, 0.001), (-0.02244968, -0.015000396, -0.002), (-0.02244968, -0.015000396, 0.001), (-0.019091884, -0.019091884, -0.002), (-0.019091884, -0.019091884, 0.001), (-0.015000396, -0.02244968, -0.002), (-0.015000396, -0.02244968, 0.001), (-0.010332453, -0.024944747, -0.002), (-0.010332453, -0.024944747, 0.001), (-0.0052674385, -0.026481202, -0.002), (-0.0052674385, -0.026481202, 0.001), (-4.9598196e-18, -0.027, -0.002), (-4.9598196e-18, -0.027, 0.001), (0.0052674385, -0.026481202, -0.002), (0.0052674385, -0.026481202, 0.001), (0.010332453, -0.024944747, -0.002), (0.010332453, -0.024944747, 0.001), (0.015000396, -0.02244968, -0.002), (0.015000396, -0.02244968, 0.001), (0.019091884, -0.019091884, -0.002), (0.019091884, -0.019091884, 0.001), (0.02244968, -0.015000396, -0.002), (0.02244968, -0.015000396, 0.001), (0.024944747, -0.010332453, -0.002), (0.024944747, -0.010332453, 0.001), (0.026481202, -0.0052674385, -0.002), (0.026481202, -0.0052674385, 0.001)]
            color3f[] primvars:displayColor = [(0.62, 0.66, 0.7)]
            uniform token subdivisionScheme = "none"
        }

        def Mesh "pedestal" (
            prepend apiSchemas = ["MaterialBindingAPI"]
            customData = {
                bool newton_collision = 1
            }
        )
        {
            int[] faceVertexCounts = [3, 3, 3, 3, 3, 3, 3, 3, 3, 3, 3, 3, 3, 3, 3, 3, 3, 3, 3, 3, 3, 3, 3, 3, 3, 3, 3, 3, 3, 3, 3, 3, 3, 3, 3, 3, 3, 3, 3, 3, 3, 3, 3, 3, 3, 3, 3, 3, 3, 3, 3, 3, 3, 3, 3, 3, 3, 3, 3, 3, 3, 3, 3, 3, 3, 3, 3, 3, 3, 3, 3, 3, 3, 3, 3, 3, 3, 3, 3, 3, 3, 3, 3, 3, 3, 3, 3, 3, 3, 3, 3, 3, 3, 3, 3, 3, 3, 3, 3, 3, 3, 3, 3, 3, 3, 3, 3, 3, 3, 3, 3, 3, 3, 3, 3, 3, 3, 3, 3, 3, 3, 3, 3, 3, 3, 3, 3, 3]
            int[] faceVertexIndices = [1, 0, 4, 1, 4, 2, 2, 4, 5, 2, 5, 3, 4, 0, 6, 4, 6, 5, 5, 6, 7, 5, 7, 3, 6, 0, 8, 6, 8, 7, 7, 8, 9, 7, 9, 3, 8, 0, 10, 8, 10, 9, 9, 10, 11, 9, 11, 3, 10, 0, 12, 10, 12, 11, 11, 12, 13, 11, 13, 3, 12, 0, 14, 12, 14, 13, 13, 14, 15, 13, 15, 3, 14, 0, 16, 14, 16, 15, 15, 16, 17, 15, 17, 3, 16, 0, 18, 16, 18, 17, 17, 18, 19, 17, 19, 3, 18, 0, 20, 18, 20, 19, 19, 20, 21, 19, 21, 3, 20, 0, 22, 20, 22, 21, 21, 22, 23, 21, 23, 3, 22, 0, 24, 22, 24, 23, 23, 24, 25, 23, 25, 3, 24, 0, 26, 24, 26, 25, 25, 26, 27, 25, 27, 3, 26, 0, 28, 26, 28, 27, 27, 28, 29, 27, 29, 3, 28, 0, 30, 28, 30, 29, 29, 30, 31, 29, 31, 3, 30, 0, 32, 30, 32, 31, 31, 32, 33, 31, 33, 3, 32, 0, 34, 32, 34, 33, 33, 34, 35, 33, 35, 3, 34, 0, 36, 34, 36, 35, 35, 36, 37, 35, 37, 3, 36, 0, 38, 36, 38, 37, 37, 38, 39, 37, 39, 3, 38, 0, 40, 38, 40, 39, 39, 40, 41, 39, 41, 3, 40, 0, 42, 40, 42, 41, 41, 42, 43, 41, 43, 3, 42, 0, 44, 42, 44, 43, 43, 44, 45, 43, 45, 3, 44, 0, 46, 44, 46, 45, 45, 46, 47, 45, 47, 3, 46, 0, 48, 46, 48, 47, 47, 48, 49, 47, 49, 3, 48, 0, 50, 48, 50, 49, 49, 50, 51, 49, 51, 3, 50, 0, 52, 50, 52, 51, 51, 52, 53, 51, 53, 3, 52, 0, 54, 52, 54, 53, 53, 54, 55, 53, 55, 3, 54, 0, 56, 54, 56, 55, 55, 56, 57, 55, 57, 3, 56, 0, 58, 56, 58, 57, 57, 58, 59, 57, 59, 3, 58, 0, 60, 58, 60, 59, 59, 60, 61, 59, 61, 3, 60, 0, 62, 60, 62, 61, 61, 62, 63, 61, 63, 3, 62, 0, 64, 62, 64, 63, 63, 64, 65, 63, 65, 3, 64, 0, 1, 64, 1, 65, 65, 1, 2, 65, 2, 3]
            rel material:binding = </Looks/M_080b0d>
            point3f[] points = [(0, 0, 0.001), (0.021, 0, 0.001), (0.021, 0, 0.013), (0, 0, 0.013), (0.020596491, 0.004096897, 0.001), (0.020596491, 0.004096897, 0.013), (0.01940147, 0.008036352, 0.001), (0.01940147, 0.008036352, 0.013), (0.017460862, 0.011666975, 0.001), (0.017460862, 0.011666975, 0.013), (0.014849243, 0.014849243, 0.001), (0.014849243, 0.014849243, 0.013), (0.011666975, 0.017460862, 0.001), (0.011666975, 0.017460862, 0.013), (0.008036352, 0.01940147, 0.001), (0.008036352, 0.01940147, 0.013), (0.004096897, 0.020596491, 0.001), (0.004096897, 0.020596491, 0.013), (1.2858791e-18, 0.021, 0.001), (1.2858791e-18, 0.021, 0.013), (-0.004096897, 0.020596491, 0.001), (-0.004096897, 0.020596491, 0.013), (-0.008036352, 0.01940147, 0.001), (-0.008036352, 0.01940147, 0.013), (-0.011666975, 0.017460862, 0.001), (-0.011666975, 0.017460862, 0.013), (-0.014849243, 0.014849243, 0.001), (-0.014849243, 0.014849243, 0.013), (-0.017460862, 0.011666975, 0.001), (-0.017460862, 0.011666975, 0.013), (-0.01940147, 0.008036352, 0.001), (-0.01940147, 0.008036352, 0.013), (-0.020596491, 0.004096897, 0.001), (-0.020596491, 0.004096897, 0.013), (-0.021, 2.5717583e-18, 0.001), (-0.021, 2.5717583e-18, 0.013), (-0.020596491, -0.004096897, 0.001), (-0.020596491, -0.004096897, 0.013), (-0.01940147, -0.008036352, 0.001), (-0.01940147, -0.008036352, 0.013), (-0.017460862, -0.011666975, 0.001), (-0.017460862, -0.011666975, 0.013), (-0.014849243, -0.014849243, 0.001), (-0.014849243, -0.014849243, 0.013), (-0.011666975, -0.017460862, 0.001), (-0.011666975, -0.017460862, 0.013), (-0.008036352, -0.01940147, 0.001), (-0.008036352, -0.01940147, 0.013), (-0.004096897, -0.020596491, 0.001), (-0.004096897, -0.020596491, 0.013), (-3.8576374e-18, -0.021, 0.001), (-3.8576374e-18, -0.021, 0.013), (0.004096897, -0.020596491, 0.001), (0.004096897, -0.020596491, 0.013), (0.008036352, -0.01940147, 0.001), (0.008036352, -0.01940147, 0.013), (0.011666975, -0.017460862, 0.001), (0.011666975, -0.017460862, 0.013), (0.014849243, -0.014849243, 0.001), (0.014849243, -0.014849243, 0.013), (0.017460862, -0.011666975, 0.001), (0.017460862, -0.011666975, 0.013), (0.01940147, -0.008036352, 0.001), (0.01940147, -0.008036352, 0.013), (0.020596491, -0.004096897, 0.001), (0.020596491, -0.004096897, 0.013)]
            color3f[] primvars:displayColor = [(0.035, 0.045, 0.052)]
            uniform token subdivisionScheme = "none"
        }

        def Mesh "standoff_m1" (
            prepend apiSchemas = ["MaterialBindingAPI"]
            customData = {
                bool newton_collision = 0
            }
        )
        {
            int[] faceVertexCounts = [3, 3, 3, 3, 3, 3, 3, 3, 3, 3, 3, 3, 3, 3, 3, 3, 3, 3, 3, 3, 3, 3, 3, 3, 3, 3, 3, 3, 3, 3, 3, 3, 3, 3, 3, 3, 3, 3, 3, 3, 3, 3, 3, 3, 3, 3, 3, 3, 3, 3, 3, 3, 3, 3, 3, 3, 3, 3, 3, 3, 3, 3, 3, 3, 3, 3, 3, 3, 3, 3, 3, 3, 3, 3, 3, 3, 3, 3, 3, 3, 3, 3, 3, 3, 3, 3, 3, 3, 3, 3, 3, 3, 3, 3, 3, 3, 3, 3, 3, 3, 3, 3, 3, 3, 3, 3, 3, 3, 3, 3, 3, 3, 3, 3, 3, 3, 3, 3, 3, 3, 3, 3, 3, 3, 3, 3, 3, 3]
            int[] faceVertexIndices = [1, 0, 4, 1, 4, 2, 2, 4, 5, 2, 5, 3, 4, 0, 6, 4, 6, 5, 5, 6, 7, 5, 7, 3, 6, 0, 8, 6, 8, 7, 7, 8, 9, 7, 9, 3, 8, 0, 10, 8, 10, 9, 9, 10, 11, 9, 11, 3, 10, 0, 12, 10, 12, 11, 11, 12, 13, 11, 13, 3, 12, 0, 14, 12, 14, 13, 13, 14, 15, 13, 15, 3, 14, 0, 16, 14, 16, 15, 15, 16, 17, 15, 17, 3, 16, 0, 18, 16, 18, 17, 17, 18, 19, 17, 19, 3, 18, 0, 20, 18, 20, 19, 19, 20, 21, 19, 21, 3, 20, 0, 22, 20, 22, 21, 21, 22, 23, 21, 23, 3, 22, 0, 24, 22, 24, 23, 23, 24, 25, 23, 25, 3, 24, 0, 26, 24, 26, 25, 25, 26, 27, 25, 27, 3, 26, 0, 28, 26, 28, 27, 27, 28, 29, 27, 29, 3, 28, 0, 30, 28, 30, 29, 29, 30, 31, 29, 31, 3, 30, 0, 32, 30, 32, 31, 31, 32, 33, 31, 33, 3, 32, 0, 34, 32, 34, 33, 33, 34, 35, 33, 35, 3, 34, 0, 36, 34, 36, 35, 35, 36, 37, 35, 37, 3, 36, 0, 38, 36, 38, 37, 37, 38, 39, 37, 39, 3, 38, 0, 40, 38, 40, 39, 39, 40, 41, 39, 41, 3, 40, 0, 42, 40, 42, 41, 41, 42, 43, 41, 43, 3, 42, 0, 44, 42, 44, 43, 43, 44, 45, 43, 45, 3, 44, 0, 46, 44, 46, 45, 45, 46, 47, 45, 47, 3, 46, 0, 48, 46, 48, 47, 47, 48, 49, 47, 49, 3, 48, 0, 50, 48, 50, 49, 49, 50, 51, 49, 51, 3, 50, 0, 52, 50, 52, 51, 51, 52, 53, 51, 53, 3, 52, 0, 54, 52, 54, 53, 53, 54, 55, 53, 55, 3, 54, 0, 56, 54, 56, 55, 55, 56, 57, 55, 57, 3, 56, 0, 58, 56, 58, 57, 57, 58, 59, 57, 59, 3, 58, 0, 60, 58, 60, 59, 59, 60, 61, 59, 61, 3, 60, 0, 62, 60, 62, 61, 61, 62, 63, 61, 63, 3, 62, 0, 64, 62, 64, 63, 63, 64, 65, 63, 65, 3, 64, 0, 1, 64, 1, 65, 65, 1, 2, 65, 2, 3]
            rel material:binding = </Looks/M_9ea8b2>
            point3f[] points = [(-0.019, 0.012, 0.001), (-0.0164, 0.012, 0.001), (-0.0164, 0.012, 0.017), (-0.019, 0.012, 0.017), (-0.016449958, 0.012507235, 0.001), (-0.016449958, 0.012507235, 0.017), (-0.016597914, 0.012994977, 0.001), (-0.016597914, 0.012994977, 0.017), (-0.01683818, 0.013444482, 0.001), (-0.01683818, 0.013444482, 0.017), (-0.017161522, 0.013838477, 0.001), (-0.017161522, 0.013838477, 0.017), (-0.017555518, 0.014161821, 0.001), (-0.017555518, 0.014161821, 0.017), (-0.018005023, 0.014402087, 0.001), (-0.018005023, 0.014402087, 0.017), (-0.018492766, 0.014550041, 0.001), (-0.018492766, 0.014550041, 0.017), (-0.019, 0.0146, 0.001), (-0.019, 0.0146, 0.017), (-0.019507235, 0.014550041, 0.001), (-0.019507235, 0.014550041, 0.017), (-0.019994976, 0.014402087, 0.001), (-0.019994976, 0.014402087, 0.017), (-0.020444483, 0.014161821, 0.001), (-0.020444483, 0.014161821, 0.017), (-0.020838477, 0.013838477, 0.001), (-0.020838477, 0.013838477, 0.017), (-0.02116182, 0.013444482, 0.001), (-0.02116182, 0.013444482, 0.017), (-0.021402087, 0.012994977, 0.001), (-0.021402087, 0.012994977, 0.017), (-0.021550043, 0.012507235, 0.001), (-0.021550043, 0.012507235, 0.017), (-0.0216, 0.012, 0.001), (-0.0216, 0.012, 0.017), (-0.021550043, 0.0114927655, 0.001), (-0.021550043, 0.0114927655, 0.017), (-0.021402087, 0.0110050235, 0.001), (-0.021402087, 0.0110050235, 0.017), (-0.02116182, 0.010555518, 0.001), (-0.02116182, 0.010555518, 0.017), (-0.020838477, 0.010161523, 0.001), (-0.020838477, 0.010161523, 0.017), (-0.020444483, 0.009838179, 0.001), (-0.020444483, 0.009838179, 0.017), (-0.019994976, 0.009597913, 0.001), (-0.019994976, 0.009597913, 0.017), (-0.019507235, 0.009449958, 0.001), (-0.019507235, 0.009449958, 0.017), (-0.019, 0.0094, 0.001), (-0.019, 0.0094, 0.017), (-0.018492766, 0.009449958, 0.001), (-0.018492766, 0.009449958, 0.017), (-0.018005023, 0.009597913, 0.001), (-0.018005023, 0.009597913, 0.017), (-0.017555518, 0.009838179, 0.001), (-0.017555518, 0.009838179, 0.017), (-0.017161522, 0.010161523, 0.001), (-0.017161522, 0.010161523, 0.017), (-0.01683818, 0.010555518, 0.001), (-0.01683818, 0.010555518, 0.017), (-0.016597914, 0.0110050235, 0.001), (-0.016597914, 0.0110050235, 0.017), (-0.016449958, 0.0114927655, 0.001), (-0.016449958, 0.0114927655, 0.017)]
            color3f[] primvars:displayColor = [(0.62, 0.66, 0.7)]
            uniform token subdivisionScheme = "none"
        }

        def Mesh "standoff_1" (
            prepend apiSchemas = ["MaterialBindingAPI"]
            customData = {
                bool newton_collision = 0
            }
        )
        {
            int[] faceVertexCounts = [3, 3, 3, 3, 3, 3, 3, 3, 3, 3, 3, 3, 3, 3, 3, 3, 3, 3, 3, 3, 3, 3, 3, 3, 3, 3, 3, 3, 3, 3, 3, 3, 3, 3, 3, 3, 3, 3, 3, 3, 3, 3, 3, 3, 3, 3, 3, 3, 3, 3, 3, 3, 3, 3, 3, 3, 3, 3, 3, 3, 3, 3, 3, 3, 3, 3, 3, 3, 3, 3, 3, 3, 3, 3, 3, 3, 3, 3, 3, 3, 3, 3, 3, 3, 3, 3, 3, 3, 3, 3, 3, 3, 3, 3, 3, 3, 3, 3, 3, 3, 3, 3, 3, 3, 3, 3, 3, 3, 3, 3, 3, 3, 3, 3, 3, 3, 3, 3, 3, 3, 3, 3, 3, 3, 3, 3, 3, 3]
            int[] faceVertexIndices = [1, 0, 4, 1, 4, 2, 2, 4, 5, 2, 5, 3, 4, 0, 6, 4, 6, 5, 5, 6, 7, 5, 7, 3, 6, 0, 8, 6, 8, 7, 7, 8, 9, 7, 9, 3, 8, 0, 10, 8, 10, 9, 9, 10, 11, 9, 11, 3, 10, 0, 12, 10, 12, 11, 11, 12, 13, 11, 13, 3, 12, 0, 14, 12, 14, 13, 13, 14, 15, 13, 15, 3, 14, 0, 16, 14, 16, 15, 15, 16, 17, 15, 17, 3, 16, 0, 18, 16, 18, 17, 17, 18, 19, 17, 19, 3, 18, 0, 20, 18, 20, 19, 19, 20, 21, 19, 21, 3, 20, 0, 22, 20, 22, 21, 21, 22, 23, 21, 23, 3, 22, 0, 24, 22, 24, 23, 23, 24, 25, 23, 25, 3, 24, 0, 26, 24, 26, 25, 25, 26, 27, 25, 27, 3, 26, 0, 28, 26, 28, 27, 27, 28, 29, 27, 29, 3, 28, 0, 30, 28, 30, 29, 29, 30, 31, 29, 31, 3, 30, 0, 32, 30, 32, 31, 31, 32, 33, 31, 33, 3, 32, 0, 34, 32, 34, 33, 33, 34, 35, 33, 35, 3, 34, 0, 36, 34, 36, 35, 35, 36, 37, 35, 37, 3, 36, 0, 38, 36, 38, 37, 37, 38, 39, 37, 39, 3, 38, 0, 40, 38, 40, 39, 39, 40, 41, 39, 41, 3, 40, 0, 42, 40, 42, 41, 41, 42, 43, 41, 43, 3, 42, 0, 44, 42, 44, 43, 43, 44, 45, 43, 45, 3, 44, 0, 46, 44, 46, 45, 45, 46, 47, 45, 47, 3, 46, 0, 48, 46, 48, 47, 47, 48, 49, 47, 49, 3, 48, 0, 50, 48, 50, 49, 49, 50, 51, 49, 51, 3, 50, 0, 52, 50, 52, 51, 51, 52, 53, 51, 53, 3, 52, 0, 54, 52, 54, 53, 53, 54, 55, 53, 55, 3, 54, 0, 56, 54, 56, 55, 55, 56, 57, 55, 57, 3, 56, 0, 58, 56, 58, 57, 57, 58, 59, 57, 59, 3, 58, 0, 60, 58, 60, 59, 59, 60, 61, 59, 61, 3, 60, 0, 62, 60, 62, 61, 61, 62, 63, 61, 63, 3, 62, 0, 64, 62, 64, 63, 63, 64, 65, 63, 65, 3, 64, 0, 1, 64, 1, 65, 65, 1, 2, 65, 2, 3]
            rel material:binding = </Looks/M_9ea8b2>
            point3f[] points = [(0.019, 0.012, 0.001), (0.0216, 0.012, 0.001), (0.0216, 0.012, 0.017), (0.019, 0.012, 0.017), (0.021550043, 0.012507235, 0.001), (0.021550043, 0.012507235, 0.017), (0.021402087, 0.012994977, 0.001), (0.021402087, 0.012994977, 0.017), (0.02116182, 0.013444482, 0.001), (0.02116182, 0.013444482, 0.017), (0.020838477, 0.013838477, 0.001), (0.020838477, 0.013838477, 0.017), (0.020444483, 0.014161821, 0.001), (0.020444483, 0.014161821, 0.017), (0.019994976, 0.014402087, 0.001), (0.019994976, 0.014402087, 0.017), (0.019507235, 0.014550041, 0.001), (0.019507235, 0.014550041, 0.017), (0.019, 0.0146, 0.001), (0.019, 0.0146, 0.017), (0.018492766, 0.014550041, 0.001), (0.018492766, 0.014550041, 0.017), (0.018005023, 0.014402087, 0.001), (0.018005023, 0.014402087, 0.017), (0.017555518, 0.014161821, 0.001), (0.017555518, 0.014161821, 0.017), (0.017161522, 0.013838477, 0.001), (0.017161522, 0.013838477, 0.017), (0.01683818, 0.013444482, 0.001), (0.01683818, 0.013444482, 0.017), (0.016597914, 0.012994977, 0.001), (0.016597914, 0.012994977, 0.017), (0.016449958, 0.012507235, 0.001), (0.016449958, 0.012507235, 0.017), (0.0164, 0.012, 0.001), (0.0164, 0.012, 0.017), (0.016449958, 0.0114927655, 0.001), (0.016449958, 0.0114927655, 0.017), (0.016597914, 0.0110050235, 0.001), (0.016597914, 0.0110050235, 0.017), (0.01683818, 0.010555518, 0.001), (0.01683818, 0.010555518, 0.017), (0.017161522, 0.010161523, 0.001), (0.017161522, 0.010161523, 0.017), (0.017555518, 0.009838179, 0.001), (0.017555518, 0.009838179, 0.017), (0.018005023, 0.009597913, 0.001), (0.018005023, 0.009597913, 0.017), (0.018492766, 0.009449958, 0.001), (0.018492766, 0.009449958, 0.017), (0.019, 0.0094, 0.001), (0.019, 0.0094, 0.017), (0.019507235, 0.009449958, 0.001), (0.019507235, 0.009449958, 0.017), (0.019994976, 0.009597913, 0.001), (0.019994976, 0.009597913, 0.017), (0.020444483, 0.009838179, 0.001), (0.020444483, 0.009838179, 0.017), (0.020838477, 0.010161523, 0.001), (0.020838477, 0.010161523, 0.017), (0.02116182, 0.010555518, 0.001), (0.02116182, 0.010555518, 0.017), (0.021402087, 0.0110050235, 0.001), (0.021402087, 0.0110050235, 0.017), (0.021550043, 0.0114927655, 0.001), (0.021550043, 0.0114927655, 0.017)]
            color3f[] primvars:displayColor = [(0.62, 0.66, 0.7)]
            uniform token subdivisionScheme = "none"
        }

        def Mesh "fixed_support" (
            prepend apiSchemas = ["MaterialBindingAPI"]
            customData = {
                bool newton_collision = 1
            }
        )
        {
            int[] faceVertexCounts = [3, 3, 3, 3, 3, 3, 3, 3, 3, 3, 3, 3]
            int[] faceVertexIndices = [1, 3, 0, 4, 1, 0, 0, 3, 2, 2, 4, 0, 1, 7, 3, 5, 1, 4, 5, 7, 1, 3, 7, 2, 6, 4, 2, 2, 7, 6, 6, 5, 4, 7, 5, 6]
            rel material:binding = </Looks/M_080b0d>
            point3f[] points = [(-0.029, -0.0255, 0.013), (-0.029, -0.0255, 0.0175), (-0.029, 0.0195, 0.013), (-0.029, 0.0195, 0.0175), (0.029, -0.0255, 0.013), (0.029, -0.0255, 0.0175), (0.029, 0.0195, 0.013), (0.029, 0.0195, 0.0175)]
            color3f[] primvars:displayColor = [(0.035, 0.045, 0.052)]
            uniform token subdivisionScheme = "none"
        }
    }

    def "Table"
    {
        def Mesh "Wood" (
            prepend apiSchemas = ["MaterialBindingAPI"]
            customData = {
                bool newton_collision = 1
            }
        )
        {
            int[] faceVertexCounts = [3, 3, 3, 3, 3, 3, 3, 3, 3, 3, 3, 3]
            int[] faceVertexIndices = [1, 3, 0, 4, 1, 0, 0, 3, 2, 2, 4, 0, 1, 7, 3, 5, 1, 4, 5, 7, 1, 3, 7, 2, 6, 4, 2, 2, 7, 6, 6, 5, 4, 7, 5, 6]
            rel material:binding = </Looks/M_a87744>
            point3f[] points = [(-0.19, -0.12, -0.018), (-0.19, -0.12, -0.002), (-0.19, 0.36, -0.018), (-0.19, 0.36, -0.002), (0.19, -0.12, -0.018), (0.19, -0.12, -0.002), (0.19, 0.36, -0.018), (0.19, 0.36, -0.002)]
            color3f[] primvars:displayColor = [(0.66, 0.47, 0.27)]
            uniform token subdivisionScheme = "none"
        }

        def Mesh "Steel_0" (
            prepend apiSchemas = ["MaterialBindingAPI"]
            customData = {
                bool newton_collision = 1
            }
        )
        {
            int[] faceVertexCounts = [3, 3, 3, 3, 3, 3, 3, 3, 3, 3, 3, 3]
            int[] faceVertexIndices = [1, 3, 0, 4, 1, 0, 0, 3, 2, 2, 4, 0, 1, 7, 3, 5, 1, 4, 5, 7, 1, 3, 7, 2, 6, 4, 2, 2, 7, 6, 6, 5, 4, 7, 5, 6]
            rel material:binding = </Looks/M_778289>
            point3f[] points = [(-0.19, -0.12, -0.002), (-0.19, -0.12, 0.001), (-0.19, 0.36, -0.002), (-0.19, 0.36, 0.001), (-0.036, -0.12, -0.002), (-0.036, -0.12, 0.001), (-0.036, 0.36, -0.002), (-0.036, 0.36, 0.001)]
            color3f[] primvars:displayColor = [(0.47, 0.51, 0.54)]
            uniform token subdivisionScheme = "none"
        }

        def Mesh "Steel_1" (
            prepend apiSchemas = ["MaterialBindingAPI"]
            customData = {
                bool newton_collision = 1
            }
        )
        {
            int[] faceVertexCounts = [3, 3, 3, 3, 3, 3, 3, 3, 3, 3, 3, 3]
            int[] faceVertexIndices = [1, 3, 0, 4, 1, 0, 0, 3, 2, 2, 4, 0, 1, 7, 3, 5, 1, 4, 5, 7, 1, 3, 7, 2, 6, 4, 2, 2, 7, 6, 6, 5, 4, 7, 5, 6]
            rel material:binding = </Looks/M_778289>
            point3f[] points = [(0.036, -0.12, -0.002), (0.036, -0.12, 0.001), (0.036, 0.36, -0.002), (0.036, 0.36, 0.001), (0.19, -0.12, -0.002), (0.19, -0.12, 0.001), (0.19, 0.36, -0.002), (0.19, 0.36, 0.001)]
            color3f[] primvars:displayColor = [(0.47, 0.51, 0.54)]
            uniform token subdivisionScheme = "none"
        }

        def Mesh "Steel_2" (
            prepend apiSchemas = ["MaterialBindingAPI"]
            customData = {
                bool newton_collision = 1
            }
        )
        {
            int[] faceVertexCounts = [3, 3, 3, 3, 3, 3, 3, 3, 3, 3, 3, 3]
            int[] faceVertexIndices = [1, 3, 0, 4, 1, 0, 0, 3, 2, 2, 4, 0, 1, 7, 3, 5, 1, 4, 5, 7, 1, 3, 7, 2, 6, 4, 2, 2, 7, 6, 6, 5, 4, 7, 5, 6]
            rel material:binding = </Looks/M_778289>
            point3f[] points = [(-0.036, -0.12, -0.002), (-0.036, -0.12, 0.001), (-0.036, -0.036, -0.002), (-0.036, -0.036, 0.001), (0.036, -0.12, -0.002), (0.036, -0.12, 0.001), (0.036, -0.036, -0.002), (0.036, -0.036, 0.001)]
            color3f[] primvars:displayColor = [(0.47, 0.51, 0.54)]
            uniform token subdivisionScheme = "none"
        }

        def Mesh "Steel_3" (
            prepend apiSchemas = ["MaterialBindingAPI"]
            customData = {
                bool newton_collision = 1
            }
        )
        {
            int[] faceVertexCounts = [3, 3, 3, 3, 3, 3, 3, 3, 3, 3, 3, 3]
            int[] faceVertexIndices = [1, 3, 0, 4, 1, 0, 0, 3, 2, 2, 4, 0, 1, 7, 3, 5, 1, 4, 5, 7, 1, 3, 7, 2, 6, 4, 2, 2, 7, 6, 6, 5, 4, 7, 5, 6]
            rel material:binding = </Looks/M_778289>
            point3f[] points = [(-0.036, 0.036, -0.002), (-0.036, 0.036, 0.001), (-0.036, 0.36, -0.002), (-0.036, 0.36, 0.001), (0.036, 0.036, -0.002), (0.036, 0.036, 0.001), (0.036, 0.36, -0.002), (0.036, 0.36, 0.001)]
            color3f[] primvars:displayColor = [(0.47, 0.51, 0.54)]
            uniform token subdivisionScheme = "none"
        }
    }

    def Xform "FarConnector"
    {
        float xformOp:rotateZ = 180
        double3 xformOp:translate = (0, 0.242, 0.01)
        uniform token[] xformOpOrder = ["xformOp:translate", "xformOp:rotateZ"]

        def Mesh "housing" (
            prepend apiSchemas = ["MaterialBindingAPI"]
            customData = {
                bool newton_collision = 1
            }
        )
        {
            int[] faceVertexCounts = [3, 3, 3, 3, 3, 3, 3, 3, 3, 3, 3, 3]
            int[] faceVertexIndices = [1, 3, 0, 4, 1, 0, 0, 3, 2, 2, 4, 0, 1, 7, 3, 5, 1, 4, 5, 7, 1, 3, 7, 2, 6, 4, 2, 2, 7, 6, 6, 5, 4, 7, 5, 6]
            rel material:binding = </Looks/M_b7bfc4>
            point3f[] points = [(-0.021, -0.0135, -0.004), (-0.021, -0.0135, 0.004), (-0.021, 0.0135, -0.004), (-0.021, 0.0135, 0.004), (0.021, -0.0135, -0.004), (0.021, -0.0135, 0.004), (0.021, 0.0135, -0.004), (0.021, 0.0135, 0.004)]
            color3f[] primvars:displayColor = [(0.72, 0.75, 0.77)]
            uniform token subdivisionScheme = "none"
        }

        def Mesh "top_ridge" (
            prepend apiSchemas = ["MaterialBindingAPI"]
            customData = {
                bool newton_collision = 0
            }
        )
        {
            int[] faceVertexCounts = [3, 3, 3, 3, 3, 3, 3, 3, 3, 3, 3, 3]
            int[] faceVertexIndices = [1, 3, 0, 4, 1, 0, 0, 3, 2, 2, 4, 0, 1, 7, 3, 5, 1, 4, 5, 7, 1, 3, 7, 2, 6, 4, 2, 2, 7, 6, 6, 5, 4, 7, 5, 6]
            rel material:binding = </Looks/M_b7bfc4>
            point3f[] points = [(-0.0215, -0.013, 0.004), (-0.0215, -0.013, 0.006), (-0.0215, -0.011, 0.004), (-0.0215, -0.011, 0.006), (0.0215, -0.013, 0.004), (0.0215, -0.013, 0.006), (0.0215, -0.011, 0.004), (0.0215, -0.011, 0.006)]
            color3f[] primvars:displayColor = [(0.72, 0.75, 0.77)]
            uniform token subdivisionScheme = "none"
        }

        def Mesh "rear_ridge" (
            prepend apiSchemas = ["MaterialBindingAPI"]
            customData = {
                bool newton_collision = 0
            }
        )
        {
            int[] faceVertexCounts = [3, 3, 3, 3, 3, 3, 3, 3, 3, 3, 3, 3]
            int[] faceVertexIndices = [1, 3, 0, 4, 1, 0, 0, 3, 2, 2, 4, 0, 1, 7, 3, 5, 1, 4, 5, 7, 1, 3, 7, 2, 6, 4, 2, 2, 7, 6, 6, 5, 4, 7, 5, 6]
            rel material:binding = </Looks/M_b7bfc4>
            point3f[] points = [(-0.0215, 0.011, 0.004), (-0.0215, 0.011, 0.006), (-0.0215, 0.013, 0.004), (-0.0215, 0.013, 0.006), (0.0215, 0.011, 0.004), (0.0215, 0.011, 0.006), (0.0215, 0.013, 0.004), (0.0215, 0.013, 0.006)]
            color3f[] primvars:displayColor = [(0.72, 0.75, 0.77)]
            uniform token subdivisionScheme = "none"
        }

        def Mesh "blue_wire_support" (
            prepend apiSchemas = ["MaterialBindingAPI"]
            customData = {
                bool newton_collision = 0
            }
        )
        {
            int[] faceVertexCounts = [3, 3, 3, 3, 3, 3, 3, 3, 3, 3, 3, 3]
            int[] faceVertexIndices = [1, 3, 0, 4, 1, 0, 0, 3, 2, 2, 4, 0, 1, 7, 3, 5, 1, 4, 5, 7, 1, 3, 7, 2, 6, 4, 2, 2, 7, 6, 6, 5, 4, 7, 5, 6]
            rel material:binding = </Looks/M_0b309e>
            point3f[] points = [(-0.01, 0.006, 0.004), (-0.01, 0.006, 0.011), (-0.01, 0.012, 0.004), (-0.01, 0.012, 0.011), (0.01, 0.006, 0.004), (0.01, 0.006, 0.011), (0.01, 0.012, 0.004), (0.01, 0.012, 0.011)]
            color3f[] primvars:displayColor = [(0.045, 0.19, 0.62)]
            uniform token subdivisionScheme = "none"
        }

        def Mesh "end_key_m1" (
            prepend apiSchemas = ["MaterialBindingAPI"]
            customData = {
                bool newton_collision = 1
            }
        )
        {
            int[] faceVertexCounts = [3, 3, 3, 3, 3, 3, 3, 3, 3, 3, 3, 3]
            int[] faceVertexIndices = [1, 3, 0, 4, 1, 0, 0, 3, 2, 2, 4, 0, 1, 7, 3, 5, 1, 4, 5, 7, 1, 3, 7, 2, 6, 4, 2, 2, 7, 6, 6, 5, 4, 7, 5, 6]
            rel material:binding = </Looks/M_b7bfc4>
            point3f[] points = [(-0.022, -0.0075, -0.002), (-0.022, -0.0075, 0.002), (-0.022, 0.0075, -0.002), (-0.022, 0.0075, 0.002), (-0.021, -0.0075, -0.002), (-0.021, -0.0075, 0.002), (-0.021, 0.0075, -0.002), (-0.021, 0.0075, 0.002)]
            color3f[] primvars:displayColor = [(0.72, 0.75, 0.77)]
            uniform token subdivisionScheme = "none"
        }

        def Mesh "grip_ear_m1" (
            prepend apiSchemas = ["MaterialBindingAPI"]
            customData = {
                bool newton_collision = 0
            }
        )
        {
            int[] faceVertexCounts = [3, 3, 3, 3, 3, 3, 3, 3, 3, 3, 3, 3]
            int[] faceVertexIndices = [1, 3, 0, 4, 1, 0, 0, 3, 2, 2, 4, 0, 1, 7, 3, 5, 1, 4, 5, 7, 1, 3, 7, 2, 6, 4, 2, 2, 7, 6, 6, 5, 4, 7, 5, 6]
            rel material:binding = </Looks/M_b7bfc4>
            point3f[] points = [(-0.0235, -0.003, 0.004), (-0.0235, -0.003, 0.006), (-0.0235, 0.003, 0.004), (-0.0235, 0.003, 0.006), (-0.0205, -0.003, 0.004), (-0.0205, -0.003, 0.006), (-0.0205, 0.003, 0.004), (-0.0205, 0.003, 0.006)]
            color3f[] primvars:displayColor = [(0.72, 0.75, 0.77)]
            uniform token subdivisionScheme = "none"
        }

        def Mesh "end_key_1" (
            prepend apiSchemas = ["MaterialBindingAPI"]
            customData = {
                bool newton_collision = 1
            }
        )
        {
            int[] faceVertexCounts = [3, 3, 3, 3, 3, 3, 3, 3, 3, 3, 3, 3]
            int[] faceVertexIndices = [1, 3, 0, 4, 1, 0, 0, 3, 2, 2, 4, 0, 1, 7, 3, 5, 1, 4, 5, 7, 1, 3, 7, 2, 6, 4, 2, 2, 7, 6, 6, 5, 4, 7, 5, 6]
            rel material:binding = </Looks/M_b7bfc4>
            point3f[] points = [(0.021, -0.0075, -0.002), (0.021, -0.0075, 0.002), (0.021, 0.0075, -0.002), (0.021, 0.0075, 0.002), (0.022, -0.0075, -0.002), (0.022, -0.0075, 0.002), (0.022, 0.0075, -0.002), (0.022, 0.0075, 0.002)]
            color3f[] primvars:displayColor = [(0.72, 0.75, 0.77)]
            uniform token subdivisionScheme = "none"
        }

        def Mesh "grip_ear_1" (
            prepend apiSchemas = ["MaterialBindingAPI"]
            customData = {
                bool newton_collision = 0
            }
        )
        {
            int[] faceVertexCounts = [3, 3, 3, 3, 3, 3, 3, 3, 3, 3, 3, 3]
            int[] faceVertexIndices = [1, 3, 0, 4, 1, 0, 0, 3, 2, 2, 4, 0, 1, 7, 3, 5, 1, 4, 5, 7, 1, 3, 7, 2, 6, 4, 2, 2, 7, 6, 6, 5, 4, 7, 5, 6]
            rel material:binding = </Looks/M_b7bfc4>
            point3f[] points = [(0.0205, -0.003, 0.004), (0.0205, -0.003, 0.006), (0.0205, 0.003, 0.004), (0.0205, 0.003, 0.006), (0.0235, -0.003, 0.004), (0.0235, -0.003, 0.006), (0.0235, 0.003, 0.004), (0.0235, 0.003, 0.006)]
            color3f[] primvars:displayColor = [(0.72, 0.75, 0.77)]
            uniform token subdivisionScheme = "none"
        }

        def Mesh "contact_recess_00" (
            prepend apiSchemas = ["MaterialBindingAPI"]
            customData = {
                bool newton_collision = 0
            }
        )
        {
            int[] faceVertexCounts = [3, 3, 3, 3, 3, 3, 3, 3, 3, 3, 3, 3]
            int[] faceVertexIndices = [1, 3, 0, 4, 1, 0, 0, 3, 2, 2, 4, 0, 1, 7, 3, 5, 1, 4, 5, 7, 1, 3, 7, 2, 6, 4, 2, 2, 7, 6, 6, 5, 4, 7, 5, 6]
            rel material:binding = </Looks/M_18191c>
            point3f[] points = [(-0.0177, -0.005, 0.00405), (-0.0177, -0.005, 0.00425), (-0.0177, -0.001, 0.00405), (-0.0177, -0.001, 0.00425), (-0.0165, -0.005, 0.00405), (-0.0165, -0.005, 0.00425), (-0.0165, -0.001, 0.00405), (-0.0165, -0.001, 0.00425)]
            color3f[] primvars:displayColor = [(0.095, 0.1, 0.11)]
            uniform token subdivisionScheme = "none"
        }

        def Mesh "contact_tip_00" (
            prepend apiSchemas = ["MaterialBindingAPI"]
            customData = {
                bool newton_collision = 0
            }
        )
        {
            int[] faceVertexCounts = [3, 3, 3, 3, 3, 3, 3, 3, 3, 3, 3, 3]
            int[] faceVertexIndices = [1, 3, 0, 4, 1, 0, 0, 3, 2, 2, 4, 0, 1, 7, 3, 5, 1, 4, 5, 7, 1, 3, 7, 2, 6, 4, 2, 2, 7, 6, 6, 5, 4, 7, 5, 6]
            rel material:binding = </Looks/M_99844c>
            point3f[] points = [(-0.017375, -0.004, 0.00419), (-0.017375, -0.004, 0.00441), (-0.017375, -0.002, 0.00419), (-0.017375, -0.002, 0.00441), (-0.016825, -0.004, 0.00419), (-0.016825, -0.004, 0.00441), (-0.016825, -0.002, 0.00419), (-0.016825, -0.002, 0.00441)]
            color3f[] primvars:displayColor = [(0.6, 0.52, 0.3)]
            uniform token subdivisionScheme = "none"
        }

        def Mesh "contact_recess_01" (
            prepend apiSchemas = ["MaterialBindingAPI"]
            customData = {
                bool newton_collision = 0
            }
        )
        {
            int[] faceVertexCounts = [3, 3, 3, 3, 3, 3, 3, 3, 3, 3, 3, 3]
            int[] faceVertexIndices = [1, 3, 0, 4, 1, 0, 0, 3, 2, 2, 4, 0, 1, 7, 3, 5, 1, 4, 5, 7, 1, 3, 7, 2, 6, 4, 2, 2, 7, 6, 6, 5, 4, 7, 5, 6]
            rel material:binding = </Looks/M_18191c>
            point3f[] points = [(-0.0159, -0.005, 0.00405), (-0.0159, -0.005, 0.00425), (-0.0159, -0.001, 0.00405), (-0.0159, -0.001, 0.00425), (-0.0147, -0.005, 0.00405), (-0.0147, -0.005, 0.00425), (-0.0147, -0.001, 0.00405), (-0.0147, -0.001, 0.00425)]
            color3f[] primvars:displayColor = [(0.095, 0.1, 0.11)]
            uniform token subdivisionScheme = "none"
        }

        def Mesh "contact_tip_01" (
            prepend apiSchemas = ["MaterialBindingAPI"]
            customData = {
                bool newton_collision = 0
            }
        )
        {
            int[] faceVertexCounts = [3, 3, 3, 3, 3, 3, 3, 3, 3, 3, 3, 3]
            int[] faceVertexIndices = [1, 3, 0, 4, 1, 0, 0, 3, 2, 2, 4, 0, 1, 7, 3, 5, 1, 4, 5, 7, 1, 3, 7, 2, 6, 4, 2, 2, 7, 6, 6, 5, 4, 7, 5, 6]
            rel material:binding = </Looks/M_99844c>
            point3f[] points = [(-0.015575, -0.004, 0.00419), (-0.015575, -0.004, 0.00441), (-0.015575, -0.002, 0.00419), (-0.015575, -0.002, 0.00441), (-0.015025, -0.004, 0.00419), (-0.015025, -0.004, 0.00441), (-0.015025, -0.002, 0.00419), (-0.015025, -0.002, 0.00441)]
            color3f[] primvars:displayColor = [(0.6, 0.52, 0.3)]
            uniform token subdivisionScheme = "none"
        }

        def Mesh "contact_recess_02" (
            prepend apiSchemas = ["MaterialBindingAPI"]
            customData = {
                bool newton_collision = 0
            }
        )
        {
            int[] faceVertexCounts = [3, 3, 3, 3, 3, 3, 3, 3, 3, 3, 3, 3]
            int[] faceVertexIndices = [1, 3, 0, 4, 1, 0, 0, 3, 2, 2, 4, 0, 1, 7, 3, 5, 1, 4, 5, 7, 1, 3, 7, 2, 6, 4, 2, 2, 7, 6, 6, 5, 4, 7, 5, 6]
            rel material:binding = </Looks/M_18191c>
            point3f[] points = [(-0.0141, -0.005, 0.00405), (-0.0141, -0.005, 0.00425), (-0.0141, -0.001, 0.00405), (-0.0141, -0.001, 0.00425), (-0.0129, -0.005, 0.00405), (-0.0129, -0.005, 0.00425), (-0.0129, -0.001, 0.00405), (-0.0129, -0.001, 0.00425)]
            color3f[] primvars:displayColor = [(0.095, 0.1, 0.11)]
            uniform token subdivisionScheme = "none"
        }

        def Mesh "contact_tip_02" (
            prepend apiSchemas = ["MaterialBindingAPI"]
            customData = {
                bool newton_collision = 0
            }
        )
        {
            int[] faceVertexCounts = [3, 3, 3, 3, 3, 3, 3, 3, 3, 3, 3, 3]
            int[] faceVertexIndices = [1, 3, 0, 4, 1, 0, 0, 3, 2, 2, 4, 0, 1, 7, 3, 5, 1, 4, 5, 7, 1, 3, 7, 2, 6, 4, 2, 2, 7, 6, 6, 5, 4, 7, 5, 6]
            rel material:binding = </Looks/M_99844c>
            point3f[] points = [(-0.013775, -0.004, 0.00419), (-0.013775, -0.004, 0.00441), (-0.013775, -0.002, 0.00419), (-0.013775, -0.002, 0.00441), (-0.013225, -0.004, 0.00419), (-0.013225, -0.004, 0.00441), (-0.013225, -0.002, 0.00419), (-0.013225, -0.002, 0.00441)]
            color3f[] primvars:displayColor = [(0.6, 0.52, 0.3)]
            uniform token subdivisionScheme = "none"
        }

        def Mesh "contact_recess_03" (
            prepend apiSchemas = ["MaterialBindingAPI"]
            customData = {
                bool newton_collision = 0
            }
        )
        {
            int[] faceVertexCounts = [3, 3, 3, 3, 3, 3, 3, 3, 3, 3, 3, 3]
            int[] faceVertexIndices = [1, 3, 0, 4, 1, 0, 0, 3, 2, 2, 4, 0, 1, 7, 3, 5, 1, 4, 5, 7, 1, 3, 7, 2, 6, 4, 2, 2, 7, 6, 6, 5, 4, 7, 5, 6]
            rel material:binding = </Looks/M_18191c>
            point3f[] points = [(-0.0123, -0.005, 0.00405), (-0.0123, -0.005, 0.00425), (-0.0123, -0.001, 0.00405), (-0.0123, -0.001, 0.00425), (-0.0111, -0.005, 0.00405), (-0.0111, -0.005, 0.00425), (-0.0111, -0.001, 0.00405), (-0.0111, -0.001, 0.00425)]
            color3f[] primvars:displayColor = [(0.095, 0.1, 0.11)]
            uniform token subdivisionScheme = "none"
        }

        def Mesh "contact_tip_03" (
            prepend apiSchemas = ["MaterialBindingAPI"]
            customData = {
                bool newton_collision = 0
            }
        )
        {
            int[] faceVertexCounts = [3, 3, 3, 3, 3, 3, 3, 3, 3, 3, 3, 3]
            int[] faceVertexIndices = [1, 3, 0, 4, 1, 0, 0, 3, 2, 2, 4, 0, 1, 7, 3, 5, 1, 4, 5, 7, 1, 3, 7, 2, 6, 4, 2, 2, 7, 6, 6, 5, 4, 7, 5, 6]
            rel material:binding = </Looks/M_99844c>
            point3f[] points = [(-0.011975, -0.004, 0.00419), (-0.011975, -0.004, 0.00441), (-0.011975, -0.002, 0.00419), (-0.011975, -0.002, 0.00441), (-0.011425, -0.004, 0.00419), (-0.011425, -0.004, 0.00441), (-0.011425, -0.002, 0.00419), (-0.011425, -0.002, 0.00441)]
            color3f[] primvars:displayColor = [(0.6, 0.52, 0.3)]
            uniform token subdivisionScheme = "none"
        }

        def Mesh "contact_recess_04" (
            prepend apiSchemas = ["MaterialBindingAPI"]
            customData = {
                bool newton_collision = 0
            }
        )
        {
            int[] faceVertexCounts = [3, 3, 3, 3, 3, 3, 3, 3, 3, 3, 3, 3]
            int[] faceVertexIndices = [1, 3, 0, 4, 1, 0, 0, 3, 2, 2, 4, 0, 1, 7, 3, 5, 1, 4, 5, 7, 1, 3, 7, 2, 6, 4, 2, 2, 7, 6, 6, 5, 4, 7, 5, 6]
            rel material:binding = </Looks/M_18191c>
            point3f[] points = [(-0.0105, -0.005, 0.00405), (-0.0105, -0.005, 0.00425), (-0.0105, -0.001, 0.00405), (-0.0105, -0.001, 0.00425), (-0.0093, -0.005, 0.00405), (-0.0093, -0.005, 0.00425), (-0.0093, -0.001, 0.00405), (-0.0093, -0.001, 0.00425)]
            color3f[] primvars:displayColor = [(0.095, 0.1, 0.11)]
            uniform token subdivisionScheme = "none"
        }

        def Mesh "contact_tip_04" (
            prepend apiSchemas = ["MaterialBindingAPI"]
            customData = {
                bool newton_collision = 0
            }
        )
        {
            int[] faceVertexCounts = [3, 3, 3, 3, 3, 3, 3, 3, 3, 3, 3, 3]
            int[] faceVertexIndices = [1, 3, 0, 4, 1, 0, 0, 3, 2, 2, 4, 0, 1, 7, 3, 5, 1, 4, 5, 7, 1, 3, 7, 2, 6, 4, 2, 2, 7, 6, 6, 5, 4, 7, 5, 6]
            rel material:binding = </Looks/M_99844c>
            point3f[] points = [(-0.010175, -0.004, 0.00419), (-0.010175, -0.004, 0.00441), (-0.010175, -0.002, 0.00419), (-0.010175, -0.002, 0.00441), (-0.009625, -0.004, 0.00419), (-0.009625, -0.004, 0.00441), (-0.009625, -0.002, 0.00419), (-0.009625, -0.002, 0.00441)]
            color3f[] primvars:displayColor = [(0.6, 0.52, 0.3)]
            uniform token subdivisionScheme = "none"
        }

        def Mesh "contact_recess_05" (
            prepend apiSchemas = ["MaterialBindingAPI"]
            customData = {
                bool newton_collision = 0
            }
        )
        {
            int[] faceVertexCounts = [3, 3, 3, 3, 3, 3, 3, 3, 3, 3, 3, 3]
            int[] faceVertexIndices = [1, 3, 0, 4, 1, 0, 0, 3, 2, 2, 4, 0, 1, 7, 3, 5, 1, 4, 5, 7, 1, 3, 7, 2, 6, 4, 2, 2, 7, 6, 6, 5, 4, 7, 5, 6]
            rel material:binding = </Looks/M_18191c>
            point3f[] points = [(-0.0087, -0.005, 0.00405), (-0.0087, -0.005, 0.00425), (-0.0087, -0.001, 0.00405), (-0.0087, -0.001, 0.00425), (-0.0075, -0.005, 0.00405), (-0.0075, -0.005, 0.00425), (-0.0075, -0.001, 0.00405), (-0.0075, -0.001, 0.00425)]
            color3f[] primvars:displayColor = [(0.095, 0.1, 0.11)]
            uniform token subdivisionScheme = "none"
        }

        def Mesh "contact_tip_05" (
            prepend apiSchemas = ["MaterialBindingAPI"]
            customData = {
                bool newton_collision = 0
            }
        )
        {
            int[] faceVertexCounts = [3, 3, 3, 3, 3, 3, 3, 3, 3, 3, 3, 3]
            int[] faceVertexIndices = [1, 3, 0, 4, 1, 0, 0, 3, 2, 2, 4, 0, 1, 7, 3, 5, 1, 4, 5, 7, 1, 3, 7, 2, 6, 4, 2, 2, 7, 6, 6, 5, 4, 7, 5, 6]
            rel material:binding = </Looks/M_99844c>
            point3f[] points = [(-0.008375, -0.004, 0.00419), (-0.008375, -0.004, 0.00441), (-0.008375, -0.002, 0.00419), (-0.008375, -0.002, 0.00441), (-0.007825, -0.004, 0.00419), (-0.007825, -0.004, 0.00441), (-0.007825, -0.002, 0.00419), (-0.007825, -0.002, 0.00441)]
            color3f[] primvars:displayColor = [(0.6, 0.52, 0.3)]
            uniform token subdivisionScheme = "none"
        }

        def Mesh "contact_recess_06" (
            prepend apiSchemas = ["MaterialBindingAPI"]
            customData = {
                bool newton_collision = 0
            }
        )
        {
            int[] faceVertexCounts = [3, 3, 3, 3, 3, 3, 3, 3, 3, 3, 3, 3]
            int[] faceVertexIndices = [1, 3, 0, 4, 1, 0, 0, 3, 2, 2, 4, 0, 1, 7, 3, 5, 1, 4, 5, 7, 1, 3, 7, 2, 6, 4, 2, 2, 7, 6, 6, 5, 4, 7, 5, 6]
            rel material:binding = </Looks/M_18191c>
            point3f[] points = [(-0.0069, -0.005, 0.00405), (-0.0069, -0.005, 0.00425), (-0.0069, -0.001, 0.00405), (-0.0069, -0.001, 0.00425), (-0.0057, -0.005, 0.00405), (-0.0057, -0.005, 0.00425), (-0.0057, -0.001, 0.00405), (-0.0057, -0.001, 0.00425)]
            color3f[] primvars:displayColor = [(0.095, 0.1, 0.11)]
            uniform token subdivisionScheme = "none"
        }

        def Mesh "contact_tip_06" (
            prepend apiSchemas = ["MaterialBindingAPI"]
            customData = {
                bool newton_collision = 0
            }
        )
        {
            int[] faceVertexCounts = [3, 3, 3, 3, 3, 3, 3, 3, 3, 3, 3, 3]
            int[] faceVertexIndices = [1, 3, 0, 4, 1, 0, 0, 3, 2, 2, 4, 0, 1, 7, 3, 5, 1, 4, 5, 7, 1, 3, 7, 2, 6, 4, 2, 2, 7, 6, 6, 5, 4, 7, 5, 6]
            rel material:binding = </Looks/M_99844c>
            point3f[] points = [(-0.006575, -0.004, 0.00419), (-0.006575, -0.004, 0.00441), (-0.006575, -0.002, 0.00419), (-0.006575, -0.002, 0.00441), (-0.006025, -0.004, 0.00419), (-0.006025, -0.004, 0.00441), (-0.006025, -0.002, 0.00419), (-0.006025, -0.002, 0.00441)]
            color3f[] primvars:displayColor = [(0.6, 0.52, 0.3)]
            uniform token subdivisionScheme = "none"
        }

        def Mesh "contact_recess_07" (
            prepend apiSchemas = ["MaterialBindingAPI"]
            customData = {
                bool newton_collision = 0
            }
        )
        {
            int[] faceVertexCounts = [3, 3, 3, 3, 3, 3, 3, 3, 3, 3, 3, 3]
            int[] faceVertexIndices = [1, 3, 0, 4, 1, 0, 0, 3, 2, 2, 4, 0, 1, 7, 3, 5, 1, 4, 5, 7, 1, 3, 7, 2, 6, 4, 2, 2, 7, 6, 6, 5, 4, 7, 5, 6]
            rel material:binding = </Looks/M_18191c>
            point3f[] points = [(-0.0051, -0.005, 0.00405), (-0.0051, -0.005, 0.00425), (-0.0051, -0.001, 0.00405), (-0.0051, -0.001, 0.00425), (-0.0039, -0.005, 0.00405), (-0.0039, -0.005, 0.00425), (-0.0039, -0.001, 0.00405), (-0.0039, -0.001, 0.00425)]
            color3f[] primvars:displayColor = [(0.095, 0.1, 0.11)]
            uniform token subdivisionScheme = "none"
        }

        def Mesh "contact_tip_07" (
            prepend apiSchemas = ["MaterialBindingAPI"]
            customData = {
                bool newton_collision = 0
            }
        )
        {
            int[] faceVertexCounts = [3, 3, 3, 3, 3, 3, 3, 3, 3, 3, 3, 3]
            int[] faceVertexIndices = [1, 3, 0, 4, 1, 0, 0, 3, 2, 2, 4, 0, 1, 7, 3, 5, 1, 4, 5, 7, 1, 3, 7, 2, 6, 4, 2, 2, 7, 6, 6, 5, 4, 7, 5, 6]
            rel material:binding = </Looks/M_99844c>
            point3f[] points = [(-0.004775, -0.004, 0.00419), (-0.004775, -0.004, 0.00441), (-0.004775, -0.002, 0.00419), (-0.004775, -0.002, 0.00441), (-0.004225, -0.004, 0.00419), (-0.004225, -0.004, 0.00441), (-0.004225, -0.002, 0.00419), (-0.004225, -0.002, 0.00441)]
            color3f[] primvars:displayColor = [(0.6, 0.52, 0.3)]
            uniform token subdivisionScheme = "none"
        }

        def Mesh "contact_recess_08" (
            prepend apiSchemas = ["MaterialBindingAPI"]
            customData = {
                bool newton_collision = 0
            }
        )
        {
            int[] faceVertexCounts = [3, 3, 3, 3, 3, 3, 3, 3, 3, 3, 3, 3]
            int[] faceVertexIndices = [1, 3, 0, 4, 1, 0, 0, 3, 2, 2, 4, 0, 1, 7, 3, 5, 1, 4, 5, 7, 1, 3, 7, 2, 6, 4, 2, 2, 7, 6, 6, 5, 4, 7, 5, 6]
            rel material:binding = </Looks/M_18191c>
            point3f[] points = [(-0.0033, -0.005, 0.00405), (-0.0033, -0.005, 0.00425), (-0.0033, -0.001, 0.00405), (-0.0033, -0.001, 0.00425), (-0.0021, -0.005, 0.00405), (-0.0021, -0.005, 0.00425), (-0.0021, -0.001, 0.00405), (-0.0021, -0.001, 0.00425)]
            color3f[] primvars:displayColor = [(0.095, 0.1, 0.11)]
            uniform token subdivisionScheme = "none"
        }

        def Mesh "contact_tip_08" (
            prepend apiSchemas = ["MaterialBindingAPI"]
            customData = {
                bool newton_collision = 0
            }
        )
        {
            int[] faceVertexCounts = [3, 3, 3, 3, 3, 3, 3, 3, 3, 3, 3, 3]
            int[] faceVertexIndices = [1, 3, 0, 4, 1, 0, 0, 3, 2, 2, 4, 0, 1, 7, 3, 5, 1, 4, 5, 7, 1, 3, 7, 2, 6, 4, 2, 2, 7, 6, 6, 5, 4, 7, 5, 6]
            rel material:binding = </Looks/M_99844c>
            point3f[] points = [(-0.002975, -0.004, 0.00419), (-0.002975, -0.004, 0.00441), (-0.002975, -0.002, 0.00419), (-0.002975, -0.002, 0.00441), (-0.002425, -0.004, 0.00419), (-0.002425, -0.004, 0.00441), (-0.002425, -0.002, 0.00419), (-0.002425, -0.002, 0.00441)]
            color3f[] primvars:displayColor = [(0.6, 0.52, 0.3)]
            uniform token subdivisionScheme = "none"
        }

        def Mesh "contact_recess_09" (
            prepend apiSchemas = ["MaterialBindingAPI"]
            customData = {
                bool newton_collision = 0
            }
        )
        {
            int[] faceVertexCounts = [3, 3, 3, 3, 3, 3, 3, 3, 3, 3, 3, 3]
            int[] faceVertexIndices = [1, 3, 0, 4, 1, 0, 0, 3, 2, 2, 4, 0, 1, 7, 3, 5, 1, 4, 5, 7, 1, 3, 7, 2, 6, 4, 2, 2, 7, 6, 6, 5, 4, 7, 5, 6]
            rel material:binding = </Looks/M_18191c>
            point3f[] points = [(-0.0015, -0.005, 0.00405), (-0.0015, -0.005, 0.00425), (-0.0015, -0.001, 0.00405), (-0.0015, -0.001, 0.00425), (-0.0003, -0.005, 0.00405), (-0.0003, -0.005, 0.00425), (-0.0003, -0.001, 0.00405), (-0.0003, -0.001, 0.00425)]
            color3f[] primvars:displayColor = [(0.095, 0.1, 0.11)]
            uniform token subdivisionScheme = "none"
        }

        def Mesh "contact_tip_09" (
            prepend apiSchemas = ["MaterialBindingAPI"]
            customData = {
                bool newton_collision = 0
            }
        )
        {
            int[] faceVertexCounts = [3, 3, 3, 3, 3, 3, 3, 3, 3, 3, 3, 3]
            int[] faceVertexIndices = [1, 3, 0, 4, 1, 0, 0, 3, 2, 2, 4, 0, 1, 7, 3, 5, 1, 4, 5, 7, 1, 3, 7, 2, 6, 4, 2, 2, 7, 6, 6, 5, 4, 7, 5, 6]
            rel material:binding = </Looks/M_99844c>
            point3f[] points = [(-0.001175, -0.004, 0.00419), (-0.001175, -0.004, 0.00441), (-0.001175, -0.002, 0.00419), (-0.001175, -0.002, 0.00441), (-0.000625, -0.004, 0.00419), (-0.000625, -0.004, 0.00441), (-0.000625, -0.002, 0.00419), (-0.000625, -0.002, 0.00441)]
            color3f[] primvars:displayColor = [(0.6, 0.52, 0.3)]
            uniform token subdivisionScheme = "none"
        }

        def Mesh "contact_recess_10" (
            prepend apiSchemas = ["MaterialBindingAPI"]
            customData = {
                bool newton_collision = 0
            }
        )
        {
            int[] faceVertexCounts = [3, 3, 3, 3, 3, 3, 3, 3, 3, 3, 3, 3]
            int[] faceVertexIndices = [1, 3, 0, 4, 1, 0, 0, 3, 2, 2, 4, 0, 1, 7, 3, 5, 1, 4, 5, 7, 1, 3, 7, 2, 6, 4, 2, 2, 7, 6, 6, 5, 4, 7, 5, 6]
            rel material:binding = </Looks/M_18191c>
            point3f[] points = [(0.0003, -0.005, 0.00405), (0.0003, -0.005, 0.00425), (0.0003, -0.001, 0.00405), (0.0003, -0.001, 0.00425), (0.0015, -0.005, 0.00405), (0.0015, -0.005, 0.00425), (0.0015, -0.001, 0.00405), (0.0015, -0.001, 0.00425)]
            color3f[] primvars:displayColor = [(0.095, 0.1, 0.11)]
            uniform token subdivisionScheme = "none"
        }

        def Mesh "contact_tip_10" (
            prepend apiSchemas = ["MaterialBindingAPI"]
            customData = {
                bool newton_collision = 0
            }
        )
        {
            int[] faceVertexCounts = [3, 3, 3, 3, 3, 3, 3, 3, 3, 3, 3, 3]
            int[] faceVertexIndices = [1, 3, 0, 4, 1, 0, 0, 3, 2, 2, 4, 0, 1, 7, 3, 5, 1, 4, 5, 7, 1, 3, 7, 2, 6, 4, 2, 2, 7, 6, 6, 5, 4, 7, 5, 6]
            rel material:binding = </Looks/M_99844c>
            point3f[] points = [(0.000625, -0.004, 0.00419), (0.000625, -0.004, 0.00441), (0.000625, -0.002, 0.00419), (0.000625, -0.002, 0.00441), (0.001175, -0.004, 0.00419), (0.001175, -0.004, 0.00441), (0.001175, -0.002, 0.00419), (0.001175, -0.002, 0.00441)]
            color3f[] primvars:displayColor = [(0.6, 0.52, 0.3)]
            uniform token subdivisionScheme = "none"
        }

        def Mesh "contact_recess_11" (
            prepend apiSchemas = ["MaterialBindingAPI"]
            customData = {
                bool newton_collision = 0
            }
        )
        {
            int[] faceVertexCounts = [3, 3, 3, 3, 3, 3, 3, 3, 3, 3, 3, 3]
            int[] faceVertexIndices = [1, 3, 0, 4, 1, 0, 0, 3, 2, 2, 4, 0, 1, 7, 3, 5, 1, 4, 5, 7, 1, 3, 7, 2, 6, 4, 2, 2, 7, 6, 6, 5, 4, 7, 5, 6]
            rel material:binding = </Looks/M_18191c>
            point3f[] points = [(0.0021, -0.005, 0.00405), (0.0021, -0.005, 0.00425), (0.0021, -0.001, 0.00405), (0.0021, -0.001, 0.00425), (0.0033, -0.005, 0.00405), (0.0033, -0.005, 0.00425), (0.0033, -0.001, 0.00405), (0.0033, -0.001, 0.00425)]
            color3f[] primvars:displayColor = [(0.095, 0.1, 0.11)]
            uniform token subdivisionScheme = "none"
        }

        def Mesh "contact_tip_11" (
            prepend apiSchemas = ["MaterialBindingAPI"]
            customData = {
                bool newton_collision = 0
            }
        )
        {
            int[] faceVertexCounts = [3, 3, 3, 3, 3, 3, 3, 3, 3, 3, 3, 3]
            int[] faceVertexIndices = [1, 3, 0, 4, 1, 0, 0, 3, 2, 2, 4, 0, 1, 7, 3, 5, 1, 4, 5, 7, 1, 3, 7, 2, 6, 4, 2, 2, 7, 6, 6, 5, 4, 7, 5, 6]
            rel material:binding = </Looks/M_99844c>
            point3f[] points = [(0.002425, -0.004, 0.00419), (0.002425, -0.004, 0.00441), (0.002425, -0.002, 0.00419), (0.002425, -0.002, 0.00441), (0.002975, -0.004, 0.00419), (0.002975, -0.004, 0.00441), (0.002975, -0.002, 0.00419), (0.002975, -0.002, 0.00441)]
            color3f[] primvars:displayColor = [(0.6, 0.52, 0.3)]
            uniform token subdivisionScheme = "none"
        }

        def Mesh "contact_recess_12" (
            prepend apiSchemas = ["MaterialBindingAPI"]
            customData = {
                bool newton_collision = 0
            }
        )
        {
            int[] faceVertexCounts = [3, 3, 3, 3, 3, 3, 3, 3, 3, 3, 3, 3]
            int[] faceVertexIndices = [1, 3, 0, 4, 1, 0, 0, 3, 2, 2, 4, 0, 1, 7, 3, 5, 1, 4, 5, 7, 1, 3, 7, 2, 6, 4, 2, 2, 7, 6, 6, 5, 4, 7, 5, 6]
            rel material:binding = </Looks/M_18191c>
            point3f[] points = [(0.0039, -0.005, 0.00405), (0.0039, -0.005, 0.00425), (0.0039, -0.001, 0.00405), (0.0039, -0.001, 0.00425), (0.0051, -0.005, 0.00405), (0.0051, -0.005, 0.00425), (0.0051, -0.001, 0.00405), (0.0051, -0.001, 0.00425)]
            color3f[] primvars:displayColor = [(0.095, 0.1, 0.11)]
            uniform token subdivisionScheme = "none"
        }

        def Mesh "contact_tip_12" (
            prepend apiSchemas = ["MaterialBindingAPI"]
            customData = {
                bool newton_collision = 0
            }
        )
        {
            int[] faceVertexCounts = [3, 3, 3, 3, 3, 3, 3, 3, 3, 3, 3, 3]
            int[] faceVertexIndices = [1, 3, 0, 4, 1, 0, 0, 3, 2, 2, 4, 0, 1, 7, 3, 5, 1, 4, 5, 7, 1, 3, 7, 2, 6, 4, 2, 2, 7, 6, 6, 5, 4, 7, 5, 6]
            rel material:binding = </Looks/M_99844c>
            point3f[] points = [(0.004225, -0.004, 0.00419), (0.004225, -0.004, 0.00441), (0.004225, -0.002, 0.00419), (0.004225, -0.002, 0.00441), (0.004775, -0.004, 0.00419), (0.004775, -0.004, 0.00441), (0.004775, -0.002, 0.00419), (0.004775, -0.002, 0.00441)]
            color3f[] primvars:displayColor = [(0.6, 0.52, 0.3)]
            uniform token subdivisionScheme = "none"
        }

        def Mesh "contact_recess_13" (
            prepend apiSchemas = ["MaterialBindingAPI"]
            customData = {
                bool newton_collision = 0
            }
        )
        {
            int[] faceVertexCounts = [3, 3, 3, 3, 3, 3, 3, 3, 3, 3, 3, 3]
            int[] faceVertexIndices = [1, 3, 0, 4, 1, 0, 0, 3, 2, 2, 4, 0, 1, 7, 3, 5, 1, 4, 5, 7, 1, 3, 7, 2, 6, 4, 2, 2, 7, 6, 6, 5, 4, 7, 5, 6]
            rel material:binding = </Looks/M_18191c>
            point3f[] points = [(0.0057, -0.005, 0.00405), (0.0057, -0.005, 0.00425), (0.0057, -0.001, 0.00405), (0.0057, -0.001, 0.00425), (0.0069, -0.005, 0.00405), (0.0069, -0.005, 0.00425), (0.0069, -0.001, 0.00405), (0.0069, -0.001, 0.00425)]
            color3f[] primvars:displayColor = [(0.095, 0.1, 0.11)]
            uniform token subdivisionScheme = "none"
        }

        def Mesh "contact_tip_13" (
            prepend apiSchemas = ["MaterialBindingAPI"]
            customData = {
                bool newton_collision = 0
            }
        )
        {
            int[] faceVertexCounts = [3, 3, 3, 3, 3, 3, 3, 3, 3, 3, 3, 3]
            int[] faceVertexIndices = [1, 3, 0, 4, 1, 0, 0, 3, 2, 2, 4, 0, 1, 7, 3, 5, 1, 4, 5, 7, 1, 3, 7, 2, 6, 4, 2, 2, 7, 6, 6, 5, 4, 7, 5, 6]
            rel material:binding = </Looks/M_99844c>
            point3f[] points = [(0.006025, -0.004, 0.00419), (0.006025, -0.004, 0.00441), (0.006025, -0.002, 0.00419), (0.006025, -0.002, 0.00441), (0.006575, -0.004, 0.00419), (0.006575, -0.004, 0.00441), (0.006575, -0.002, 0.00419), (0.006575, -0.002, 0.00441)]
            color3f[] primvars:displayColor = [(0.6, 0.52, 0.3)]
            uniform token subdivisionScheme = "none"
        }

        def Mesh "contact_recess_14" (
            prepend apiSchemas = ["MaterialBindingAPI"]
            customData = {
                bool newton_collision = 0
            }
        )
        {
            int[] faceVertexCounts = [3, 3, 3, 3, 3, 3, 3, 3, 3, 3, 3, 3]
            int[] faceVertexIndices = [1, 3, 0, 4, 1, 0, 0, 3, 2, 2, 4, 0, 1, 7, 3, 5, 1, 4, 5, 7, 1, 3, 7, 2, 6, 4, 2, 2, 7, 6, 6, 5, 4, 7, 5, 6]
            rel material:binding = </Looks/M_18191c>
            point3f[] points = [(0.0075, -0.005, 0.00405), (0.0075, -0.005, 0.00425), (0.0075, -0.001, 0.00405), (0.0075, -0.001, 0.00425), (0.0087, -0.005, 0.00405), (0.0087, -0.005, 0.00425), (0.0087, -0.001, 0.00405), (0.0087, -0.001, 0.00425)]
            color3f[] primvars:displayColor = [(0.095, 0.1, 0.11)]
            uniform token subdivisionScheme = "none"
        }

        def Mesh "contact_tip_14" (
            prepend apiSchemas = ["MaterialBindingAPI"]
            customData = {
                bool newton_collision = 0
            }
        )
        {
            int[] faceVertexCounts = [3, 3, 3, 3, 3, 3, 3, 3, 3, 3, 3, 3]
            int[] faceVertexIndices = [1, 3, 0, 4, 1, 0, 0, 3, 2, 2, 4, 0, 1, 7, 3, 5, 1, 4, 5, 7, 1, 3, 7, 2, 6, 4, 2, 2, 7, 6, 6, 5, 4, 7, 5, 6]
            rel material:binding = </Looks/M_99844c>
            point3f[] points = [(0.007825, -0.004, 0.00419), (0.007825, -0.004, 0.00441), (0.007825, -0.002, 0.00419), (0.007825, -0.002, 0.00441), (0.008375, -0.004, 0.00419), (0.008375, -0.004, 0.00441), (0.008375, -0.002, 0.00419), (0.008375, -0.002, 0.00441)]
            color3f[] primvars:displayColor = [(0.6, 0.52, 0.3)]
            uniform token subdivisionScheme = "none"
        }

        def Mesh "contact_recess_15" (
            prepend apiSchemas = ["MaterialBindingAPI"]
            customData = {
                bool newton_collision = 0
            }
        )
        {
            int[] faceVertexCounts = [3, 3, 3, 3, 3, 3, 3, 3, 3, 3, 3, 3]
            int[] faceVertexIndices = [1, 3, 0, 4, 1, 0, 0, 3, 2, 2, 4, 0, 1, 7, 3, 5, 1, 4, 5, 7, 1, 3, 7, 2, 6, 4, 2, 2, 7, 6, 6, 5, 4, 7, 5, 6]
            rel material:binding = </Looks/M_18191c>
            point3f[] points = [(0.0093, -0.005, 0.00405), (0.0093, -0.005, 0.00425), (0.0093, -0.001, 0.00405), (0.0093, -0.001, 0.00425), (0.0105, -0.005, 0.00405), (0.0105, -0.005, 0.00425), (0.0105, -0.001, 0.00405), (0.0105, -0.001, 0.00425)]
            color3f[] primvars:displayColor = [(0.095, 0.1, 0.11)]
            uniform token subdivisionScheme = "none"
        }

        def Mesh "contact_tip_15" (
            prepend apiSchemas = ["MaterialBindingAPI"]
            customData = {
                bool newton_collision = 0
            }
        )
        {
            int[] faceVertexCounts = [3, 3, 3, 3, 3, 3, 3, 3, 3, 3, 3, 3]
            int[] faceVertexIndices = [1, 3, 0, 4, 1, 0, 0, 3, 2, 2, 4, 0, 1, 7, 3, 5, 1, 4, 5, 7, 1, 3, 7, 2, 6, 4, 2, 2, 7, 6, 6, 5, 4, 7, 5, 6]
            rel material:binding = </Looks/M_99844c>
            point3f[] points = [(0.009625, -0.004, 0.00419), (0.009625, -0.004, 0.00441), (0.009625, -0.002, 0.00419), (0.009625, -0.002, 0.00441), (0.010175, -0.004, 0.00419), (0.010175, -0.004, 0.00441), (0.010175, -0.002, 0.00419), (0.010175, -0.002, 0.00441)]
            color3f[] primvars:displayColor = [(0.6, 0.52, 0.3)]
            uniform token subdivisionScheme = "none"
        }

        def Mesh "contact_recess_16" (
            prepend apiSchemas = ["MaterialBindingAPI"]
            customData = {
                bool newton_collision = 0
            }
        )
        {
            int[] faceVertexCounts = [3, 3, 3, 3, 3, 3, 3, 3, 3, 3, 3, 3]
            int[] faceVertexIndices = [1, 3, 0, 4, 1, 0, 0, 3, 2, 2, 4, 0, 1, 7, 3, 5, 1, 4, 5, 7, 1, 3, 7, 2, 6, 4, 2, 2, 7, 6, 6, 5, 4, 7, 5, 6]
            rel material:binding = </Looks/M_18191c>
            point3f[] points = [(0.0111, -0.005, 0.00405), (0.0111, -0.005, 0.00425), (0.0111, -0.001, 0.00405), (0.0111, -0.001, 0.00425), (0.0123, -0.005, 0.00405), (0.0123, -0.005, 0.00425), (0.0123, -0.001, 0.00405), (0.0123, -0.001, 0.00425)]
            color3f[] primvars:displayColor = [(0.095, 0.1, 0.11)]
            uniform token subdivisionScheme = "none"
        }

        def Mesh "contact_tip_16" (
            prepend apiSchemas = ["MaterialBindingAPI"]
            customData = {
                bool newton_collision = 0
            }
        )
        {
            int[] faceVertexCounts = [3, 3, 3, 3, 3, 3, 3, 3, 3, 3, 3, 3]
            int[] faceVertexIndices = [1, 3, 0, 4, 1, 0, 0, 3, 2, 2, 4, 0, 1, 7, 3, 5, 1, 4, 5, 7, 1, 3, 7, 2, 6, 4, 2, 2, 7, 6, 6, 5, 4, 7, 5, 6]
            rel material:binding = </Looks/M_99844c>
            point3f[] points = [(0.011425, -0.004, 0.00419), (0.011425, -0.004, 0.00441), (0.011425, -0.002, 0.00419), (0.011425, -0.002, 0.00441), (0.011975, -0.004, 0.00419), (0.011975, -0.004, 0.00441), (0.011975, -0.002, 0.00419), (0.011975, -0.002, 0.00441)]
            color3f[] primvars:displayColor = [(0.6, 0.52, 0.3)]
            uniform token subdivisionScheme = "none"
        }

        def Mesh "contact_recess_17" (
            prepend apiSchemas = ["MaterialBindingAPI"]
            customData = {
                bool newton_collision = 0
            }
        )
        {
            int[] faceVertexCounts = [3, 3, 3, 3, 3, 3, 3, 3, 3, 3, 3, 3]
            int[] faceVertexIndices = [1, 3, 0, 4, 1, 0, 0, 3, 2, 2, 4, 0, 1, 7, 3, 5, 1, 4, 5, 7, 1, 3, 7, 2, 6, 4, 2, 2, 7, 6, 6, 5, 4, 7, 5, 6]
            rel material:binding = </Looks/M_18191c>
            point3f[] points = [(0.0129, -0.005, 0.00405), (0.0129, -0.005, 0.00425), (0.0129, -0.001, 0.00405), (0.0129, -0.001, 0.00425), (0.0141, -0.005, 0.00405), (0.0141, -0.005, 0.00425), (0.0141, -0.001, 0.00405), (0.0141, -0.001, 0.00425)]
            color3f[] primvars:displayColor = [(0.095, 0.1, 0.11)]
            uniform token subdivisionScheme = "none"
        }

        def Mesh "contact_tip_17" (
            prepend apiSchemas = ["MaterialBindingAPI"]
            customData = {
                bool newton_collision = 0
            }
        )
        {
            int[] faceVertexCounts = [3, 3, 3, 3, 3, 3, 3, 3, 3, 3, 3, 3]
            int[] faceVertexIndices = [1, 3, 0, 4, 1, 0, 0, 3, 2, 2, 4, 0, 1, 7, 3, 5, 1, 4, 5, 7, 1, 3, 7, 2, 6, 4, 2, 2, 7, 6, 6, 5, 4, 7, 5, 6]
            rel material:binding = </Looks/M_99844c>
            point3f[] points = [(0.013225, -0.004, 0.00419), (0.013225, -0.004, 0.00441), (0.013225, -0.002, 0.00419), (0.013225, -0.002, 0.00441), (0.013775, -0.004, 0.00419), (0.013775, -0.004, 0.00441), (0.013775, -0.002, 0.00419), (0.013775, -0.002, 0.00441)]
            color3f[] primvars:displayColor = [(0.6, 0.52, 0.3)]
            uniform token subdivisionScheme = "none"
        }

        def Mesh "contact_recess_18" (
            prepend apiSchemas = ["MaterialBindingAPI"]
            customData = {
                bool newton_collision = 0
            }
        )
        {
            int[] faceVertexCounts = [3, 3, 3, 3, 3, 3, 3, 3, 3, 3, 3, 3]
            int[] faceVertexIndices = [1, 3, 0, 4, 1, 0, 0, 3, 2, 2, 4, 0, 1, 7, 3, 5, 1, 4, 5, 7, 1, 3, 7, 2, 6, 4, 2, 2, 7, 6, 6, 5, 4, 7, 5, 6]
            rel material:binding = </Looks/M_18191c>
            point3f[] points = [(0.0147, -0.005, 0.00405), (0.0147, -0.005, 0.00425), (0.0147, -0.001, 0.00405), (0.0147, -0.001, 0.00425), (0.0159, -0.005, 0.00405), (0.0159, -0.005, 0.00425), (0.0159, -0.001, 0.00405), (0.0159, -0.001, 0.00425)]
            color3f[] primvars:displayColor = [(0.095, 0.1, 0.11)]
            uniform token subdivisionScheme = "none"
        }

        def Mesh "contact_tip_18" (
            prepend apiSchemas = ["MaterialBindingAPI"]
            customData = {
                bool newton_collision = 0
            }
        )
        {
            int[] faceVertexCounts = [3, 3, 3, 3, 3, 3, 3, 3, 3, 3, 3, 3]
            int[] faceVertexIndices = [1, 3, 0, 4, 1, 0, 0, 3, 2, 2, 4, 0, 1, 7, 3, 5, 1, 4, 5, 7, 1, 3, 7, 2, 6, 4, 2, 2, 7, 6, 6, 5, 4, 7, 5, 6]
            rel material:binding = </Looks/M_99844c>
            point3f[] points = [(0.015025, -0.004, 0.00419), (0.015025, -0.004, 0.00441), (0.015025, -0.002, 0.00419), (0.015025, -0.002, 0.00441), (0.015575, -0.004, 0.00419), (0.015575, -0.004, 0.00441), (0.015575, -0.002, 0.00419), (0.015575, -0.002, 0.00441)]
            color3f[] primvars:displayColor = [(0.6, 0.52, 0.3)]
            uniform token subdivisionScheme = "none"
        }

        def Mesh "contact_recess_19" (
            prepend apiSchemas = ["MaterialBindingAPI"]
            customData = {
                bool newton_collision = 0
            }
        )
        {
            int[] faceVertexCounts = [3, 3, 3, 3, 3, 3, 3, 3, 3, 3, 3, 3]
            int[] faceVertexIndices = [1, 3, 0, 4, 1, 0, 0, 3, 2, 2, 4, 0, 1, 7, 3, 5, 1, 4, 5, 7, 1, 3, 7, 2, 6, 4, 2, 2, 7, 6, 6, 5, 4, 7, 5, 6]
            rel material:binding = </Looks/M_18191c>
            point3f[] points = [(0.0165, -0.005, 0.00405), (0.0165, -0.005, 0.00425), (0.0165, -0.001, 0.00405), (0.0165, -0.001, 0.00425), (0.0177, -0.005, 0.00405), (0.0177, -0.005, 0.00425), (0.0177, -0.001, 0.00405), (0.0177, -0.001, 0.00425)]
            color3f[] primvars:displayColor = [(0.095, 0.1, 0.11)]
            uniform token subdivisionScheme = "none"
        }

        def Mesh "contact_tip_19" (
            prepend apiSchemas = ["MaterialBindingAPI"]
            customData = {
                bool newton_collision = 0
            }
        )
        {
            int[] faceVertexCounts = [3, 3, 3, 3, 3, 3, 3, 3, 3, 3, 3, 3]
            int[] faceVertexIndices = [1, 3, 0, 4, 1, 0, 0, 3, 2, 2, 4, 0, 1, 7, 3, 5, 1, 4, 5, 7, 1, 3, 7, 2, 6, 4, 2, 2, 7, 6, 6, 5, 4, 7, 5, 6]
            rel material:binding = </Looks/M_99844c>
            point3f[] points = [(0.016825, -0.004, 0.00419), (0.016825, -0.004, 0.00441), (0.016825, -0.002, 0.00419), (0.016825, -0.002, 0.00441), (0.017375, -0.004, 0.00419), (0.017375, -0.004, 0.00441), (0.017375, -0.002, 0.00419), (0.017375, -0.002, 0.00441)]
            color3f[] primvars:displayColor = [(0.6, 0.52, 0.3)]
            uniform token subdivisionScheme = "none"
        }
    }

    def Xform "FixedReceiver"
    {
        matrix4d xformOp:transform = ( (1, 0, 0, 0), (0, 1, 0, 0), (0, 0, 1, 0), (0, -0.017999999225139618, 0.024000000208616257, 1) )
        uniform token[] xformOpOrder = ["xformOp:transform"]

        def Mesh "cradle_floor" (
            prepend apiSchemas = ["MaterialBindingAPI"]
            customData = {
                bool newton_collision = 1
            }
        )
        {
            int[] faceVertexCounts = [3, 3, 3, 3, 3, 3, 3, 3, 3, 3, 3, 3]
            int[] faceVertexIndices = [1, 3, 0, 4, 1, 0, 0, 3, 2, 2, 4, 0, 1, 7, 3, 5, 1, 4, 5, 7, 1, 3, 7, 2, 6, 4, 2, 2, 7, 6, 6, 5, 4, 7, 5, 6]
            rel material:binding = </Looks/M_080b0d>
            point3f[] points = [(-0.025, -0.002, -0.0025), (-0.025, -0.002, 0.0025), (-0.025, 0.038, -0.0025), (-0.025, 0.038, 0.0025), (0.025, -0.002, -0.0025), (0.025, -0.002, 0.0025), (0.025, 0.038, -0.0025), (0.025, 0.038, 0.0025)]
            color3f[] primvars:displayColor = [(0.035, 0.045, 0.052)]
            uniform token subdivisionScheme = "none"
        }

        def Mesh "left_guide" (
            prepend apiSchemas = ["MaterialBindingAPI"]
            customData = {
                bool newton_collision = 1
            }
        )
        {
            int[] faceVertexCounts = [3, 3, 3, 3, 3, 3, 3, 3, 3, 3, 3, 3]
            int[] faceVertexIndices = [1, 3, 0, 4, 1, 0, 0, 3, 2, 2, 4, 0, 1, 7, 3, 5, 1, 4, 5, 7, 1, 3, 7, 2, 6, 4, 2, 2, 7, 6, 6, 5, 4, 7, 5, 6]
            rel material:binding = </Looks/M_080b0d>
            point3f[] points = [(-0.0255, 0.0005, 0), (-0.0255, 0.0005, 0.01), (-0.0255, 0.0355, 0), (-0.0255, 0.0355, 0.01), (-0.0225, 0.0005, 0), (-0.0225, 0.0005, 0.01), (-0.0225, 0.0355, 0), (-0.0225, 0.0355, 0.01)]
            color3f[] primvars:displayColor = [(0.035, 0.045, 0.052)]
            uniform token subdivisionScheme = "none"
        }

        def Mesh "right_guide" (
            prepend apiSchemas = ["MaterialBindingAPI"]
            customData = {
                bool newton_collision = 1
            }
        )
        {
            int[] faceVertexCounts = [3, 3, 3, 3, 3, 3, 3, 3, 3, 3, 3, 3]
            int[] faceVertexIndices = [1, 3, 0, 4, 1, 0, 0, 3, 2, 2, 4, 0, 1, 7, 3, 5, 1, 4, 5, 7, 1, 3, 7, 2, 6, 4, 2, 2, 7, 6, 6, 5, 4, 7, 5, 6]
            rel material:binding = </Looks/M_080b0d>
            point3f[] points = [(0.0225, 0.0005, 0), (0.0225, 0.0005, 0.01), (0.0225, 0.0355, 0), (0.0225, 0.0355, 0.01), (0.0255, 0.0005, 0), (0.0255, 0.0005, 0.01), (0.0255, 0.0355, 0), (0.0255, 0.0355, 0.01)]
            color3f[] primvars:displayColor = [(0.035, 0.045, 0.052)]
            uniform token subdivisionScheme = "none"
        }

        def Mesh "front_stop" (
            prepend apiSchemas = ["MaterialBindingAPI"]
            customData = {
                bool newton_collision = 1
            }
        )
        {
            int[] faceVertexCounts = [3, 3, 3, 3, 3, 3, 3, 3, 3, 3, 3, 3]
            int[] faceVertexIndices = [1, 3, 0, 4, 1, 0, 0, 3, 2, 2, 4, 0, 1, 7, 3, 5, 1, 4, 5, 7, 1, 3, 7, 2, 6, 4, 2, 2, 7, 6, 6, 5, 4, 7, 5, 6]
            rel material:binding = </Looks/M_080b0d>
            point3f[] points = [(-0.0215, 0.002, 0), (-0.0215, 0.002, 0.01), (-0.0215, 0.004, 0), (-0.0215, 0.004, 0.01), (0.0215, 0.002, 0), (0.0215, 0.002, 0.01), (0.0215, 0.004, 0), (0.0215, 0.004, 0.01)]
            color3f[] primvars:displayColor = [(0.035, 0.045, 0.052)]
            uniform token subdivisionScheme = "none"
        }

        def Mesh "rear_stop" (
            prepend apiSchemas = ["MaterialBindingAPI"]
            customData = {
                bool newton_collision = 1
            }
        )
        {
            int[] faceVertexCounts = [3, 3, 3, 3, 3, 3, 3, 3, 3, 3, 3, 3]
            int[] faceVertexIndices = [1, 3, 0, 4, 1, 0, 0, 3, 2, 2, 4, 0, 1, 7, 3, 5, 1, 4, 5, 7, 1, 3, 7, 2, 6, 4, 2, 2, 7, 6, 6, 5, 4, 7, 5, 6]
            rel material:binding = </Looks/M_080b0d>
            point3f[] points = [(-0.0215, 0.0335, 0), (-0.0215, 0.0335, 0.01), (-0.0215, 0.0355, 0), (-0.0215, 0.0355, 0.01), (0.0215, 0.0335, 0), (0.0215, 0.0335, 0.01), (0.0215, 0.0355, 0), (0.0215, 0.0355, 0.01)]
            color3f[] primvars:displayColor = [(0.035, 0.045, 0.052)]
            uniform token subdivisionScheme = "none"
        }

        def Mesh "guide_screw_m1" (
            prepend apiSchemas = ["MaterialBindingAPI"]
            customData = {
                bool newton_collision = 0
            }
        )
        {
            int[] faceVertexCounts = [3, 3, 3, 3, 3, 3, 3, 3, 3, 3, 3, 3, 3, 3, 3, 3, 3, 3, 3, 3, 3, 3, 3, 3, 3, 3, 3, 3, 3, 3, 3, 3, 3, 3, 3, 3, 3, 3, 3, 3, 3, 3, 3, 3, 3, 3, 3, 3, 3, 3, 3, 3, 3, 3, 3, 3, 3, 3, 3, 3, 3, 3, 3, 3, 3, 3, 3, 3, 3, 3, 3, 3, 3, 3, 3, 3, 3, 3, 3, 3, 3, 3, 3, 3, 3, 3, 3, 3, 3, 3, 3, 3, 3, 3, 3, 3, 3, 3, 3, 3, 3, 3, 3, 3, 3, 3, 3, 3, 3, 3, 3, 3, 3, 3, 3, 3, 3, 3, 3, 3, 3, 3, 3, 3, 3, 3, 3, 3]
            int[] faceVertexIndices = [1, 0, 4, 1, 4, 2, 2, 4, 5, 2, 5, 3, 4, 0, 6, 4, 6, 5, 5, 6, 7, 5, 7, 3, 6, 0, 8, 6, 8, 7, 7, 8, 9, 7, 9, 3, 8, 0, 10, 8, 10, 9, 9, 10, 11, 9, 11, 3, 10, 0, 12, 10, 12, 11, 11, 12, 13, 11, 13, 3, 12, 0, 14, 12, 14, 13, 13, 14, 15, 13, 15, 3, 14, 0, 16, 14, 16, 15, 15, 16, 17, 15, 17, 3, 16, 0, 18, 16, 18, 17, 17, 18, 19, 17, 19, 3, 18, 0, 20, 18, 20, 19, 19, 20, 21, 19, 21, 3, 20, 0, 22, 20, 22, 21, 21, 22, 23, 21, 23, 3, 22, 0, 24, 22, 24, 23, 23, 24, 25, 23, 25, 3, 24, 0, 26, 24, 26, 25, 25, 26, 27, 25, 27, 3, 26, 0, 28, 26, 28, 27, 27, 28, 29, 27, 29, 3, 28, 0, 30, 28, 30, 29, 29, 30, 31, 29, 31, 3, 30, 0, 32, 30, 32, 31, 31, 32, 33, 31, 33, 3, 32, 0, 34, 32, 34, 33, 33, 34, 35, 33, 35, 3, 34, 0, 36, 34, 36, 35, 35, 36, 37, 35, 37, 3, 36, 0, 38, 36, 38, 37, 37, 38, 39, 37, 39, 3, 38, 0, 40, 38, 40, 39, 39, 40, 41, 39, 41, 3, 40, 0, 42, 40, 42, 41, 41, 42, 43, 41, 43, 3, 42, 0, 44, 42, 44, 43, 43, 44, 45, 43, 45, 3, 44, 0, 46, 44, 46, 45, 45, 46, 47, 45, 47, 3, 46, 0, 48, 46, 48, 47, 47, 48, 49, 47, 49, 3, 48, 0, 50, 48, 50, 49, 49, 50, 51, 49, 51, 3, 50, 0, 52, 50, 52, 51, 51, 52, 53, 51, 53, 3, 52, 0, 54, 52, 54, 53, 53, 54, 55, 53, 55, 3, 54, 0, 56, 54, 56, 55, 55, 56, 57, 55, 57, 3, 56, 0, 58, 56, 58, 57, 57, 58, 59, 57, 59, 3, 58, 0, 60, 58, 60, 59, 59, 60, 61, 59, 61, 3, 60, 0, 62, 60, 62, 61, 61, 62, 63, 61, 63, 3, 62, 0, 64, 62, 64, 63, 63, 64, 65, 63, 65, 3, 64, 0, 1, 64, 1, 65, 65, 1, 2, 65, 2, 3]
            rel material:binding = </Looks/M_9ea8b2>
            point3f[] points = [(-0.024, 0.008, 0.0103), (-0.0215, 0.008, 0.0103), (-0.0215, 0.008, 0.0113), (-0.024, 0.008, 0.0113), (-0.021548036, 0.008487726, 0.0103), (-0.021548036, 0.008487726, 0.0113), (-0.021690302, 0.008956709, 0.0103), (-0.021690302, 0.008956709, 0.0113), (-0.021921325, 0.0093889255, 0.0103), (-0.021921325, 0.0093889255, 0.0113), (-0.022232233, 0.009767767, 0.0103), (-0.022232233, 0.009767767, 0.0113), (-0.022611074, 0.010078674, 0.0103), (-0.022611074, 0.010078674, 0.0113), (-0.023043292, 0.010309699, 0.0103), (-0.023043292, 0.010309699, 0.0113), (-0.023512274, 0.010451963, 0.0103), (-0.023512274, 0.010451963, 0.0113), (-0.024, 0.0105, 0.0103), (-0.024, 0.0105, 0.0113), (-0.024487726, 0.010451963, 0.0103), (-0.024487726, 0.010451963, 0.0113), (-0.024956709, 0.010309699, 0.0103), (-0.024956709, 0.010309699, 0.0113), (-0.025388926, 0.010078674, 0.0103), (-0.025388926, 0.010078674, 0.0113), (-0.025767768, 0.009767767, 0.0103), (-0.025767768, 0.009767767, 0.0113), (-0.026078675, 0.0093889255, 0.0103), (-0.026078675, 0.0093889255, 0.0113), (-0.026309699, 0.008956709, 0.0103), (-0.026309699, 0.008956709, 0.0113), (-0.026451964, 0.008487726, 0.0103), (-0.026451964, 0.008487726, 0.0113), (-0.0265, 0.008, 0.0103), (-0.0265, 0.008, 0.0113), (-0.026451964, 0.007512274, 0.0103), (-0.026451964, 0.007512274, 0.0113), (-0.026309699, 0.0070432913, 0.0103), (-0.026309699, 0.0070432913, 0.0113), (-0.026078675, 0.0066110743, 0.0103), (-0.026078675, 0.0066110743, 0.0113), (-0.025767768, 0.0062322333, 0.0103), (-0.025767768, 0.0062322333, 0.0113), (-0.025388926, 0.005921326, 0.0103), (-0.025388926, 0.005921326, 0.0113), (-0.024956709, 0.0056903013, 0.0103), (-0.024956709, 0.0056903013, 0.0113), (-0.024487726, 0.0055480367, 0.0103), (-0.024487726, 0.0055480367, 0.0113), (-0.024, 0.0055, 0.0103), (-0.024, 0.0055, 0.0113), (-0.023512274, 0.0055480367, 0.0103), (-0.023512274, 0.0055480367, 0.0113), (-0.023043292, 0.0056903013, 0.0103), (-0.023043292, 0.0056903013, 0.0113), (-0.022611074, 0.005921326, 0.0103), (-0.022611074, 0.005921326, 0.0113), (-0.022232233, 0.0062322333, 0.0103), (-0.022232233, 0.0062322333, 0.0113), (-0.021921325, 0.0066110743, 0.0103), (-0.021921325, 0.0066110743, 0.0113), (-0.021690302, 0.0070432913, 0.0103), (-0.021690302, 0.0070432913, 0.0113), (-0.021548036, 0.007512274, 0.0103), (-0.021548036, 0.007512274, 0.0113)]
            color3f[] primvars:displayColor = [(0.62, 0.66, 0.7)]
            uniform token subdivisionScheme = "none"
        }

        def Mesh "guide_screw_1" (
            prepend apiSchemas = ["MaterialBindingAPI"]
            customData = {
                bool newton_collision = 0
            }
        )
        {
            int[] faceVertexCounts = [3, 3, 3, 3, 3, 3, 3, 3, 3, 3, 3, 3, 3, 3, 3, 3, 3, 3, 3, 3, 3, 3, 3, 3, 3, 3, 3, 3, 3, 3, 3, 3, 3, 3, 3, 3, 3, 3, 3, 3, 3, 3, 3, 3, 3, 3, 3, 3, 3, 3, 3, 3, 3, 3, 3, 3, 3, 3, 3, 3, 3, 3, 3, 3, 3, 3, 3, 3, 3, 3, 3, 3, 3, 3, 3, 3, 3, 3, 3, 3, 3, 3, 3, 3, 3, 3, 3, 3, 3, 3, 3, 3, 3, 3, 3, 3, 3, 3, 3, 3, 3, 3, 3, 3, 3, 3, 3, 3, 3, 3, 3, 3, 3, 3, 3, 3, 3, 3, 3, 3, 3, 3, 3, 3, 3, 3, 3, 3]
            int[] faceVertexIndices = [1, 0, 4, 1, 4, 2, 2, 4, 5, 2, 5, 3, 4, 0, 6, 4, 6, 5, 5, 6, 7, 5, 7, 3, 6, 0, 8, 6, 8, 7, 7, 8, 9, 7, 9, 3, 8, 0, 10, 8, 10, 9, 9, 10, 11, 9, 11, 3, 10, 0, 12, 10, 12, 11, 11, 12, 13, 11, 13, 3, 12, 0, 14, 12, 14, 13, 13, 14, 15, 13, 15, 3, 14, 0, 16, 14, 16, 15, 15, 16, 17, 15, 17, 3, 16, 0, 18, 16, 18, 17, 17, 18, 19, 17, 19, 3, 18, 0, 20, 18, 20, 19, 19, 20, 21, 19, 21, 3, 20, 0, 22, 20, 22, 21, 21, 22, 23, 21, 23, 3, 22, 0, 24, 22, 24, 23, 23, 24, 25, 23, 25, 3, 24, 0, 26, 24, 26, 25, 25, 26, 27, 25, 27, 3, 26, 0, 28, 26, 28, 27, 27, 28, 29, 27, 29, 3, 28, 0, 30, 28, 30, 29, 29, 30, 31, 29, 31, 3, 30, 0, 32, 30, 32, 31, 31, 32, 33, 31, 33, 3, 32, 0, 34, 32, 34, 33, 33, 34, 35, 33, 35, 3, 34, 0, 36, 34, 36, 35, 35, 36, 37, 35, 37, 3, 36, 0, 38, 36, 38, 37, 37, 38, 39, 37, 39, 3, 38, 0, 40, 38, 40, 39, 39, 40, 41, 39, 41, 3, 40, 0, 42, 40, 42, 41, 41, 42, 43, 41, 43, 3, 42, 0, 44, 42, 44, 43, 43, 44, 45, 43, 45, 3, 44, 0, 46, 44, 46, 45, 45, 46, 47, 45, 47, 3, 46, 0, 48, 46, 48, 47, 47, 48, 49, 47, 49, 3, 48, 0, 50, 48, 50, 49, 49, 50, 51, 49, 51, 3, 50, 0, 52, 50, 52, 51, 51, 52, 53, 51, 53, 3, 52, 0, 54, 52, 54, 53, 53, 54, 55, 53, 55, 3, 54, 0, 56, 54, 56, 55, 55, 56, 57, 55, 57, 3, 56, 0, 58, 56, 58, 57, 57, 58, 59, 57, 59, 3, 58, 0, 60, 58, 60, 59, 59, 60, 61, 59, 61, 3, 60, 0, 62, 60, 62, 61, 61, 62, 63, 61, 63, 3, 62, 0, 64, 62, 64, 63, 63, 64, 65, 63, 65, 3, 64, 0, 1, 64, 1, 65, 65, 1, 2, 65, 2, 3]
            rel material:binding = </Looks/M_9ea8b2>
            point3f[] points = [(0.024, 0.008, 0.0103), (0.0265, 0.008, 0.0103), (0.0265, 0.008, 0.0113), (0.024, 0.008, 0.0113), (0.026451964, 0.008487726, 0.0103), (0.026451964, 0.008487726, 0.0113), (0.026309699, 0.008956709, 0.0103), (0.026309699, 0.008956709, 0.0113), (0.026078675, 0.0093889255, 0.0103), (0.026078675, 0.0093889255, 0.0113), (0.025767768, 0.009767767, 0.0103), (0.025767768, 0.009767767, 0.0113), (0.025388926, 0.010078674, 0.0103), (0.025388926, 0.010078674, 0.0113), (0.024956709, 0.010309699, 0.0103), (0.024956709, 0.010309699, 0.0113), (0.024487726, 0.010451963, 0.0103), (0.024487726, 0.010451963, 0.0113), (0.024, 0.0105, 0.0103), (0.024, 0.0105, 0.0113), (0.023512274, 0.010451963, 0.0103), (0.023512274, 0.010451963, 0.0113), (0.023043292, 0.010309699, 0.0103), (0.023043292, 0.010309699, 0.0113), (0.022611074, 0.010078674, 0.0103), (0.022611074, 0.010078674, 0.0113), (0.022232233, 0.009767767, 0.0103), (0.022232233, 0.009767767, 0.0113), (0.021921325, 0.0093889255, 0.0103), (0.021921325, 0.0093889255, 0.0113), (0.021690302, 0.008956709, 0.0103), (0.021690302, 0.008956709, 0.0113), (0.021548036, 0.008487726, 0.0103), (0.021548036, 0.008487726, 0.0113), (0.0215, 0.008, 0.0103), (0.0215, 0.008, 0.0113), (0.021548036, 0.007512274, 0.0103), (0.021548036, 0.007512274, 0.0113), (0.021690302, 0.0070432913, 0.0103), (0.021690302, 0.0070432913, 0.0113), (0.021921325, 0.0066110743, 0.0103), (0.021921325, 0.0066110743, 0.0113), (0.022232233, 0.0062322333, 0.0103), (0.022232233, 0.0062322333, 0.0113), (0.022611074, 0.005921326, 0.0103), (0.022611074, 0.005921326, 0.0113), (0.023043292, 0.0056903013, 0.0103), (0.023043292, 0.0056903013, 0.0113), (0.023512274, 0.0055480367, 0.0103), (0.023512274, 0.0055480367, 0.0113), (0.024, 0.0055, 0.0103), (0.024, 0.0055, 0.0113), (0.024487726, 0.0055480367, 0.0103), (0.024487726, 0.0055480367, 0.0113), (0.024956709, 0.0056903013, 0.0103), (0.024956709, 0.0056903013, 0.0113), (0.025388926, 0.005921326, 0.0103), (0.025388926, 0.005921326, 0.0113), (0.025767768, 0.0062322333, 0.0103), (0.025767768, 0.0062322333, 0.0113), (0.026078675, 0.0066110743, 0.0103), (0.026078675, 0.0066110743, 0.0113), (0.026309699, 0.0070432913, 0.0103), (0.026309699, 0.0070432913, 0.0113), (0.026451964, 0.007512274, 0.0103), (0.026451964, 0.007512274, 0.0113)]
            color3f[] primvars:displayColor = [(0.62, 0.66, 0.7)]
            uniform token subdivisionScheme = "none"
        }

        def Mesh "front_latch_face" (
            prepend apiSchemas = ["MaterialBindingAPI"]
            customData = {
                bool newton_collision = 0
            }
        )
        {
            int[] faceVertexCounts = [3, 3, 3, 3, 3, 3, 3, 3, 3, 3, 3, 3]
            int[] faceVertexIndices = [1, 3, 0, 4, 1, 0, 0, 3, 2, 2, 4, 0, 1, 7, 3, 5, 1, 4, 5, 7, 1, 3, 7, 2, 6, 4, 2, 2, 7, 6, 6, 5, 4, 7, 5, 6]
            rel material:binding = </Looks/M_080b0d>
            point3f[] points = [(-0.0045, -0.004, 0.0005), (-0.0045, -0.004, 0.0055), (-0.0045, -0.002, 0.0005), (-0.0045, -0.002, 0.0055), (0.0045, -0.004, 0.0005), (0.0045, -0.004, 0.0055), (0.0045, -0.002, 0.0005), (0.0045, -0.002, 0.0055)]
            color3f[] primvars:displayColor = [(0.035, 0.045, 0.052)]
            uniform token subdivisionScheme = "none"
        }

        def Mesh "latch_indicator" (
            prepend apiSchemas = ["MaterialBindingAPI"]
            customData = {
                bool newton_collision = 0
            }
        )
        {
            int[] faceVertexCounts = [3, 3, 3, 3, 3, 3, 3, 3, 3, 3, 3, 3]
            int[] faceVertexIndices = [1, 3, 0, 4, 1, 0, 0, 3, 2, 2, 4, 0, 1, 7, 3, 5, 1, 4, 5, 7, 1, 3, 7, 2, 6, 4, 2, 2, 7, 6, 6, 5, 4, 7, 5, 6]
            rel material:binding = </Looks/M_9ea8b2>
            point3f[] points = [(-0.0015, -0.0044, 0.0021), (-0.0015, -0.0044, 0.0039), (-0.0015, -0.004, 0.0021), (-0.0015, -0.004, 0.0039), (0.0015, -0.0044, 0.0021), (0.0015, -0.0044, 0.0039), (0.0015, -0.004, 0.0021), (0.0015, -0.004, 0.0039)]
            color3f[] primvars:displayColor = [(0.62, 0.66, 0.7)]
            uniform token subdivisionScheme = "none"
        }
    }

    def Xform "CableEndPlug"
    {
        matrix4d xformOp:transform = ( (1, 1.7429647371561042e-10, 9.233051949708456e-10, 0), (-5.431627259600122e-10, 0.9090558688975672, 0.4166742489039965, 0), (-7.667111561321749e-10, -0.4166742489039965, 0.9090558688975672, 0), (-8.191809452995358e-10, 0.008034804835915565, 0.08583897352218628, 1) )
        uniform token[] xformOpOrder = ["xformOp:transform"]

        def Mesh "housing" (
            prepend apiSchemas = ["MaterialBindingAPI"]
            customData = {
                bool newton_collision = 1
            }
        )
        {
            int[] faceVertexCounts = [3, 3, 3, 3, 3, 3, 3, 3, 3, 3, 3, 3]
            int[] faceVertexIndices = [1, 3, 0, 4, 1, 0, 0, 3, 2, 2, 4, 0, 1, 7, 3, 5, 1, 4, 5, 7, 1, 3, 7, 2, 6, 4, 2, 2, 7, 6, 6, 5, 4, 7, 5, 6]
            rel material:binding = </Looks/M_b7bfc4>
            point3f[] points = [(-0.021, -0.0135, -0.004), (-0.021, -0.0135, 0.004), (-0.021, 0.0135, -0.004), (-0.021, 0.0135, 0.004), (0.021, -0.0135, -0.004), (0.021, -0.0135, 0.004), (0.021, 0.0135, -0.004), (0.021, 0.0135, 0.004)]
            color3f[] primvars:displayColor = [(0.72, 0.75, 0.77)]
            uniform token subdivisionScheme = "none"
        }

        def Mesh "top_ridge" (
            prepend apiSchemas = ["MaterialBindingAPI"]
            customData = {
                bool newton_collision = 0
            }
        )
        {
            int[] faceVertexCounts = [3, 3, 3, 3, 3, 3, 3, 3, 3, 3, 3, 3]
            int[] faceVertexIndices = [1, 3, 0, 4, 1, 0, 0, 3, 2, 2, 4, 0, 1, 7, 3, 5, 1, 4, 5, 7, 1, 3, 7, 2, 6, 4, 2, 2, 7, 6, 6, 5, 4, 7, 5, 6]
            rel material:binding = </Looks/M_b7bfc4>
            point3f[] points = [(-0.0215, -0.013, 0.004), (-0.0215, -0.013, 0.006), (-0.0215, -0.011, 0.004), (-0.0215, -0.011, 0.006), (0.0215, -0.013, 0.004), (0.0215, -0.013, 0.006), (0.0215, -0.011, 0.004), (0.0215, -0.011, 0.006)]
            color3f[] primvars:displayColor = [(0.72, 0.75, 0.77)]
            uniform token subdivisionScheme = "none"
        }

        def Mesh "rear_ridge" (
            prepend apiSchemas = ["MaterialBindingAPI"]
            customData = {
                bool newton_collision = 0
            }
        )
        {
            int[] faceVertexCounts = [3, 3, 3, 3, 3, 3, 3, 3, 3, 3, 3, 3]
            int[] faceVertexIndices = [1, 3, 0, 4, 1, 0, 0, 3, 2, 2, 4, 0, 1, 7, 3, 5, 1, 4, 5, 7, 1, 3, 7, 2, 6, 4, 2, 2, 7, 6, 6, 5, 4, 7, 5, 6]
            rel material:binding = </Looks/M_b7bfc4>
            point3f[] points = [(-0.0215, 0.011, 0.004), (-0.0215, 0.011, 0.006), (-0.0215, 0.013, 0.004), (-0.0215, 0.013, 0.006), (0.0215, 0.011, 0.004), (0.0215, 0.011, 0.006), (0.0215, 0.013, 0.004), (0.0215, 0.013, 0.006)]
            color3f[] primvars:displayColor = [(0.72, 0.75, 0.77)]
            uniform token subdivisionScheme = "none"
        }

        def Mesh "blue_wire_support" (
            prepend apiSchemas = ["MaterialBindingAPI"]
            customData = {
                bool newton_collision = 0
            }
        )
        {
            int[] faceVertexCounts = [3, 3, 3, 3, 3, 3, 3, 3, 3, 3, 3, 3]
            int[] faceVertexIndices = [1, 3, 0, 4, 1, 0, 0, 3, 2, 2, 4, 0, 1, 7, 3, 5, 1, 4, 5, 7, 1, 3, 7, 2, 6, 4, 2, 2, 7, 6, 6, 5, 4, 7, 5, 6]
            rel material:binding = </Looks/M_0b309e>
            point3f[] points = [(-0.01, 0.006, 0.004), (-0.01, 0.006, 0.011), (-0.01, 0.012, 0.004), (-0.01, 0.012, 0.011), (0.01, 0.006, 0.004), (0.01, 0.006, 0.011), (0.01, 0.012, 0.004), (0.01, 0.012, 0.011)]
            color3f[] primvars:displayColor = [(0.045, 0.19, 0.62)]
            uniform token subdivisionScheme = "none"
        }

        def Mesh "end_key_m1" (
            prepend apiSchemas = ["MaterialBindingAPI"]
            customData = {
                bool newton_collision = 1
            }
        )
        {
            int[] faceVertexCounts = [3, 3, 3, 3, 3, 3, 3, 3, 3, 3, 3, 3]
            int[] faceVertexIndices = [1, 3, 0, 4, 1, 0, 0, 3, 2, 2, 4, 0, 1, 7, 3, 5, 1, 4, 5, 7, 1, 3, 7, 2, 6, 4, 2, 2, 7, 6, 6, 5, 4, 7, 5, 6]
            rel material:binding = </Looks/M_b7bfc4>
            point3f[] points = [(-0.022, -0.0075, -0.002), (-0.022, -0.0075, 0.002), (-0.022, 0.0075, -0.002), (-0.022, 0.0075, 0.002), (-0.021, -0.0075, -0.002), (-0.021, -0.0075, 0.002), (-0.021, 0.0075, -0.002), (-0.021, 0.0075, 0.002)]
            color3f[] primvars:displayColor = [(0.72, 0.75, 0.77)]
            uniform token subdivisionScheme = "none"
        }

        def Mesh "grip_ear_m1" (
            prepend apiSchemas = ["MaterialBindingAPI"]
            customData = {
                bool newton_collision = 0
            }
        )
        {
            int[] faceVertexCounts = [3, 3, 3, 3, 3, 3, 3, 3, 3, 3, 3, 3]
            int[] faceVertexIndices = [1, 3, 0, 4, 1, 0, 0, 3, 2, 2, 4, 0, 1, 7, 3, 5, 1, 4, 5, 7, 1, 3, 7, 2, 6, 4, 2, 2, 7, 6, 6, 5, 4, 7, 5, 6]
            rel material:binding = </Looks/M_b7bfc4>
            point3f[] points = [(-0.0235, -0.003, 0.004), (-0.0235, -0.003, 0.006), (-0.0235, 0.003, 0.004), (-0.0235, 0.003, 0.006), (-0.0205, -0.003, 0.004), (-0.0205, -0.003, 0.006), (-0.0205, 0.003, 0.004), (-0.0205, 0.003, 0.006)]
            color3f[] primvars:displayColor = [(0.72, 0.75, 0.77)]
            uniform token subdivisionScheme = "none"
        }

        def Mesh "end_key_1" (
            prepend apiSchemas = ["MaterialBindingAPI"]
            customData = {
                bool newton_collision = 1
            }
        )
        {
            int[] faceVertexCounts = [3, 3, 3, 3, 3, 3, 3, 3, 3, 3, 3, 3]
            int[] faceVertexIndices = [1, 3, 0, 4, 1, 0, 0, 3, 2, 2, 4, 0, 1, 7, 3, 5, 1, 4, 5, 7, 1, 3, 7, 2, 6, 4, 2, 2, 7, 6, 6, 5, 4, 7, 5, 6]
            rel material:binding = </Looks/M_b7bfc4>
            point3f[] points = [(0.021, -0.0075, -0.002), (0.021, -0.0075, 0.002), (0.021, 0.0075, -0.002), (0.021, 0.0075, 0.002), (0.022, -0.0075, -0.002), (0.022, -0.0075, 0.002), (0.022, 0.0075, -0.002), (0.022, 0.0075, 0.002)]
            color3f[] primvars:displayColor = [(0.72, 0.75, 0.77)]
            uniform token subdivisionScheme = "none"
        }

        def Mesh "grip_ear_1" (
            prepend apiSchemas = ["MaterialBindingAPI"]
            customData = {
                bool newton_collision = 0
            }
        )
        {
            int[] faceVertexCounts = [3, 3, 3, 3, 3, 3, 3, 3, 3, 3, 3, 3]
            int[] faceVertexIndices = [1, 3, 0, 4, 1, 0, 0, 3, 2, 2, 4, 0, 1, 7, 3, 5, 1, 4, 5, 7, 1, 3, 7, 2, 6, 4, 2, 2, 7, 6, 6, 5, 4, 7, 5, 6]
            rel material:binding = </Looks/M_b7bfc4>
            point3f[] points = [(0.0205, -0.003, 0.004), (0.0205, -0.003, 0.006), (0.0205, 0.003, 0.004), (0.0205, 0.003, 0.006), (0.0235, -0.003, 0.004), (0.0235, -0.003, 0.006), (0.0235, 0.003, 0.004), (0.0235, 0.003, 0.006)]
            color3f[] primvars:displayColor = [(0.72, 0.75, 0.77)]
            uniform token subdivisionScheme = "none"
        }

        def Mesh "contact_recess_00" (
            prepend apiSchemas = ["MaterialBindingAPI"]
            customData = {
                bool newton_collision = 0
            }
        )
        {
            int[] faceVertexCounts = [3, 3, 3, 3, 3, 3, 3, 3, 3, 3, 3, 3]
            int[] faceVertexIndices = [1, 3, 0, 4, 1, 0, 0, 3, 2, 2, 4, 0, 1, 7, 3, 5, 1, 4, 5, 7, 1, 3, 7, 2, 6, 4, 2, 2, 7, 6, 6, 5, 4, 7, 5, 6]
            rel material:binding = </Looks/M_18191c>
            point3f[] points = [(-0.0177, -0.005, 0.00405), (-0.0177, -0.005, 0.00425), (-0.0177, -0.001, 0.00405), (-0.0177, -0.001, 0.00425), (-0.0165, -0.005, 0.00405), (-0.0165, -0.005, 0.00425), (-0.0165, -0.001, 0.00405), (-0.0165, -0.001, 0.00425)]
            color3f[] primvars:displayColor = [(0.095, 0.1, 0.11)]
            uniform token subdivisionScheme = "none"
        }

        def Mesh "contact_tip_00" (
            prepend apiSchemas = ["MaterialBindingAPI"]
            customData = {
                bool newton_collision = 0
            }
        )
        {
            int[] faceVertexCounts = [3, 3, 3, 3, 3, 3, 3, 3, 3, 3, 3, 3]
            int[] faceVertexIndices = [1, 3, 0, 4, 1, 0, 0, 3, 2, 2, 4, 0, 1, 7, 3, 5, 1, 4, 5, 7, 1, 3, 7, 2, 6, 4, 2, 2, 7, 6, 6, 5, 4, 7, 5, 6]
            rel material:binding = </Looks/M_99844c>
            point3f[] points = [(-0.017375, -0.004, 0.00419), (-0.017375, -0.004, 0.00441), (-0.017375, -0.002, 0.00419), (-0.017375, -0.002, 0.00441), (-0.016825, -0.004, 0.00419), (-0.016825, -0.004, 0.00441), (-0.016825, -0.002, 0.00419), (-0.016825, -0.002, 0.00441)]
            color3f[] primvars:displayColor = [(0.6, 0.52, 0.3)]
            uniform token subdivisionScheme = "none"
        }

        def Mesh "contact_recess_01" (
            prepend apiSchemas = ["MaterialBindingAPI"]
            customData = {
                bool newton_collision = 0
            }
        )
        {
            int[] faceVertexCounts = [3, 3, 3, 3, 3, 3, 3, 3, 3, 3, 3, 3]
            int[] faceVertexIndices = [1, 3, 0, 4, 1, 0, 0, 3, 2, 2, 4, 0, 1, 7, 3, 5, 1, 4, 5, 7, 1, 3, 7, 2, 6, 4, 2, 2, 7, 6, 6, 5, 4, 7, 5, 6]
            rel material:binding = </Looks/M_18191c>
            point3f[] points = [(-0.0159, -0.005, 0.00405), (-0.0159, -0.005, 0.00425), (-0.0159, -0.001, 0.00405), (-0.0159, -0.001, 0.00425), (-0.0147, -0.005, 0.00405), (-0.0147, -0.005, 0.00425), (-0.0147, -0.001, 0.00405), (-0.0147, -0.001, 0.00425)]
            color3f[] primvars:displayColor = [(0.095, 0.1, 0.11)]
            uniform token subdivisionScheme = "none"
        }

        def Mesh "contact_tip_01" (
            prepend apiSchemas = ["MaterialBindingAPI"]
            customData = {
                bool newton_collision = 0
            }
        )
        {
            int[] faceVertexCounts = [3, 3, 3, 3, 3, 3, 3, 3, 3, 3, 3, 3]
            int[] faceVertexIndices = [1, 3, 0, 4, 1, 0, 0, 3, 2, 2, 4, 0, 1, 7, 3, 5, 1, 4, 5, 7, 1, 3, 7, 2, 6, 4, 2, 2, 7, 6, 6, 5, 4, 7, 5, 6]
            rel material:binding = </Looks/M_99844c>
            point3f[] points = [(-0.015575, -0.004, 0.00419), (-0.015575, -0.004, 0.00441), (-0.015575, -0.002, 0.00419), (-0.015575, -0.002, 0.00441), (-0.015025, -0.004, 0.00419), (-0.015025, -0.004, 0.00441), (-0.015025, -0.002, 0.00419), (-0.015025, -0.002, 0.00441)]
            color3f[] primvars:displayColor = [(0.6, 0.52, 0.3)]
            uniform token subdivisionScheme = "none"
        }

        def Mesh "contact_recess_02" (
            prepend apiSchemas = ["MaterialBindingAPI"]
            customData = {
                bool newton_collision = 0
            }
        )
        {
            int[] faceVertexCounts = [3, 3, 3, 3, 3, 3, 3, 3, 3, 3, 3, 3]
            int[] faceVertexIndices = [1, 3, 0, 4, 1, 0, 0, 3, 2, 2, 4, 0, 1, 7, 3, 5, 1, 4, 5, 7, 1, 3, 7, 2, 6, 4, 2, 2, 7, 6, 6, 5, 4, 7, 5, 6]
            rel material:binding = </Looks/M_18191c>
            point3f[] points = [(-0.0141, -0.005, 0.00405), (-0.0141, -0.005, 0.00425), (-0.0141, -0.001, 0.00405), (-0.0141, -0.001, 0.00425), (-0.0129, -0.005, 0.00405), (-0.0129, -0.005, 0.00425), (-0.0129, -0.001, 0.00405), (-0.0129, -0.001, 0.00425)]
            color3f[] primvars:displayColor = [(0.095, 0.1, 0.11)]
            uniform token subdivisionScheme = "none"
        }

        def Mesh "contact_tip_02" (
            prepend apiSchemas = ["MaterialBindingAPI"]
            customData = {
                bool newton_collision = 0
            }
        )
        {
            int[] faceVertexCounts = [3, 3, 3, 3, 3, 3, 3, 3, 3, 3, 3, 3]
            int[] faceVertexIndices = [1, 3, 0, 4, 1, 0, 0, 3, 2, 2, 4, 0, 1, 7, 3, 5, 1, 4, 5, 7, 1, 3, 7, 2, 6, 4, 2, 2, 7, 6, 6, 5, 4, 7, 5, 6]
            rel material:binding = </Looks/M_99844c>
            point3f[] points = [(-0.013775, -0.004, 0.00419), (-0.013775, -0.004, 0.00441), (-0.013775, -0.002, 0.00419), (-0.013775, -0.002, 0.00441), (-0.013225, -0.004, 0.00419), (-0.013225, -0.004, 0.00441), (-0.013225, -0.002, 0.00419), (-0.013225, -0.002, 0.00441)]
            color3f[] primvars:displayColor = [(0.6, 0.52, 0.3)]
            uniform token subdivisionScheme = "none"
        }

        def Mesh "contact_recess_03" (
            prepend apiSchemas = ["MaterialBindingAPI"]
            customData = {
                bool newton_collision = 0
            }
        )
        {
            int[] faceVertexCounts = [3, 3, 3, 3, 3, 3, 3, 3, 3, 3, 3, 3]
            int[] faceVertexIndices = [1, 3, 0, 4, 1, 0, 0, 3, 2, 2, 4, 0, 1, 7, 3, 5, 1, 4, 5, 7, 1, 3, 7, 2, 6, 4, 2, 2, 7, 6, 6, 5, 4, 7, 5, 6]
            rel material:binding = </Looks/M_18191c>
            point3f[] points = [(-0.0123, -0.005, 0.00405), (-0.0123, -0.005, 0.00425), (-0.0123, -0.001, 0.00405), (-0.0123, -0.001, 0.00425), (-0.0111, -0.005, 0.00405), (-0.0111, -0.005, 0.00425), (-0.0111, -0.001, 0.00405), (-0.0111, -0.001, 0.00425)]
            color3f[] primvars:displayColor = [(0.095, 0.1, 0.11)]
            uniform token subdivisionScheme = "none"
        }

        def Mesh "contact_tip_03" (
            prepend apiSchemas = ["MaterialBindingAPI"]
            customData = {
                bool newton_collision = 0
            }
        )
        {
            int[] faceVertexCounts = [3, 3, 3, 3, 3, 3, 3, 3, 3, 3, 3, 3]
            int[] faceVertexIndices = [1, 3, 0, 4, 1, 0, 0, 3, 2, 2, 4, 0, 1, 7, 3, 5, 1, 4, 5, 7, 1, 3, 7, 2, 6, 4, 2, 2, 7, 6, 6, 5, 4, 7, 5, 6]
            rel material:binding = </Looks/M_99844c>
            point3f[] points = [(-0.011975, -0.004, 0.00419), (-0.011975, -0.004, 0.00441), (-0.011975, -0.002, 0.00419), (-0.011975, -0.002, 0.00441), (-0.011425, -0.004, 0.00419), (-0.011425, -0.004, 0.00441), (-0.011425, -0.002, 0.00419), (-0.011425, -0.002, 0.00441)]
            color3f[] primvars:displayColor = [(0.6, 0.52, 0.3)]
            uniform token subdivisionScheme = "none"
        }

        def Mesh "contact_recess_04" (
            prepend apiSchemas = ["MaterialBindingAPI"]
            customData = {
                bool newton_collision = 0
            }
        )
        {
            int[] faceVertexCounts = [3, 3, 3, 3, 3, 3, 3, 3, 3, 3, 3, 3]
            int[] faceVertexIndices = [1, 3, 0, 4, 1, 0, 0, 3, 2, 2, 4, 0, 1, 7, 3, 5, 1, 4, 5, 7, 1, 3, 7, 2, 6, 4, 2, 2, 7, 6, 6, 5, 4, 7, 5, 6]
            rel material:binding = </Looks/M_18191c>
            point3f[] points = [(-0.0105, -0.005, 0.00405), (-0.0105, -0.005, 0.00425), (-0.0105, -0.001, 0.00405), (-0.0105, -0.001, 0.00425), (-0.0093, -0.005, 0.00405), (-0.0093, -0.005, 0.00425), (-0.0093, -0.001, 0.00405), (-0.0093, -0.001, 0.00425)]
            color3f[] primvars:displayColor = [(0.095, 0.1, 0.11)]
            uniform token subdivisionScheme = "none"
        }

        def Mesh "contact_tip_04" (
            prepend apiSchemas = ["MaterialBindingAPI"]
            customData = {
                bool newton_collision = 0
            }
        )
        {
            int[] faceVertexCounts = [3, 3, 3, 3, 3, 3, 3, 3, 3, 3, 3, 3]
            int[] faceVertexIndices = [1, 3, 0, 4, 1, 0, 0, 3, 2, 2, 4, 0, 1, 7, 3, 5, 1, 4, 5, 7, 1, 3, 7, 2, 6, 4, 2, 2, 7, 6, 6, 5, 4, 7, 5, 6]
            rel material:binding = </Looks/M_99844c>
            point3f[] points = [(-0.010175, -0.004, 0.00419), (-0.010175, -0.004, 0.00441), (-0.010175, -0.002, 0.00419), (-0.010175, -0.002, 0.00441), (-0.009625, -0.004, 0.00419), (-0.009625, -0.004, 0.00441), (-0.009625, -0.002, 0.00419), (-0.009625, -0.002, 0.00441)]
            color3f[] primvars:displayColor = [(0.6, 0.52, 0.3)]
            uniform token subdivisionScheme = "none"
        }

        def Mesh "contact_recess_05" (
            prepend apiSchemas = ["MaterialBindingAPI"]
            customData = {
                bool newton_collision = 0
            }
        )
        {
            int[] faceVertexCounts = [3, 3, 3, 3, 3, 3, 3, 3, 3, 3, 3, 3]
            int[] faceVertexIndices = [1, 3, 0, 4, 1, 0, 0, 3, 2, 2, 4, 0, 1, 7, 3, 5, 1, 4, 5, 7, 1, 3, 7, 2, 6, 4, 2, 2, 7, 6, 6, 5, 4, 7, 5, 6]
            rel material:binding = </Looks/M_18191c>
            point3f[] points = [(-0.0087, -0.005, 0.00405), (-0.0087, -0.005, 0.00425), (-0.0087, -0.001, 0.00405), (-0.0087, -0.001, 0.00425), (-0.0075, -0.005, 0.00405), (-0.0075, -0.005, 0.00425), (-0.0075, -0.001, 0.00405), (-0.0075, -0.001, 0.00425)]
            color3f[] primvars:displayColor = [(0.095, 0.1, 0.11)]
            uniform token subdivisionScheme = "none"
        }

        def Mesh "contact_tip_05" (
            prepend apiSchemas = ["MaterialBindingAPI"]
            customData = {
                bool newton_collision = 0
            }
        )
        {
            int[] faceVertexCounts = [3, 3, 3, 3, 3, 3, 3, 3, 3, 3, 3, 3]
            int[] faceVertexIndices = [1, 3, 0, 4, 1, 0, 0, 3, 2, 2, 4, 0, 1, 7, 3, 5, 1, 4, 5, 7, 1, 3, 7, 2, 6, 4, 2, 2, 7, 6, 6, 5, 4, 7, 5, 6]
            rel material:binding = </Looks/M_99844c>
            point3f[] points = [(-0.008375, -0.004, 0.00419), (-0.008375, -0.004, 0.00441), (-0.008375, -0.002, 0.00419), (-0.008375, -0.002, 0.00441), (-0.007825, -0.004, 0.00419), (-0.007825, -0.004, 0.00441), (-0.007825, -0.002, 0.00419), (-0.007825, -0.002, 0.00441)]
            color3f[] primvars:displayColor = [(0.6, 0.52, 0.3)]
            uniform token subdivisionScheme = "none"
        }

        def Mesh "contact_recess_06" (
            prepend apiSchemas = ["MaterialBindingAPI"]
            customData = {
                bool newton_collision = 0
            }
        )
        {
            int[] faceVertexCounts = [3, 3, 3, 3, 3, 3, 3, 3, 3, 3, 3, 3]
            int[] faceVertexIndices = [1, 3, 0, 4, 1, 0, 0, 3, 2, 2, 4, 0, 1, 7, 3, 5, 1, 4, 5, 7, 1, 3, 7, 2, 6, 4, 2, 2, 7, 6, 6, 5, 4, 7, 5, 6]
            rel material:binding = </Looks/M_18191c>
            point3f[] points = [(-0.0069, -0.005, 0.00405), (-0.0069, -0.005, 0.00425), (-0.0069, -0.001, 0.00405), (-0.0069, -0.001, 0.00425), (-0.0057, -0.005, 0.00405), (-0.0057, -0.005, 0.00425), (-0.0057, -0.001, 0.00405), (-0.0057, -0.001, 0.00425)]
            color3f[] primvars:displayColor = [(0.095, 0.1, 0.11)]
            uniform token subdivisionScheme = "none"
        }

        def Mesh "contact_tip_06" (
            prepend apiSchemas = ["MaterialBindingAPI"]
            customData = {
                bool newton_collision = 0
            }
        )
        {
            int[] faceVertexCounts = [3, 3, 3, 3, 3, 3, 3, 3, 3, 3, 3, 3]
            int[] faceVertexIndices = [1, 3, 0, 4, 1, 0, 0, 3, 2, 2, 4, 0, 1, 7, 3, 5, 1, 4, 5, 7, 1, 3, 7, 2, 6, 4, 2, 2, 7, 6, 6, 5, 4, 7, 5, 6]
            rel material:binding = </Looks/M_99844c>
            point3f[] points = [(-0.006575, -0.004, 0.00419), (-0.006575, -0.004, 0.00441), (-0.006575, -0.002, 0.00419), (-0.006575, -0.002, 0.00441), (-0.006025, -0.004, 0.00419), (-0.006025, -0.004, 0.00441), (-0.006025, -0.002, 0.00419), (-0.006025, -0.002, 0.00441)]
            color3f[] primvars:displayColor = [(0.6, 0.52, 0.3)]
            uniform token subdivisionScheme = "none"
        }

        def Mesh "contact_recess_07" (
            prepend apiSchemas = ["MaterialBindingAPI"]
            customData = {
                bool newton_collision = 0
            }
        )
        {
            int[] faceVertexCounts = [3, 3, 3, 3, 3, 3, 3, 3, 3, 3, 3, 3]
            int[] faceVertexIndices = [1, 3, 0, 4, 1, 0, 0, 3, 2, 2, 4, 0, 1, 7, 3, 5, 1, 4, 5, 7, 1, 3, 7, 2, 6, 4, 2, 2, 7, 6, 6, 5, 4, 7, 5, 6]
            rel material:binding = </Looks/M_18191c>
            point3f[] points = [(-0.0051, -0.005, 0.00405), (-0.0051, -0.005, 0.00425), (-0.0051, -0.001, 0.00405), (-0.0051, -0.001, 0.00425), (-0.0039, -0.005, 0.00405), (-0.0039, -0.005, 0.00425), (-0.0039, -0.001, 0.00405), (-0.0039, -0.001, 0.00425)]
            color3f[] primvars:displayColor = [(0.095, 0.1, 0.11)]
            uniform token subdivisionScheme = "none"
        }

        def Mesh "contact_tip_07" (
            prepend apiSchemas = ["MaterialBindingAPI"]
            customData = {
                bool newton_collision = 0
            }
        )
        {
            int[] faceVertexCounts = [3, 3, 3, 3, 3, 3, 3, 3, 3, 3, 3, 3]
            int[] faceVertexIndices = [1, 3, 0, 4, 1, 0, 0, 3, 2, 2, 4, 0, 1, 7, 3, 5, 1, 4, 5, 7, 1, 3, 7, 2, 6, 4, 2, 2, 7, 6, 6, 5, 4, 7, 5, 6]
            rel material:binding = </Looks/M_99844c>
            point3f[] points = [(-0.004775, -0.004, 0.00419), (-0.004775, -0.004, 0.00441), (-0.004775, -0.002, 0.00419), (-0.004775, -0.002, 0.00441), (-0.004225, -0.004, 0.00419), (-0.004225, -0.004, 0.00441), (-0.004225, -0.002, 0.00419), (-0.004225, -0.002, 0.00441)]
            color3f[] primvars:displayColor = [(0.6, 0.52, 0.3)]
            uniform token subdivisionScheme = "none"
        }

        def Mesh "contact_recess_08" (
            prepend apiSchemas = ["MaterialBindingAPI"]
            customData = {
                bool newton_collision = 0
            }
        )
        {
            int[] faceVertexCounts = [3, 3, 3, 3, 3, 3, 3, 3, 3, 3, 3, 3]
            int[] faceVertexIndices = [1, 3, 0, 4, 1, 0, 0, 3, 2, 2, 4, 0, 1, 7, 3, 5, 1, 4, 5, 7, 1, 3, 7, 2, 6, 4, 2, 2, 7, 6, 6, 5, 4, 7, 5, 6]
            rel material:binding = </Looks/M_18191c>
            point3f[] points = [(-0.0033, -0.005, 0.00405), (-0.0033, -0.005, 0.00425), (-0.0033, -0.001, 0.00405), (-0.0033, -0.001, 0.00425), (-0.0021, -0.005, 0.00405), (-0.0021, -0.005, 0.00425), (-0.0021, -0.001, 0.00405), (-0.0021, -0.001, 0.00425)]
            color3f[] primvars:displayColor = [(0.095, 0.1, 0.11)]
            uniform token subdivisionScheme = "none"
        }

        def Mesh "contact_tip_08" (
            prepend apiSchemas = ["MaterialBindingAPI"]
            customData = {
                bool newton_collision = 0
            }
        )
        {
            int[] faceVertexCounts = [3, 3, 3, 3, 3, 3, 3, 3, 3, 3, 3, 3]
            int[] faceVertexIndices = [1, 3, 0, 4, 1, 0, 0, 3, 2, 2, 4, 0, 1, 7, 3, 5, 1, 4, 5, 7, 1, 3, 7, 2, 6, 4, 2, 2, 7, 6, 6, 5, 4, 7, 5, 6]
            rel material:binding = </Looks/M_99844c>
            point3f[] points = [(-0.002975, -0.004, 0.00419), (-0.002975, -0.004, 0.00441), (-0.002975, -0.002, 0.00419), (-0.002975, -0.002, 0.00441), (-0.002425, -0.004, 0.00419), (-0.002425, -0.004, 0.00441), (-0.002425, -0.002, 0.00419), (-0.002425, -0.002, 0.00441)]
            color3f[] primvars:displayColor = [(0.6, 0.52, 0.3)]
            uniform token subdivisionScheme = "none"
        }

        def Mesh "contact_recess_09" (
            prepend apiSchemas = ["MaterialBindingAPI"]
            customData = {
                bool newton_collision = 0
            }
        )
        {
            int[] faceVertexCounts = [3, 3, 3, 3, 3, 3, 3, 3, 3, 3, 3, 3]
            int[] faceVertexIndices = [1, 3, 0, 4, 1, 0, 0, 3, 2, 2, 4, 0, 1, 7, 3, 5, 1, 4, 5, 7, 1, 3, 7, 2, 6, 4, 2, 2, 7, 6, 6, 5, 4, 7, 5, 6]
            rel material:binding = </Looks/M_18191c>
            point3f[] points = [(-0.0015, -0.005, 0.00405), (-0.0015, -0.005, 0.00425), (-0.0015, -0.001, 0.00405), (-0.0015, -0.001, 0.00425), (-0.0003, -0.005, 0.00405), (-0.0003, -0.005, 0.00425), (-0.0003, -0.001, 0.00405), (-0.0003, -0.001, 0.00425)]
            color3f[] primvars:displayColor = [(0.095, 0.1, 0.11)]
            uniform token subdivisionScheme = "none"
        }

        def Mesh "contact_tip_09" (
            prepend apiSchemas = ["MaterialBindingAPI"]
            customData = {
                bool newton_collision = 0
            }
        )
        {
            int[] faceVertexCounts = [3, 3, 3, 3, 3, 3, 3, 3, 3, 3, 3, 3]
            int[] faceVertexIndices = [1, 3, 0, 4, 1, 0, 0, 3, 2, 2, 4, 0, 1, 7, 3, 5, 1, 4, 5, 7, 1, 3, 7, 2, 6, 4, 2, 2, 7, 6, 6, 5, 4, 7, 5, 6]
            rel material:binding = </Looks/M_99844c>
            point3f[] points = [(-0.001175, -0.004, 0.00419), (-0.001175, -0.004, 0.00441), (-0.001175, -0.002, 0.00419), (-0.001175, -0.002, 0.00441), (-0.000625, -0.004, 0.00419), (-0.000625, -0.004, 0.00441), (-0.000625, -0.002, 0.00419), (-0.000625, -0.002, 0.00441)]
            color3f[] primvars:displayColor = [(0.6, 0.52, 0.3)]
            uniform token subdivisionScheme = "none"
        }

        def Mesh "contact_recess_10" (
            prepend apiSchemas = ["MaterialBindingAPI"]
            customData = {
                bool newton_collision = 0
            }
        )
        {
            int[] faceVertexCounts = [3, 3, 3, 3, 3, 3, 3, 3, 3, 3, 3, 3]
            int[] faceVertexIndices = [1, 3, 0, 4, 1, 0, 0, 3, 2, 2, 4, 0, 1, 7, 3, 5, 1, 4, 5, 7, 1, 3, 7, 2, 6, 4, 2, 2, 7, 6, 6, 5, 4, 7, 5, 6]
            rel material:binding = </Looks/M_18191c>
            point3f[] points = [(0.0003, -0.005, 0.00405), (0.0003, -0.005, 0.00425), (0.0003, -0.001, 0.00405), (0.0003, -0.001, 0.00425), (0.0015, -0.005, 0.00405), (0.0015, -0.005, 0.00425), (0.0015, -0.001, 0.00405), (0.0015, -0.001, 0.00425)]
            color3f[] primvars:displayColor = [(0.095, 0.1, 0.11)]
            uniform token subdivisionScheme = "none"
        }

        def Mesh "contact_tip_10" (
            prepend apiSchemas = ["MaterialBindingAPI"]
            customData = {
                bool newton_collision = 0
            }
        )
        {
            int[] faceVertexCounts = [3, 3, 3, 3, 3, 3, 3, 3, 3, 3, 3, 3]
            int[] faceVertexIndices = [1, 3, 0, 4, 1, 0, 0, 3, 2, 2, 4, 0, 1, 7, 3, 5, 1, 4, 5, 7, 1, 3, 7, 2, 6, 4, 2, 2, 7, 6, 6, 5, 4, 7, 5, 6]
            rel material:binding = </Looks/M_99844c>
            point3f[] points = [(0.000625, -0.004, 0.00419), (0.000625, -0.004, 0.00441), (0.000625, -0.002, 0.00419), (0.000625, -0.002, 0.00441), (0.001175, -0.004, 0.00419), (0.001175, -0.004, 0.00441), (0.001175, -0.002, 0.00419), (0.001175, -0.002, 0.00441)]
            color3f[] primvars:displayColor = [(0.6, 0.52, 0.3)]
            uniform token subdivisionScheme = "none"
        }

        def Mesh "contact_recess_11" (
            prepend apiSchemas = ["MaterialBindingAPI"]
            customData = {
                bool newton_collision = 0
            }
        )
        {
            int[] faceVertexCounts = [3, 3, 3, 3, 3, 3, 3, 3, 3, 3, 3, 3]
            int[] faceVertexIndices = [1, 3, 0, 4, 1, 0, 0, 3, 2, 2, 4, 0, 1, 7, 3, 5, 1, 4, 5, 7, 1, 3, 7, 2, 6, 4, 2, 2, 7, 6, 6, 5, 4, 7, 5, 6]
            rel material:binding = </Looks/M_18191c>
            point3f[] points = [(0.0021, -0.005, 0.00405), (0.0021, -0.005, 0.00425), (0.0021, -0.001, 0.00405), (0.0021, -0.001, 0.00425), (0.0033, -0.005, 0.00405), (0.0033, -0.005, 0.00425), (0.0033, -0.001, 0.00405), (0.0033, -0.001, 0.00425)]
            color3f[] primvars:displayColor = [(0.095, 0.1, 0.11)]
            uniform token subdivisionScheme = "none"
        }

        def Mesh "contact_tip_11" (
            prepend apiSchemas = ["MaterialBindingAPI"]
            customData = {
                bool newton_collision = 0
            }
        )
        {
            int[] faceVertexCounts = [3, 3, 3, 3, 3, 3, 3, 3, 3, 3, 3, 3]
            int[] faceVertexIndices = [1, 3, 0, 4, 1, 0, 0, 3, 2, 2, 4, 0, 1, 7, 3, 5, 1, 4, 5, 7, 1, 3, 7, 2, 6, 4, 2, 2, 7, 6, 6, 5, 4, 7, 5, 6]
            rel material:binding = </Looks/M_99844c>
            point3f[] points = [(0.002425, -0.004, 0.00419), (0.002425, -0.004, 0.00441), (0.002425, -0.002, 0.00419), (0.002425, -0.002, 0.00441), (0.002975, -0.004, 0.00419), (0.002975, -0.004, 0.00441), (0.002975, -0.002, 0.00419), (0.002975, -0.002, 0.00441)]
            color3f[] primvars:displayColor = [(0.6, 0.52, 0.3)]
            uniform token subdivisionScheme = "none"
        }

        def Mesh "contact_recess_12" (
            prepend apiSchemas = ["MaterialBindingAPI"]
            customData = {
                bool newton_collision = 0
            }
        )
        {
            int[] faceVertexCounts = [3, 3, 3, 3, 3, 3, 3, 3, 3, 3, 3, 3]
            int[] faceVertexIndices = [1, 3, 0, 4, 1, 0, 0, 3, 2, 2, 4, 0, 1, 7, 3, 5, 1, 4, 5, 7, 1, 3, 7, 2, 6, 4, 2, 2, 7, 6, 6, 5, 4, 7, 5, 6]
            rel material:binding = </Looks/M_18191c>
            point3f[] points = [(0.0039, -0.005, 0.00405), (0.0039, -0.005, 0.00425), (0.0039, -0.001, 0.00405), (0.0039, -0.001, 0.00425), (0.0051, -0.005, 0.00405), (0.0051, -0.005, 0.00425), (0.0051, -0.001, 0.00405), (0.0051, -0.001, 0.00425)]
            color3f[] primvars:displayColor = [(0.095, 0.1, 0.11)]
            uniform token subdivisionScheme = "none"
        }

        def Mesh "contact_tip_12" (
            prepend apiSchemas = ["MaterialBindingAPI"]
            customData = {
                bool newton_collision = 0
            }
        )
        {
            int[] faceVertexCounts = [3, 3, 3, 3, 3, 3, 3, 3, 3, 3, 3, 3]
            int[] faceVertexIndices = [1, 3, 0, 4, 1, 0, 0, 3, 2, 2, 4, 0, 1, 7, 3, 5, 1, 4, 5, 7, 1, 3, 7, 2, 6, 4, 2, 2, 7, 6, 6, 5, 4, 7, 5, 6]
            rel material:binding = </Looks/M_99844c>
            point3f[] points = [(0.004225, -0.004, 0.00419), (0.004225, -0.004, 0.00441), (0.004225, -0.002, 0.00419), (0.004225, -0.002, 0.00441), (0.004775, -0.004, 0.00419), (0.004775, -0.004, 0.00441), (0.004775, -0.002, 0.00419), (0.004775, -0.002, 0.00441)]
            color3f[] primvars:displayColor = [(0.6, 0.52, 0.3)]
            uniform token subdivisionScheme = "none"
        }

        def Mesh "contact_recess_13" (
            prepend apiSchemas = ["MaterialBindingAPI"]
            customData = {
                bool newton_collision = 0
            }
        )
        {
            int[] faceVertexCounts = [3, 3, 3, 3, 3, 3, 3, 3, 3, 3, 3, 3]
            int[] faceVertexIndices = [1, 3, 0, 4, 1, 0, 0, 3, 2, 2, 4, 0, 1, 7, 3, 5, 1, 4, 5, 7, 1, 3, 7, 2, 6, 4, 2, 2, 7, 6, 6, 5, 4, 7, 5, 6]
            rel material:binding = </Looks/M_18191c>
            point3f[] points = [(0.0057, -0.005, 0.00405), (0.0057, -0.005, 0.00425), (0.0057, -0.001, 0.00405), (0.0057, -0.001, 0.00425), (0.0069, -0.005, 0.00405), (0.0069, -0.005, 0.00425), (0.0069, -0.001, 0.00405), (0.0069, -0.001, 0.00425)]
            color3f[] primvars:displayColor = [(0.095, 0.1, 0.11)]
            uniform token subdivisionScheme = "none"
        }

        def Mesh "contact_tip_13" (
            prepend apiSchemas = ["MaterialBindingAPI"]
            customData = {
                bool newton_collision = 0
            }
        )
        {
            int[] faceVertexCounts = [3, 3, 3, 3, 3, 3, 3, 3, 3, 3, 3, 3]
            int[] faceVertexIndices = [1, 3, 0, 4, 1, 0, 0, 3, 2, 2, 4, 0, 1, 7, 3, 5, 1, 4, 5, 7, 1, 3, 7, 2, 6, 4, 2, 2, 7, 6, 6, 5, 4, 7, 5, 6]
            rel material:binding = </Looks/M_99844c>
            point3f[] points = [(0.006025, -0.004, 0.00419), (0.006025, -0.004, 0.00441), (0.006025, -0.002, 0.00419), (0.006025, -0.002, 0.00441), (0.006575, -0.004, 0.00419), (0.006575, -0.004, 0.00441), (0.006575, -0.002, 0.00419), (0.006575, -0.002, 0.00441)]
            color3f[] primvars:displayColor = [(0.6, 0.52, 0.3)]
            uniform token subdivisionScheme = "none"
        }

        def Mesh "contact_recess_14" (
            prepend apiSchemas = ["MaterialBindingAPI"]
            customData = {
                bool newton_collision = 0
            }
        )
        {
            int[] faceVertexCounts = [3, 3, 3, 3, 3, 3, 3, 3, 3, 3, 3, 3]
            int[] faceVertexIndices = [1, 3, 0, 4, 1, 0, 0, 3, 2, 2, 4, 0, 1, 7, 3, 5, 1, 4, 5, 7, 1, 3, 7, 2, 6, 4, 2, 2, 7, 6, 6, 5, 4, 7, 5, 6]
            rel material:binding = </Looks/M_18191c>
            point3f[] points = [(0.0075, -0.005, 0.00405), (0.0075, -0.005, 0.00425), (0.0075, -0.001, 0.00405), (0.0075, -0.001, 0.00425), (0.0087, -0.005, 0.00405), (0.0087, -0.005, 0.00425), (0.0087, -0.001, 0.00405), (0.0087, -0.001, 0.00425)]
            color3f[] primvars:displayColor = [(0.095, 0.1, 0.11)]
            uniform token subdivisionScheme = "none"
        }

        def Mesh "contact_tip_14" (
            prepend apiSchemas = ["MaterialBindingAPI"]
            customData = {
                bool newton_collision = 0
            }
        )
        {
            int[] faceVertexCounts = [3, 3, 3, 3, 3, 3, 3, 3, 3, 3, 3, 3]
            int[] faceVertexIndices = [1, 3, 0, 4, 1, 0, 0, 3, 2, 2, 4, 0, 1, 7, 3, 5, 1, 4, 5, 7, 1, 3, 7, 2, 6, 4, 2, 2, 7, 6, 6, 5, 4, 7, 5, 6]
            rel material:binding = </Looks/M_99844c>
            point3f[] points = [(0.007825, -0.004, 0.00419), (0.007825, -0.004, 0.00441), (0.007825, -0.002, 0.00419), (0.007825, -0.002, 0.00441), (0.008375, -0.004, 0.00419), (0.008375, -0.004, 0.00441), (0.008375, -0.002, 0.00419), (0.008375, -0.002, 0.00441)]
            color3f[] primvars:displayColor = [(0.6, 0.52, 0.3)]
            uniform token subdivisionScheme = "none"
        }

        def Mesh "contact_recess_15" (
            prepend apiSchemas = ["MaterialBindingAPI"]
            customData = {
                bool newton_collision = 0
            }
        )
        {
            int[] faceVertexCounts = [3, 3, 3, 3, 3, 3, 3, 3, 3, 3, 3, 3]
            int[] faceVertexIndices = [1, 3, 0, 4, 1, 0, 0, 3, 2, 2, 4, 0, 1, 7, 3, 5, 1, 4, 5, 7, 1, 3, 7, 2, 6, 4, 2, 2, 7, 6, 6, 5, 4, 7, 5, 6]
            rel material:binding = </Looks/M_18191c>
            point3f[] points = [(0.0093, -0.005, 0.00405), (0.0093, -0.005, 0.00425), (0.0093, -0.001, 0.00405), (0.0093, -0.001, 0.00425), (0.0105, -0.005, 0.00405), (0.0105, -0.005, 0.00425), (0.0105, -0.001, 0.00405), (0.0105, -0.001, 0.00425)]
            color3f[] primvars:displayColor = [(0.095, 0.1, 0.11)]
            uniform token subdivisionScheme = "none"
        }

        def Mesh "contact_tip_15" (
            prepend apiSchemas = ["MaterialBindingAPI"]
            customData = {
                bool newton_collision = 0
            }
        )
        {
            int[] faceVertexCounts = [3, 3, 3, 3, 3, 3, 3, 3, 3, 3, 3, 3]
            int[] faceVertexIndices = [1, 3, 0, 4, 1, 0, 0, 3, 2, 2, 4, 0, 1, 7, 3, 5, 1, 4, 5, 7, 1, 3, 7, 2, 6, 4, 2, 2, 7, 6, 6, 5, 4, 7, 5, 6]
            rel material:binding = </Looks/M_99844c>
            point3f[] points = [(0.009625, -0.004, 0.00419), (0.009625, -0.004, 0.00441), (0.009625, -0.002, 0.00419), (0.009625, -0.002, 0.00441), (0.010175, -0.004, 0.00419), (0.010175, -0.004, 0.00441), (0.010175, -0.002, 0.00419), (0.010175, -0.002, 0.00441)]
            color3f[] primvars:displayColor = [(0.6, 0.52, 0.3)]
            uniform token subdivisionScheme = "none"
        }

        def Mesh "contact_recess_16" (
            prepend apiSchemas = ["MaterialBindingAPI"]
            customData = {
                bool newton_collision = 0
            }
        )
        {
            int[] faceVertexCounts = [3, 3, 3, 3, 3, 3, 3, 3, 3, 3, 3, 3]
            int[] faceVertexIndices = [1, 3, 0, 4, 1, 0, 0, 3, 2, 2, 4, 0, 1, 7, 3, 5, 1, 4, 5, 7, 1, 3, 7, 2, 6, 4, 2, 2, 7, 6, 6, 5, 4, 7, 5, 6]
            rel material:binding = </Looks/M_18191c>
            point3f[] points = [(0.0111, -0.005, 0.00405), (0.0111, -0.005, 0.00425), (0.0111, -0.001, 0.00405), (0.0111, -0.001, 0.00425), (0.0123, -0.005, 0.00405), (0.0123, -0.005, 0.00425), (0.0123, -0.001, 0.00405), (0.0123, -0.001, 0.00425)]
            color3f[] primvars:displayColor = [(0.095, 0.1, 0.11)]
            uniform token subdivisionScheme = "none"
        }

        def Mesh "contact_tip_16" (
            prepend apiSchemas = ["MaterialBindingAPI"]
            customData = {
                bool newton_collision = 0
            }
        )
        {
            int[] faceVertexCounts = [3, 3, 3, 3, 3, 3, 3, 3, 3, 3, 3, 3]
            int[] faceVertexIndices = [1, 3, 0, 4, 1, 0, 0, 3, 2, 2, 4, 0, 1, 7, 3, 5, 1, 4, 5, 7, 1, 3, 7, 2, 6, 4, 2, 2, 7, 6, 6, 5, 4, 7, 5, 6]
            rel material:binding = </Looks/M_99844c>
            point3f[] points = [(0.011425, -0.004, 0.00419), (0.011425, -0.004, 0.00441), (0.011425, -0.002, 0.00419), (0.011425, -0.002, 0.00441), (0.011975, -0.004, 0.00419), (0.011975, -0.004, 0.00441), (0.011975, -0.002, 0.00419), (0.011975, -0.002, 0.00441)]
            color3f[] primvars:displayColor = [(0.6, 0.52, 0.3)]
            uniform token subdivisionScheme = "none"
        }

        def Mesh "contact_recess_17" (
            prepend apiSchemas = ["MaterialBindingAPI"]
            customData = {
                bool newton_collision = 0
            }
        )
        {
            int[] faceVertexCounts = [3, 3, 3, 3, 3, 3, 3, 3, 3, 3, 3, 3]
            int[] faceVertexIndices = [1, 3, 0, 4, 1, 0, 0, 3, 2, 2, 4, 0, 1, 7, 3, 5, 1, 4, 5, 7, 1, 3, 7, 2, 6, 4, 2, 2, 7, 6, 6, 5, 4, 7, 5, 6]
            rel material:binding = </Looks/M_18191c>
            point3f[] points = [(0.0129, -0.005, 0.00405), (0.0129, -0.005, 0.00425), (0.0129, -0.001, 0.00405), (0.0129, -0.001, 0.00425), (0.0141, -0.005, 0.00405), (0.0141, -0.005, 0.00425), (0.0141, -0.001, 0.00405), (0.0141, -0.001, 0.00425)]
            color3f[] primvars:displayColor = [(0.095, 0.1, 0.11)]
            uniform token subdivisionScheme = "none"
        }

        def Mesh "contact_tip_17" (
            prepend apiSchemas = ["MaterialBindingAPI"]
            customData = {
                bool newton_collision = 0
            }
        )
        {
            int[] faceVertexCounts = [3, 3, 3, 3, 3, 3, 3, 3, 3, 3, 3, 3]
            int[] faceVertexIndices = [1, 3, 0, 4, 1, 0, 0, 3, 2, 2, 4, 0, 1, 7, 3, 5, 1, 4, 5, 7, 1, 3, 7, 2, 6, 4, 2, 2, 7, 6, 6, 5, 4, 7, 5, 6]
            rel material:binding = </Looks/M_99844c>
            point3f[] points = [(0.013225, -0.004, 0.00419), (0.013225, -0.004, 0.00441), (0.013225, -0.002, 0.00419), (0.013225, -0.002, 0.00441), (0.013775, -0.004, 0.00419), (0.013775, -0.004, 0.00441), (0.013775, -0.002, 0.00419), (0.013775, -0.002, 0.00441)]
            color3f[] primvars:displayColor = [(0.6, 0.52, 0.3)]
            uniform token subdivisionScheme = "none"
        }

        def Mesh "contact_recess_18" (
            prepend apiSchemas = ["MaterialBindingAPI"]
            customData = {
                bool newton_collision = 0
            }
        )
        {
            int[] faceVertexCounts = [3, 3, 3, 3, 3, 3, 3, 3, 3, 3, 3, 3]
            int[] faceVertexIndices = [1, 3, 0, 4, 1, 0, 0, 3, 2, 2, 4, 0, 1, 7, 3, 5, 1, 4, 5, 7, 1, 3, 7, 2, 6, 4, 2, 2, 7, 6, 6, 5, 4, 7, 5, 6]
            rel material:binding = </Looks/M_18191c>
            point3f[] points = [(0.0147, -0.005, 0.00405), (0.0147, -0.005, 0.00425), (0.0147, -0.001, 0.00405), (0.0147, -0.001, 0.00425), (0.0159, -0.005, 0.00405), (0.0159, -0.005, 0.00425), (0.0159, -0.001, 0.00405), (0.0159, -0.001, 0.00425)]
            color3f[] primvars:displayColor = [(0.095, 0.1, 0.11)]
            uniform token subdivisionScheme = "none"
        }

        def Mesh "contact_tip_18" (
            prepend apiSchemas = ["MaterialBindingAPI"]
            customData = {
                bool newton_collision = 0
            }
        )
        {
            int[] faceVertexCounts = [3, 3, 3, 3, 3, 3, 3, 3, 3, 3, 3, 3]
            int[] faceVertexIndices = [1, 3, 0, 4, 1, 0, 0, 3, 2, 2, 4, 0, 1, 7, 3, 5, 1, 4, 5, 7, 1, 3, 7, 2, 6, 4, 2, 2, 7, 6, 6, 5, 4, 7, 5, 6]
            rel material:binding = </Looks/M_99844c>
            point3f[] points = [(0.015025, -0.004, 0.00419), (0.015025, -0.004, 0.00441), (0.015025, -0.002, 0.00419), (0.015025, -0.002, 0.00441), (0.015575, -0.004, 0.00419), (0.015575, -0.004, 0.00441), (0.015575, -0.002, 0.00419), (0.015575, -0.002, 0.00441)]
            color3f[] primvars:displayColor = [(0.6, 0.52, 0.3)]
            uniform token subdivisionScheme = "none"
        }

        def Mesh "contact_recess_19" (
            prepend apiSchemas = ["MaterialBindingAPI"]
            customData = {
                bool newton_collision = 0
            }
        )
        {
            int[] faceVertexCounts = [3, 3, 3, 3, 3, 3, 3, 3, 3, 3, 3, 3]
            int[] faceVertexIndices = [1, 3, 0, 4, 1, 0, 0, 3, 2, 2, 4, 0, 1, 7, 3, 5, 1, 4, 5, 7, 1, 3, 7, 2, 6, 4, 2, 2, 7, 6, 6, 5, 4, 7, 5, 6]
            rel material:binding = </Looks/M_18191c>
            point3f[] points = [(0.0165, -0.005, 0.00405), (0.0165, -0.005, 0.00425), (0.0165, -0.001, 0.00405), (0.0165, -0.001, 0.00425), (0.0177, -0.005, 0.00405), (0.0177, -0.005, 0.00425), (0.0177, -0.001, 0.00405), (0.0177, -0.001, 0.00425)]
            color3f[] primvars:displayColor = [(0.095, 0.1, 0.11)]
            uniform token subdivisionScheme = "none"
        }

        def Mesh "contact_tip_19" (
            prepend apiSchemas = ["MaterialBindingAPI"]
            customData = {
                bool newton_collision = 0
            }
        )
        {
            int[] faceVertexCounts = [3, 3, 3, 3, 3, 3, 3, 3, 3, 3, 3, 3]
            int[] faceVertexIndices = [1, 3, 0, 4, 1, 0, 0, 3, 2, 2, 4, 0, 1, 7, 3, 5, 1, 4, 5, 7, 1, 3, 7, 2, 6, 4, 2, 2, 7, 6, 6, 5, 4, 7, 5, 6]
            rel material:binding = </Looks/M_99844c>
            point3f[] points = [(0.016825, -0.004, 0.00419), (0.016825, -0.004, 0.00441), (0.016825, -0.002, 0.00419), (0.016825, -0.002, 0.00441), (0.017375, -0.004, 0.00419), (0.017375, -0.004, 0.00441), (0.017375, -0.002, 0.00419), (0.017375, -0.002, 0.00441)]
            color3f[] primvars:displayColor = [(0.6, 0.52, 0.3)]
            uniform token subdivisionScheme = "none"
        }
    }

    def "Cable_0"
    {
        def Xform "Segment_00"
        {
            matrix4d xformOp:transform = ( (1, 1.7805370236440124e-10, 9.270544137976892e-10, 0), (4.827968041630286e-10, 0.7474302782165907, -0.6643403036578874, 0), (-8.111968028520663e-10, 0.6643403036578874, 0.7474302782165907, 0), (-0.006250001024454832, 0.012875947169959545, 0.10236503183841705, 1) )
            uniform token[] xformOpOrder = ["xformOp:transform"]

            def Capsule "Visual" (
                prepend apiSchemas = ["MaterialBindingAPI"]
            )
            {
                uniform token axis = "Z"
                double height = 0.00499672131147541
                rel material:binding = </Looks/Wire_0>
                color3f[] primvars:displayColor = [(0.85, 0.04, 0.065)]
                double radius = 0.001
            }
        }

        def Xform "Segment_01"
        {
            matrix4d xformOp:transform = ( (0.9999999999997974, -4.32705887948211e-7, -4.668185025234036e-7, 0), (-1.158260823332077e-8, 0.7209034310616032, -0.6930355906817276, 0), (6.364116144051396e-7, 0.6930355906815926, 0.7209034310614522, 0), (-0.00624999962747097, 0.016266848891973495, 0.10603312402963638, 1) )
            uniform token[] xformOpOrder = ["xformOp:transform"]

            def Capsule "Visual" (
                prepend apiSchemas = ["MaterialBindingAPI"]
            )
            {
                uniform token axis = "Z"
                double height = 0.00499672131147541
                rel material:binding = </Looks/Wire_0>
                color3f[] primvars:displayColor = [(0.85, 0.04, 0.065)]
                double radius = 0.001
            }
        }

        def Xform "Segment_02"
        {
            matrix4d xformOp:transform = ( (0.9999999999998015, -4.3080308457094164e-7, -4.598054154659508e-7, 0), (-3.271241151352891e-8, 0.6932657612968885, -0.7206821208694622, 0), (6.292393947462468e-7, 0.720682120869334, 0.6932657612967369, 0), (-0.006249996833503246, 0.019798513501882553, 0.10956593602895737, 1) )
            uniform token[] xformOpOrder = ["xformOp:transform"]

            def Capsule "Visual" (
                prepend apiSchemas = ["MaterialBindingAPI"]
            )
            {
                uniform token axis = "Z"
                double height = 0.00499672131147541
                rel material:binding = </Looks/Wire_0>
                color3f[] primvars:displayColor = [(0.85, 0.04, 0.065)]
                double radius = 0.001
            }
        }

        def Xform "Segment_03"
        {
            matrix4d xformOp:transform = ( (0.9999999999999678, -1.622807924740618e-7, -1.9529465391466836e-7, 0), (-3.808578881393917e-8, 0.6645595951564717, -0.7472352923744742, 0), (2.5104686842117674e-7, 0.7472352923744575, 0.664559595156444, 0), (-0.006249994970858097, 0.023465586826205254, 0.11295796930789948, 1) )
            uniform token[] xformOpOrder = ["xformOp:transform"]

            def Capsule "Visual" (
                prepend apiSchemas = ["MaterialBindingAPI"]
            )
            {
                uniform token axis = "Z"
                double height = 0.00499672131147541
                rel material:binding = </Looks/Wire_0>
                color3f[] primvars:displayColor = [(0.85, 0.04, 0.065)]
                double radius = 0.001
            }
        }

        def Xform "Segment_04"
        {
            matrix4d xformOp:transform = ( (0.9999999999999901, -7.375563069081077e-8, -1.1922961010636934e-7, 0), (-4.5301464729413455e-8, 0.6348254872398157, -0.7726555601589322, 0), (1.3267769321964347e-7, 0.77265556015893, 0.634825487239806, 0), (-0.0062499940395355225, 0.027262510731816292, 0.11620403826236725, 1) )
            uniform token[] xformOpOrder = ["xformOp:transform"]

            def Capsule "Visual" (
                prepend apiSchemas = ["MaterialBindingAPI"]
            )
            {
                uniform token axis = "Z"
                double height = 0.00499672131147541
                rel material:binding = </Looks/Wire_0>
                color3f[] primvars:displayColor = [(0.85, 0.04, 0.065)]
                double radius = 0.001
            }
        }

        def Xform "Segment_05"
        {
            matrix4d xformOp:transform = ( (0.999999999999996, -3.272968398020613e-8, -8.371916946355401e-8, 0), (-4.694379387690914e-8, 0.6041074969799052, -0.7969028678038509, 0), (7.665775737362596e-8, 0.7969028678038516, 0.6041074969799012, 0), (-0.006249993573874235, 0.031183522194623947, 0.11929907649755478, 1) )
            uniform token[] xformOpOrder = ["xformOp:transform"]

            def Capsule "Visual" (
                prepend apiSchemas = ["MaterialBindingAPI"]
            )
            {
                uniform token axis = "Z"
                double height = 0.00499672131147541
                rel material:binding = </Looks/Wire_0>
                color3f[] primvars:displayColor = [(0.85, 0.04, 0.065)]
                double radius = 0.001
            }
        }

        def Xform "Segment_06"
        {
            matrix4d xformOp:transform = ( (0.9999999999999983, 2.5796887101595742e-8, -5.150870049933361e-8, 0), (-5.700148929804659e-8, 0.5724464155771034, -0.8199421336456104, 0), (8.334016382705717e-9, 0.819942133645612, 0.572446415577104, 0), (-0.006249993573874235, 0.035222675651311874, 0.12223830819129944, 1) )
            uniform token[] xformOpOrder = ["xformOp:transform"]

            def Capsule "Visual" (
                prepend apiSchemas = ["MaterialBindingAPI"]
            )
            {
                uniform token axis = "Z"
                double height = 0.00499672131147541
                rel material:binding = </Looks/Wire_0>
                color3f[] primvars:displayColor = [(0.85, 0.04, 0.065)]
                double radius = 0.001
            }
        }

        def Xform "Segment_07"
        {
            matrix4d xformOp:transform = ( (0.9999999999999949, -2.4428170424515384e-8, -9.834978275544241e-8, 0), (-6.959568893560037e-8, 0.5398933859646725, -0.8417334270631814, 0), (7.36604056458491e-8, 0.8417334270631839, 0.539893385964668, 0), (-0.006249993573874235, 0.03937382623553276, 0.12501710653305054, 1) )
            uniform token[] xformOpOrder = ["xformOp:transform"]

            def Capsule "Visual" (
                prepend apiSchemas = ["MaterialBindingAPI"]
            )
            {
                uniform token axis = "Z"
                double height = 0.00499672131147541
                rel material:binding = </Looks/Wire_0>
                color3f[] primvars:displayColor = [(0.85, 0.04, 0.065)]
                double radius = 0.001
            }
        }

        def Xform "Segment_08"
        {
            matrix4d xformOp:transform = ( (0.9999999999999911, -4.983029821672528e-8, -1.2353663928430273e-7, 0), (-8.128158404200518e-8, 0.5064803611140982, -0.8622515030997585, 0), (1.055351314096408e-7, 0.862251503099761, 0.5064803611140898, 0), (-0.006249993108212948, 0.0436306856572628, 0.12763115763664246, 1) )
            uniform token[] xformOpOrder = ["xformOp:transform"]

            def Capsule "Visual" (
                prepend apiSchemas = ["MaterialBindingAPI"]
            )
            {
                uniform token axis = "Z"
                double height = 0.00499672131147541
                rel material:binding = </Looks/Wire_0>
                color3f[] primvars:displayColor = [(0.85, 0.04, 0.065)]
                double radius = 0.001
            }
        }

        def Xform "Segment_09"
        {
            matrix4d xformOp:transform = ( (0.9999999999999876, -6.592434268088095e-8, -1.4309042372823112e-7, 0), (-9.499602270970001e-8, 0.4722525268288108, -0.8814632779624945, 0), (1.2568470069968384e-7, 0.8814632779624971, 0.4722525268287987, 0), (-0.006249992176890373, 0.04798680543899536, 0.13007619976997375, 1) )
            uniform token[] xformOpOrder = ["xformOp:transform"]

            def Capsule "Visual" (
                prepend apiSchemas = ["MaterialBindingAPI"]
            )
            {
                uniform token axis = "Z"
                double height = 0.00499672131147541
                rel material:binding = </Looks/Wire_0>
                color3f[] primvars:displayColor = [(0.85, 0.04, 0.065)]
                double radius = 0.001
            }
        }

        def Xform "Segment_10"
        {
            matrix4d xformOp:transform = ( (0.9999999999999949, 2.7197793185829996e-8, -9.700918916073071e-8, 0), (-9.913628983942348e-8, 0.4372594087847589, -0.8993355179400427, 0), (1.7958250824493865e-8, 0.8993355179400478, 0.43725940878475933, 0), (-0.006249991711229086, 0.05243557691574097, 0.13234834372997284, 1) )
            uniform token[] xformOpOrder = ["xformOp:transform"]

            def Capsule "Visual" (
                prepend apiSchemas = ["MaterialBindingAPI"]
            )
            {
                uniform token axis = "Z"
                double height = 0.00499672131147541
                rel material:binding = </Looks/Wire_0>
                color3f[] primvars:displayColor = [(0.85, 0.04, 0.065)]
                double radius = 0.001
            }
        }

        def Xform "Segment_11"
        {
            matrix4d xformOp:transform = ( (0.9999999999999896, 1.3790331013990075e-7, -4.345925015698726e-8, 0), (-9.517776968452236e-8, 0.4015593274047947, -0.9158329501917732, 0), (-1.0884494260014687e-7, 0.9158329501917679, 0.4015593274048036, 0), (-0.006249992176890373, 0.05697021633386612, 0.13444384932518005, 1) )
            uniform token[] xformOpOrder = ["xformOp:transform"]

            def Capsule "Visual" (
                prepend apiSchemas = ["MaterialBindingAPI"]
            )
            {
                uniform token axis = "Z"
                double height = 0.00499672131147541
                rel material:binding = </Looks/Wire_0>
                color3f[] primvars:displayColor = [(0.85, 0.04, 0.065)]
                double radius = 0.001
            }
        }

        def Xform "Segment_12"
        {
            matrix4d xformOp:transform = ( (0.9999999999999843, 1.7469257482044517e-7, -2.790994310928625e-8, 0), (-8.978127137004996e-8, 0.3652082279370831, -0.9309259745104359, 0), (-1.5243288337146246e-7, 0.9309259745104239, 0.36520822793709296, 0), (-0.0062499926425516605, 0.061583783477544785, 0.13635939359664917, 1) )
            uniform token[] xformOpOrder = ["xformOp:transform"]

            def Capsule "Visual" (
                prepend apiSchemas = ["MaterialBindingAPI"]
            )
            {
                uniform token axis = "Z"
                double height = 0.00499672131147541
                rel material:binding = </Looks/Wire_0>
                color3f[] primvars:displayColor = [(0.85, 0.04, 0.065)]
                double radius = 0.001
            }
        }

        def Xform "Segment_13"
        {
            matrix4d xformOp:transform = ( (0.9999999999999409, 3.414840227217194e-7, 3.9866609540216153e-8, 0), (-7.443823713641908e-8, 0.32826052592266153, -0.9445872327911228, 0), (-3.3564807936656223e-7, 0.9445872327910639, 0.3282605259226675, 0), (-0.0062499940395355225, 0.06626918911933899, 0.1380918025970459, 1) )
            uniform token[] xformOpOrder = ["xformOp:transform"]

            def Capsule "Visual" (
                prepend apiSchemas = ["MaterialBindingAPI"]
            )
            {
                uniform token axis = "Z"
                double height = 0.00499672131147541
                rel material:binding = </Looks/Wire_0>
                color3f[] primvars:displayColor = [(0.85, 0.04, 0.065)]
                double radius = 0.001
            }
        }

        def Xform "Segment_14"
        {
            matrix4d xformOp:transform = ( (0.9999999999999392, 3.460750181543097e-7, 4.292972768096027e-8, 0), (-5.955719378578428e-8, 0.29078053080032984, -0.9567898992420416, 0), (-3.4360416234037346e-7, 0.9567898992419808, 0.2907805308003327, 0), (-0.006249995902180672, 0.07101921737194061, 0.13963830471038818, 1) )
            uniform token[] xformOpOrder = ["xformOp:transform"]

            def Capsule "Visual" (
                prepend apiSchemas = ["MaterialBindingAPI"]
            )
            {
                uniform token axis = "Z"
                double height = 0.00499672131147541
                rel material:binding = </Looks/Wire_0>
                color3f[] primvars:displayColor = [(0.85, 0.04, 0.065)]
                double radius = 0.001
            }
        }

        def Xform "Segment_15"
        {
            matrix4d xformOp:transform = ( (0.9999999999999308, 3.6837895694284597e-7, 5.1902186074387674e-8, 0), (-4.291988914753163e-8, 0.252826192646312, -0.9675117489938492, 0), (-3.695331865383177e-7, 0.9675117489937799, 0.25282619264631034, 0), (-0.006249997764825821, 0.07582651823759079, 0.14099633693695068, 1) )
            uniform token[] xformOpOrder = ["xformOp:transform"]

            def Capsule "Visual" (
                prepend apiSchemas = ["MaterialBindingAPI"]
            )
            {
                uniform token axis = "Z"
                double height = 0.00499672131147541
                rel material:binding = </Looks/Wire_0>
                color3f[] primvars:displayColor = [(0.85, 0.04, 0.065)]
                double radius = 0.001
            }
        }

        def Xform "Segment_16"
        {
            matrix4d xformOp:transform = ( (0.9999999999999151, 4.0614217292115373e-7, 6.978072922234067e-8, 0), (-1.8941392309302713e-8, 0.21445346857551872, -0.9767342543453305, 0), (-4.116576714374494e-7, 0.9767342543452463, 0.21445346857550818, 0), (-0.00624999962747097, 0.08068365603685379, 0.1421637088060379, 1) )
            uniform token[] xformOpOrder = ["xformOp:transform"]

            def Capsule "Visual" (
                prepend apiSchemas = ["MaterialBindingAPI"]
            )
            {
                uniform token axis = "Z"
                double height = 0.00499672131147541
                rel material:binding = </Looks/Wire_0>
                color3f[] primvars:displayColor = [(0.85, 0.04, 0.065)]
                double radius = 0.001
            }
        }

        def Xform "Segment_17"
        {
            matrix4d xformOp:transform = ( (0.999999999999927, 3.7558572748209627e-7, 7.160465121029066e-8, 0), (4.48894800443491e-9, 0.17572919501079465, -0.9844386845750893, 0), (-3.8232409564271037e-7, 0.9844386845750176, 0.1757291950107801, 0), (-0.006250001490116119, 0.08558307588100433, 0.14313846826553345, 1) )
            uniform token[] xformOpOrder = ["xformOp:transform"]

            def Capsule "Visual" (
                prepend apiSchemas = ["MaterialBindingAPI"]
            )
            {
                uniform token axis = "Z"
                double height = 0.00499672131147541
                rel material:binding = </Looks/Wire_0>
                color3f[] primvars:displayColor = [(0.85, 0.04, 0.065)]
                double radius = 0.001
            }
        }

        def Xform "Segment_18"
        {
            matrix4d xformOp:transform = ( (0.9999999999998955, 4.484226116825025e-7, 8.846073407189632e-8, 0), (2.6320072811492328e-8, 0.13672360253930183, -0.9906092182942823, 0), (-4.5630625013020907e-7, 0.990609218294181, 0.13672360253927573, 0), (-0.006250003352761269, 0.09051716327667236, 0.14391905069351196, 1) )
            uniform token[] xformOpOrder = ["xformOp:transform"]

            def Capsule "Visual" (
                prepend apiSchemas = ["MaterialBindingAPI"]
            )
            {
                uniform token axis = "Z"
                double height = 0.00499672131147541
                rel material:binding = </Looks/Wire_0>
                color3f[] primvars:displayColor = [(0.85, 0.04, 0.065)]
                double radius = 0.001
            }
        }

        def Xform "Segment_19"
        {
            matrix4d xformOp:transform = ( (0.9999999999998941, 4.506656255156473e-7, 9.387337833800834e-8, 0), (4.948801372507179e-8, 0.09749600291248472, -0.9952360188472589, 0), (-4.5767090106270424e-7, 0.9952360188471581, 0.09749600291245208, 0), (-0.006250005215406418, 0.09547822922468185, 0.14450415968894958, 1) )
            uniform token[] xformOpOrder = ["xformOp:transform"]

            def Capsule "Visual" (
                prepend apiSchemas = ["MaterialBindingAPI"]
            )
            {
                uniform token axis = "Z"
                double height = 0.00499672131147541
                rel material:binding = </Looks/Wire_0>
                color3f[] primvars:displayColor = [(0.85, 0.04, 0.065)]
                double radius = 0.001
            }
        }

        def Xform "Segment_20"
        {
            matrix4d xformOp:transform = ( (0.9999999999999262, 3.734312417230136e-7, 9.019140589536936e-8, 0), (6.833434571588113e-8, 0.05812195353505634, -0.9983095894294589, 0), (-3.7804206007765526e-7, 0.9983095894293914, 0.05812195353502647, 0), (-0.006250007078051567, 0.1004585325717926, 0.14489293098449707, 1) )
            uniform token[] xformOpOrder = ["xformOp:transform"]

            def Capsule "Visual" (
                prepend apiSchemas = ["MaterialBindingAPI"]
            )
            {
                uniform token axis = "Z"
                double height = 0.00499672131147541
                rel material:binding = </Looks/Wire_0>
                color3f[] primvars:displayColor = [(0.85, 0.04, 0.065)]
                double radius = 0.001
            }
        }

        def Xform "Segment_21"
        {
            matrix4d xformOp:transform = ( (0.9999999999999201, 3.885996901154916e-7, 9.408817792862368e-8, 0), (8.682004918837414e-8, 0.018661094474366702, -0.9998259929769592, 0), (-3.9028782128412965e-7, 0.9998259929768875, 0.018661094474331397, 0), (-0.006250008940696716, 0.10545030236244202, 0.14508475363254547, 1) )
            uniform token[] xformOpOrder = ["xformOp:transform"]

            def Capsule "Visual" (
                prepend apiSchemas = ["MaterialBindingAPI"]
            )
            {
                uniform token axis = "Z"
                double height = 0.00499672131147541
                rel material:binding = </Looks/Wire_0>
                color3f[] primvars:displayColor = [(0.85, 0.04, 0.065)]
                double radius = 0.001
            }
        }

        def Xform "Segment_22"
        {
            matrix4d xformOp:transform = ( (0.9999999999999439, 3.208179376240419e-7, 9.587447328236462e-8, 0), (1.0253196690245642e-7, -0.020816459424130462, -0.9997833934289719, 0), (-3.1875266193653673e-7, 0.9997833934289257, -0.020816459424162215, 0), (-0.0062500108033418655, 0.1104457750916481, 0.1450793743133545, 1) )
            uniform token[] xformOpOrder = ["xformOp:transform"]

            def Capsule "Visual" (
                prepend apiSchemas = ["MaterialBindingAPI"]
            )
            {
                uniform token axis = "Z"
                double height = 0.00499672131147541
                rel material:binding = </Looks/Wire_0>
                color3f[] primvars:displayColor = [(0.85, 0.04, 0.065)]
                double radius = 0.001
            }
        }

        def Xform "Segment_23"
        {
            matrix4d xformOp:transform = ( (0.9999999999999597, 2.666493891784127e-7, 9.792632271932233e-8, 0), (1.1381348354473575e-7, -0.060247941790328774, -0.9981835476584852, 0), (-2.60265157856294e-7, 0.9981835476584561, -0.06024794179035675, 0), (-0.006250012665987015, 0.11543713510036469, 0.1448768526315689, 1) )
            uniform token[] xformOpOrder = ["xformOp:transform"]

            def Capsule "Visual" (
                prepend apiSchemas = ["MaterialBindingAPI"]
            )
            {
                uniform token axis = "Z"
                double height = 0.00499672131147541
                rel material:binding = </Looks/Wire_0>
                color3f[] primvars:displayColor = [(0.85, 0.04, 0.065)]
                double radius = 0.001
            }
        }

        def Xform "Segment_24"
        {
            matrix4d xformOp:transform = ( (0.9999999999999755, 1.9368664520058766e-7, 1.0800875357321976e-7, 0), (1.2675549471868704e-7, -0.09955970309468531, -0.9950316561326585, 0), (-1.8197101949519253e-7, 0.9950316561326477, -0.0995597030947073, 0), (-0.006250013597309589, 0.12041662633419037, 0.14447763562202454, 1) )
            uniform token[] xformOpOrder = ["xformOp:transform"]

            def Capsule "Visual" (
                prepend apiSchemas = ["MaterialBindingAPI"]
            )
            {
                uniform token axis = "Z"
                double height = 0.00499672131147541
                rel material:binding = </Looks/Wire_0>
                color3f[] primvars:displayColor = [(0.85, 0.04, 0.065)]
                double radius = 0.001
            }
        }

        def Xform "Segment_25"
        {
            matrix4d xformOp:transform = ( (0.9999999999999857, 1.198358158204772e-7, 1.1906002733129428e-7, 0), (1.3452986995945336e-7, -0.1386942235112656, -0.9903353278359637, 0), (-1.0216470501195823e-7, 0.9903353278359655, -0.1386942235112798, 0), (-0.006250014528632164, 0.12537650763988495, 0.14388242363929749, 1) )
            uniform token[] xformOpOrder = ["xformOp:transform"]

            def Capsule "Visual" (
                prepend apiSchemas = ["MaterialBindingAPI"]
            )
            {
                uniform token axis = "Z"
                double height = 0.00499672131147541
                rel material:binding = </Looks/Wire_0>
                color3f[] primvars:displayColor = [(0.85, 0.04, 0.065)]
                double radius = 0.001
            }
        }

        def Xform "Segment_26"
        {
            matrix4d xformOp:transform = ( (0.9999999999999796, 1.6570325347342874e-7, 1.1602802942315602e-7, 0), (1.4361043777158184e-7, -0.17758642201013708, -0.9841051971918393, 0), (-1.4246443060130747e-7, 0.9841051971918358, -0.17758642201015706, 0), (-0.006250014994293451, 0.1303090900182724, 0.1430922895669937, 1) )
            uniform token[] xformOpOrder = ["xformOp:transform"]

            def Capsule "Visual" (
                prepend apiSchemas = ["MaterialBindingAPI"]
            )
            {
                uniform token axis = "Z"
                double height = 0.00499672131147541
                rel material:binding = </Looks/Wire_0>
                color3f[] primvars:displayColor = [(0.85, 0.04, 0.065)]
                double radius = 0.001
            }
        }

        def Xform "Segment_27"
        {
            matrix4d xformOp:transform = ( (0.9999999999999729, 2.0313084833053205e-7, 1.1397501772394762e-7, 0), (1.5519546838065437e-7, -0.21619559471130922, -0.9763503206940429, 0), (-1.7368596029260713e-7, 0.976350320694034, -0.21619559471133498, 0), (-0.006250015925616026, 0.13520672917366028, 0.14210852980613708, 1) )
            uniform token[] xformOpOrder = ["xformOp:transform"]

            def Capsule "Visual" (
                prepend apiSchemas = ["MaterialBindingAPI"]
            )
            {
                uniform token axis = "Z"
                double height = 0.00499672131147541
                rel material:binding = </Looks/Wire_0>
                color3f[] primvars:displayColor = [(0.85, 0.04, 0.065)]
                double radius = 0.001
            }
        }

        def Xform "Segment_28"
        {
            matrix4d xformOp:transform = ( (0.9999999999999722, 2.035745656759289e-7, 1.1845481980404932e-7, 0), (1.6635481140707502e-7, -0.25444603660185594, -0.9670872325003934, 0), (-1.6673399427432125e-7, 0.9670872325003863, -0.2544460366018828, 0), (-0.0062500168569386005, 0.1400618702173233, 0.14093276858329773, 1) )
            uniform token[] xformOpOrder = ["xformOp:transform"]

            def Capsule "Visual" (
                prepend apiSchemas = ["MaterialBindingAPI"]
            )
            {
                uniform token axis = "Z"
                double height = 0.00499672131147541
                rel material:binding = </Looks/Wire_0>
                color3f[] primvars:displayColor = [(0.85, 0.04, 0.065)]
                double radius = 0.001
            }
        }

        def Xform "Segment_29"
        {
            matrix4d xformOp:transform = ( (0.9999999999999761, 1.7520261941005628e-7, 1.3043853343470426e-7, 0), (1.7595194162038518e-7, -0.29228791790473707, -0.9563303520723067, 0), (-1.294259753401846e-7, 0.9563303520723069, -0.29228791790476083, 0), (-0.006250017788261175, 0.14486698806285858, 0.13956689834594727, 1) )
            uniform token[] xformOpOrder = ["xformOp:transform"]

            def Capsule "Visual" (
                prepend apiSchemas = ["MaterialBindingAPI"]
            )
            {
                uniform token axis = "Z"
                double height = 0.00499672131147541
                rel material:binding = </Looks/Wire_0>
                color3f[] primvars:displayColor = [(0.85, 0.04, 0.065)]
                double radius = 0.001
            }
        }

        def Xform "Segment_30"
        {
            matrix4d xformOp:transform = ( (0.999999999999981, 1.2297790765653093e-7, 1.514280622556268e-7, 0), (1.8350551254070656e-7, -0.32968026645927173, -0.9440925935646143, 0), (-6.617968477746644e-8, 0.944092593564624, -0.32968026645928816, 0), (-0.0062500182539224625, 0.14961466193199158, 0.13801309466362, 1) )
            uniform token[] xformOpOrder = ["xformOp:transform"]

            def Capsule "Visual" (
                prepend apiSchemas = ["MaterialBindingAPI"]
            )
            {
                uniform token axis = "Z"
                double height = 0.00499672131147541
                rel material:binding = </Looks/Wire_0>
                color3f[] primvars:displayColor = [(0.85, 0.04, 0.065)]
                double radius = 0.001
            }
        }

        def Xform "Segment_31"
        {
            matrix4d xformOp:transform = ( (0.9999999999999813, 1.0784094916702838e-7, 1.599775866803038e-7, 0), (1.883728855774778e-7, -0.36657005295274114, -0.9303903653408205, 0), (-4.16911805603315e-8, 0.9303903653408334, -0.36657005295275447, 0), (-0.0062500182539224625, 0.15429753065109253, 0.13627371191978455, 1) )
            uniform token[] xformOpOrder = ["xformOp:transform"]

            def Capsule "Visual" (
                prepend apiSchemas = ["MaterialBindingAPI"]
            )
            {
                uniform token axis = "Z"
                double height = 0.00499672131147541
                rel material:binding = </Looks/Wire_0>
                color3f[] primvars:displayColor = [(0.85, 0.04, 0.065)]
                double radius = 0.001
            }
        }

        def Xform "Segment_32"
        {
            matrix4d xformOp:transform = ( (0.9999999999999808, 1.3096277471968743e-7, 1.461388420999366e-7, 0), (1.8651770591756791e-7, -0.40290147684038535, -0.9152432515387782, 0), (-6.098323467837247e-8, 0.9152432515387877, -0.402901476840402, 0), (-0.0062500182539224625, 0.15890832245349884, 0.13435141742229462, 1) )
            uniform token[] xformOpOrder = ["xformOp:transform"]

            def Capsule "Visual" (
                prepend apiSchemas = ["MaterialBindingAPI"]
            )
            {
                uniform token axis = "Z"
                double height = 0.00499672131147541
                rel material:binding = </Looks/Wire_0>
                color3f[] primvars:displayColor = [(0.85, 0.04, 0.065)]
                double radius = 0.001
            }
        }

        def Xform "Segment_33"
        {
            matrix4d xformOp:transform = ( (0.9999999999999827, 3.523963029521562e-8, 1.8275016632560543e-7, 0), (1.796884322552353e-7, -0.4386378306030161, -0.8986642394341173, 0), (4.84924958012644e-8, 0.8986642394341346, -0.43863783060301476, 0), (-0.0062500182539224625, 0.16343986988067627, 0.13224907219409943, 1) )
            uniform token[] xformOpOrder = ["xformOp:transform"]

            def Capsule "Visual" (
                prepend apiSchemas = ["MaterialBindingAPI"]
            )
            {
                uniform token axis = "Z"
                double height = 0.00499672131147541
                rel material:binding = </Looks/Wire_0>
                color3f[] primvars:displayColor = [(0.85, 0.04, 0.065)]
                double radius = 0.001
            }
        }

        def Xform "Segment_34"
        {
            matrix4d xformOp:transform = ( (0.9999999999999788, -2.1428974766483275e-8, 2.0494649973771334e-7, 0), (1.703403347353278e-7, -0.4737178581664414, -0.8806768611187498, 0), (1.1595878179999817e-7, 0.880676861118766, -0.47371785816642764, 0), (-0.006250017788261175, 0.16788503527641296, 0.12996983528137207, 1) )
            uniform token[] xformOpOrder = ["xformOp:transform"]

            def Capsule "Visual" (
                prepend apiSchemas = ["MaterialBindingAPI"]
            )
            {
                uniform token axis = "Z"
                double height = 0.00499672131147541
                rel material:binding = </Looks/Wire_0>
                color3f[] primvars:displayColor = [(0.85, 0.04, 0.065)]
                double radius = 0.001
            }
        }

        def Xform "Segment_35"
        {
            matrix4d xformOp:transform = ( (0.999999999999967, -9.769866346695746e-8, 2.3740735196589383e-7, 0), (1.5483720847717502e-7, -0.5081026747710493, -0.8612966913117461, 0), (2.0477479943021173e-7, 0.8612966913117546, -0.5081026747710173, 0), (-0.0062500168569386005, 0.1722368597984314, 0.12751704454421997, 1) )
            uniform token[] xformOpOrder = ["xformOp:transform"]

            def Capsule "Visual" (
                prepend apiSchemas = ["MaterialBindingAPI"]
            )
            {
                uniform token axis = "Z"
                double height = 0.00499672131147541
                rel material:binding = </Looks/Wire_0>
                color3f[] primvars:displayColor = [(0.85, 0.04, 0.065)]
                double radius = 0.001
            }
        }

        def Xform "Segment_36"
        {
            matrix4d xformOp:transform = ( (0.9999999999999668, -1.1011902663389182e-7, 2.331402523278882e-7, 0), (1.3630865160623155e-7, -0.5417423260155776, -0.8405446404915561, 0), (2.188618943068851e-7, 0.8405446404915599, -0.5417423260155447, 0), (-0.006250015925616026, 0.17648841440677643, 0.12489432841539383, 1) )
            uniform token[] xformOpOrder = ["xformOp:transform"]

            def Capsule "Visual" (
                prepend apiSchemas = ["MaterialBindingAPI"]
            )
            {
                uniform token axis = "Z"
                double height = 0.00499672131147541
                rel material:binding = </Looks/Wire_0>
                color3f[] primvars:displayColor = [(0.85, 0.04, 0.065)]
                double radius = 0.001
            }
        }

        def Xform "Segment_37"
        {
            matrix4d xformOp:transform = ( (0.9999999999999608, -1.4202239785974263e-7, 2.414783463953675e-7, 0), (1.1602655399871013e-7, -0.5746049584864643, -0.8184308516999492, 0), (2.549901802792737e-7, 0.8184308516999452, -0.5746049584864252, 0), (-0.006250014994293451, 0.18063287436962128, 0.12210548669099808, 1) )
            uniform token[] xformOpOrder = ["xformOp:transform"]

            def Capsule "Visual" (
                prepend apiSchemas = ["MaterialBindingAPI"]
            )
            {
                uniform token axis = "Z"
                double height = 0.00499672131147541
                rel material:binding = </Looks/Wire_0>
                color3f[] primvars:displayColor = [(0.85, 0.04, 0.065)]
                double radius = 0.001
            }
        }

        def Xform "Segment_38"
        {
            matrix4d xformOp:transform = ( (0.9999999999999734, -1.0514125519339509e-7, 2.0531321827597152e-7, 0), (9.943449954278967e-8, -0.6066469689413037, -0.794971335704702, 0), (2.0813692955156786e-7, 0.7949713357047014, -0.606646968941277, 0), (-0.006250014062970877, 0.18466348946094513, 0.11915451288223267, 1) )
            uniform token[] xformOpOrder = ["xformOp:transform"]

            def Capsule "Visual" (
                prepend apiSchemas = ["MaterialBindingAPI"]
            )
            {
                uniform token axis = "Z"
                double height = 0.00499672131147541
                rel material:binding = </Looks/Wire_0>
                color3f[] primvars:displayColor = [(0.85, 0.04, 0.065)]
                double radius = 0.001
            }
        }

        def Xform "Segment_39"
        {
            matrix4d xformOp:transform = ( (0.9999999999999916, -1.4605402361675809e-8, 1.287588365484134e-7, 0), (8.985070671226206e-8, -0.6378356450116631, -0.7701729034508215, 0), (9.337561925232169e-8, 0.7701729034508266, -0.6378356450116565, 0), (-0.006250013597309589, 0.18857355415821075, 0.11604555696249008, 1) )
            uniform token[] xformOpOrder = ["xformOp:transform"]

            def Capsule "Visual" (
                prepend apiSchemas = ["MaterialBindingAPI"]
            )
            {
                uniform token axis = "Z"
                double height = 0.00499672131147541
                rel material:binding = </Looks/Wire_0>
                color3f[] primvars:displayColor = [(0.85, 0.04, 0.065)]
                double radius = 0.001
            }
        }

        def Xform "Segment_40"
        {
            matrix4d xformOp:transform = ( (0.9999999999999956, 1.496408437538977e-8, 9.350422885284499e-8, 0), (7.95695914968373e-8, -0.6681254799803216, -0.7440488764694331, 0), (5.1338530789120083e-8, 0.7440488764694371, -0.6681254799803198, 0), (-0.006250013131648302, 0.1923563927412033, 0.1127830445766449, 1) )
            uniform token[] xformOpOrder = ["xformOp:transform"]

            def Capsule "Visual" (
                prepend apiSchemas = ["MaterialBindingAPI"]
            )
            {
                uniform token axis = "Z"
                double height = 0.00499672131147541
                rel material:binding = </Looks/Wire_0>
                color3f[] primvars:displayColor = [(0.85, 0.04, 0.065)]
                double radius = 0.001
            }
        }

        def Xform "Segment_41"
        {
            matrix4d xformOp:transform = ( (0.999999999999997, 3.052145195360934e-8, 7.094761324816229e-8, 0), (7.21296793270103e-8, -0.6974744570477553, -0.7166097283180036, 0), (2.761217512529499e-8, 0.7166097283180065, -0.6974744570477556, 0), (-0.006250013131648302, 0.19600540399551392, 0.10937153548002243, 1) )
            uniform token[] xformOpOrder = ["xformOp:transform"]

            def Capsule "Visual" (
                prepend apiSchemas = ["MaterialBindingAPI"]
            )
            {
                uniform token axis = "Z"
                double height = 0.00499672131147541
                rel material:binding = </Looks/Wire_0>
                color3f[] primvars:displayColor = [(0.85, 0.04, 0.065)]
                double radius = 0.001
            }
        }

        def Xform "Segment_42"
        {
            matrix4d xformOp:transform = ( (0.9999999999999949, 5.011131414521397e-9, 1.0060097397141759e-7, 0), (7.283833244976549e-8, -0.7258273693233874, -0.6878773311605765, 0), (6.957186736022602e-8, 0.6878773311605803, -0.7258273693233841, 0), (-0.006250013131648302, 0.19951407611370087, 0.10581590980291367, 1) )
            uniform token[] xformOpOrder = ["xformOp:transform"]

            def Capsule "Visual" (
                prepend apiSchemas = ["MaterialBindingAPI"]
            )
            {
                uniform token axis = "Z"
                double height = 0.00499672131147541
                rel material:binding = </Looks/Wire_0>
                color3f[] primvars:displayColor = [(0.85, 0.04, 0.065)]
                double radius = 0.001
            }
        }

        def Xform "Segment_43"
        {
            matrix4d xformOp:transform = ( (0.9999999999999918, -1.7691712191421252e-8, 1.2711527666199178e-7, 0), (7.030143786753031e-8, -0.7531298036102576, -0.6578721243324548, 0), (1.0737317204440116e-7, 0.6578721243324583, -0.7531298036102503, 0), (-0.006250013131648302, 0.2028760015964508, 0.10212122648954391, 1) )
            uniform token[] xformOpOrder = ["xformOp:transform"]

            def Capsule "Visual" (
                prepend apiSchemas = ["MaterialBindingAPI"]
            )
            {
                uniform token axis = "Z"
                double height = 0.00499672131147541
                rel material:binding = </Looks/Wire_0>
                color3f[] primvars:displayColor = [(0.85, 0.04, 0.065)]
                double radius = 0.001
            }
        }

        def Xform "Segment_44"
        {
            matrix4d xformOp:transform = ( (0.9999999999999951, 6.934686922012014e-9, 9.872418016376752e-8, 0), (6.726820689488803e-8, -0.7793140671637999, -0.6266338913856071, 0), (7.259161089864924e-8, 0.6266338913856107, -0.7793140671637964, 0), (-0.006250012665987015, 0.2060849517583847, 0.09829294681549072, 1) )
            uniform token[] xformOpOrder = ["xformOp:transform"]

            def Capsule "Visual" (
                prepend apiSchemas = ["MaterialBindingAPI"]
            )
            {
                uniform token axis = "Z"
                double height = 0.00499672131147541
                rel material:binding = </Looks/Wire_0>
                color3f[] primvars:displayColor = [(0.85, 0.04, 0.065)]
                double radius = 0.001
            }
        }

        def Xform "Segment_45"
        {
            matrix4d xformOp:transform = ( (0.9999999999999928, -1.009837712984661e-8, 1.2017302766863322e-7, 0), (6.328334552179446e-8, -0.8043241489894652, -0.5941908711533747, 0), (1.0265842381057616e-7, 0.594190871153378, -0.8043241489894588, 0), (-0.0062500122003257275, 0.2091347873210907, 0.09433676302433014, 1) )
            uniform token[] xformOpOrder = ["xformOp:transform"]

            def Capsule "Visual" (
                prepend apiSchemas = ["MaterialBindingAPI"]
            )
            {
                uniform token axis = "Z"
                double height = 0.00499672131147541
                rel material:binding = </Looks/Wire_0>
                color3f[] primvars:displayColor = [(0.85, 0.04, 0.065)]
                double radius = 0.001
            }
        }

        def Xform "Segment_46"
        {
            matrix4d xformOp:transform = ( (0.9999999999999878, -3.4083352686659946e-8, 1.5247849688969307e-7, 0), (5.725499693247155e-8, -0.8280888809904761, -0.5605973825355893, 0), (1.453727356500044e-7, 0.5605973825355913, -0.8280888809904638, 0), (-0.006250011269003153, 0.2120196372270584, 0.09025876969099045, 1) )
            uniform token[] xformOpOrder = ["xformOp:transform"]

            def Capsule "Visual" (
                prepend apiSchemas = ["MaterialBindingAPI"]
            )
            {
                uniform token axis = "Z"
                double height = 0.00499672131147541
                rel material:binding = </Looks/Wire_0>
                color3f[] primvars:displayColor = [(0.85, 0.04, 0.065)]
                double radius = 0.001
            }
        }

        def Xform "Segment_47"
        {
            matrix4d xformOp:transform = ( (0.9999999999999888, -3.120395787548068e-8, 1.4678953467782497e-7, 0), (5.065794407048718e-8, -0.850540126946687, -0.525910547333747, 0), (1.4126084801026272e-7, 0.5259105473337485, -0.8505401269466759, 0), (-0.006250010337680578, 0.21473389863967896, 0.08606529980897903, 1) )
            uniform token[] xformOpOrder = ["xformOp:transform"]

            def Capsule "Visual" (
                prepend apiSchemas = ["MaterialBindingAPI"]
            )
            {
                uniform token axis = "Z"
                double height = 0.00499672131147541
                rel material:binding = </Looks/Wire_0>
                color3f[] primvars:displayColor = [(0.85, 0.04, 0.065)]
                double radius = 0.001
            }
        }

        def Xform "Segment_48"
        {
            matrix4d xformOp:transform = ( (0.9999999999999719, -8.027137662847286e-8, 2.2284872657292287e-7, 0), (3.927572956323682e-8, -0.8716091012370832, -0.4902024104294423, 0), (2.3358609956133726e-7, 0.4902024104294373, -0.8716091012370557, 0), (-0.006250009406358004, 0.2172722965478897, 0.0817631408572197, 1) )
            uniform token[] xformOpOrder = ["xformOp:transform"]

            def Capsule "Visual" (
                prepend apiSchemas = ["MaterialBindingAPI"]
            )
            {
                uniform token axis = "Z"
                double height = 0.00499672131147541
                rel material:binding = </Looks/Wire_0>
                color3f[] primvars:displayColor = [(0.85, 0.04, 0.065)]
                double radius = 0.001
            }
        }

        def Xform "Segment_49"
        {
            matrix4d xformOp:transform = ( (0.9999999999999877, -4.275204121140299e-8, 1.5132400966873033e-7, 0), (3.0534169047731026e-8, -0.891221858151388, -0.4535679557165105, 0), (1.542541975134812e-7, 0.4535679557165095, -0.8912218581513756, 0), (-0.006250008475035429, 0.21962997317314148, 0.07735934108495712, 1) )
            uniform token[] xformOpOrder = ["xformOp:transform"]

            def Capsule "Visual" (
                prepend apiSchemas = ["MaterialBindingAPI"]
            )
            {
                uniform token axis = "Z"
                double height = 0.00499672131147541
                rel material:binding = </Looks/Wire_0>
                color3f[] primvars:displayColor = [(0.85, 0.04, 0.065)]
                double radius = 0.001
            }
        }

        def Xform "Segment_50"
        {
            matrix4d xformOp:transform = ( (0.9999999999999839, -5.7633203478177143e-8, 1.7007343959967627e-7, 0), (1.8362496909768458e-8, -0.9093144625407152, -0.4161096645190163, 0), (1.7863196720537017e-7, 0.41610966451901277, -0.9093144625406995, 0), (-0.006250007543712854, 0.22180253267288208, 0.07286136597394943, 1) )
            uniform token[] xformOpOrder = ["xformOp:transform"]

            def Capsule "Visual" (
                prepend apiSchemas = ["MaterialBindingAPI"]
            )
            {
                uniform token axis = "Z"
                double height = 0.00499672131147541
                rel material:binding = </Looks/Wire_0>
                color3f[] primvars:displayColor = [(0.85, 0.04, 0.065)]
                double radius = 0.001
            }
        }

        def Xform "Segment_51"
        {
            matrix4d xformOp:transform = ( (0.9999999999999691, -9.239411735277133e-8, 2.3078876495148554e-7, 0), (1.690652785235005e-9, -0.9258186503689472, -0.3779683311397356, 0), (2.4859056426660586e-7, 0.3779683311397243, -0.9258186503689185, 0), (-0.00625000661239028, 0.22378621995449066, 0.06827695667743683, 1) )
            uniform token[] xformOpOrder = ["xformOp:transform"]

            def Capsule "Visual" (
                prepend apiSchemas = ["MaterialBindingAPI"]
            )
            {
                uniform token axis = "Z"
                double height = 0.00499672131147541
                rel material:binding = </Looks/Wire_0>
                color3f[] primvars:displayColor = [(0.85, 0.04, 0.065)]
                double radius = 0.001
            }
        }

        def Xform "Segment_52"
        {
            matrix4d xformOp:transform = ( (0.9999999999999671, -9.538094082055985e-8, 2.3777511600902685e-7, 0), (-9.056676406833116e-9, -0.9406931257581548, -0.3392596436305193, 0), (2.5603223679330544e-7, 0.339259643630506, -0.9406931257581248, 0), (-0.006250005681067705, 0.22557790577411652, 0.06361417472362518, 1) )
            uniform token[] xformOpOrder = ["xformOp:transform"]

            def Capsule "Visual" (
                prepend apiSchemas = ["MaterialBindingAPI"]
            )
            {
                uniform token axis = "Z"
                double height = 0.00499672131147541
                rel material:binding = </Looks/Wire_0>
                color3f[] primvars:displayColor = [(0.85, 0.04, 0.065)]
                double radius = 0.001
            }
        }

        def Xform "Segment_53"
        {
            matrix4d xformOp:transform = ( (0.999999999999959, -1.0612177408810554e-7, 2.658068756539157e-7, 0), (-2.1439618680689496e-8, -0.9538848394013149, -0.30017398686412744, 0), (2.854040448755584e-7, 0.30017398686410945, -0.953884839401278, 0), (-0.006250003818422556, 0.22717523574829102, 0.05888127535581589, 1) )
            uniform token[] xformOpOrder = ["xformOp:transform"]

            def Capsule "Visual" (
                prepend apiSchemas = ["MaterialBindingAPI"]
            )
            {
                uniform token axis = "Z"
                double height = 0.00499672131147541
                rel material:binding = </Looks/Wire_0>
                color3f[] primvars:displayColor = [(0.85, 0.04, 0.065)]
                double radius = 0.001
            }
        }

        def Xform "Segment_54"
        {
            matrix4d xformOp:transform = ( (0.9999999999999685, -9.399471227404412e-8, 2.330266365088348e-7, 0), (-2.9949816277155316e-8, -0.9653735442454103, -0.2608722352629092, 0), (2.4947831120773927e-7, 0.260872235262894, -0.9653735442453828, 0), (-0.006250002421438694, 0.22857673466205597, 0.05408673733472824, 1) )
            uniform token[] xformOpOrder = ["xformOp:transform"]

            def Capsule "Visual" (
                prepend apiSchemas = ["MaterialBindingAPI"]
            )
            {
                uniform token axis = "Z"
                double height = 0.00499672131147541
                rel material:binding = </Looks/Wire_0>
                color3f[] primvars:displayColor = [(0.85, 0.04, 0.065)]
                double radius = 0.001
            }
        }

        def Xform "Segment_55"
        {
            matrix4d xformOp:transform = ( (0.9999999999999827, -7.385377910587635e-8, 1.7112227400769863e-7, 0), (-3.410264180030528e-8, -0.9751448446186419, -0.22156949719488267, 0), (1.8323270224505652e-7, 0.221569497194873, -0.9751448446186275, 0), (-0.006250001024454832, 0.2297818511724472, 0.049239084124565125, 1) )
            uniform token[] xformOpOrder = ["xformOp:transform"]

            def Capsule "Visual" (
                prepend apiSchemas = ["MaterialBindingAPI"]
            )
            {
                uniform token axis = "Z"
                double height = 0.00499672131147541
                rel material:binding = </Looks/Wire_0>
                color3f[] primvars:displayColor = [(0.85, 0.04, 0.065)]
                double radius = 0.001
            }
        }

        def Xform "Segment_56"
        {
            matrix4d xformOp:transform = ( (0.9999999999999875, -6.178163449606375e-8, 1.4611752872052362e-7, 0), (-3.408463474245622e-8, -0.9832139854418471, -0.18245544580217485, 0), (1.5493721384764735e-7, 0.18245544580216758, -0.9832139854418369, 0), (-0.0062500000931322575, 0.23079106211662292, 0.044346876442432404, 1) )
            uniform token[] xformOpOrder = ["xformOp:transform"]

            def Capsule "Visual" (
                prepend apiSchemas = ["MaterialBindingAPI"]
            )
            {
                uniform token axis = "Z"
                double height = 0.00499672131147541
                rel material:binding = </Looks/Wire_0>
                color3f[] primvars:displayColor = [(0.85, 0.04, 0.065)]
                double radius = 0.001
            }
        }

        def Xform "Segment_57"
        {
            matrix4d xformOp:transform = ( (0.9999999999999996, -2.157636735038091e-8, -1.8722624262527354e-8, 0), (-2.4044138404062004e-8, -0.9896096585316132, -0.1437811381212384, 0), (-1.5425812643769275e-8, 0.1437811381212388, -0.9896096585316132, 0), (-0.00624999962747097, 0.23160593211650848, 0.039418529719114304, 1) )
            uniform token[] xformOpOrder = ["xformOp:transform"]

            def Capsule "Visual" (
                prepend apiSchemas = ["MaterialBindingAPI"]
            )
            {
                uniform token axis = "Z"
                double height = 0.00499672131147541
                rel material:binding = </Looks/Wire_0>
                color3f[] primvars:displayColor = [(0.85, 0.04, 0.065)]
                double radius = 0.001
            }
        }

        def Xform "Segment_58"
        {
            matrix4d xformOp:transform = ( (0.9999999999999989, -1.1415176475605403e-8, -4.597449623941755e-8, 0), (-1.621419628527433e-8, -0.994390135485703, -0.10577737483600881, 0), (-4.450910465578958e-8, 0.10577737483600945, -0.9943901354857019, 0), (-0.0062500000931322575, 0.23222921788692474, 0.03446227312088013, 1) )
            uniform token[] xformOpOrder = ["xformOp:transform"]

            def Capsule "Visual" (
                prepend apiSchemas = ["MaterialBindingAPI"]
            )
            {
                uniform token axis = "Z"
                double height = 0.00499672131147541
                rel material:binding = </Looks/Wire_0>
                color3f[] primvars:displayColor = [(0.85, 0.04, 0.065)]
                double radius = 0.001
            }
        }

        def Xform "Segment_59"
        {
            matrix4d xformOp:transform = ( (0.9999999999999977, -2.027623483145693e-9, -6.824230185430588e-8, 0), (-6.710675640760227e-9, -0.9976379696916262, -0.06869408275428486, 0), (-6.794181224995481e-8, 0.06869408275428517, -0.997637969691624, 0), (-0.0062500000931322575, 0.23266491293907166, 0.02948595955967903, 1) )
            uniform token[] xformOpOrder = ["xformOp:transform"]

            def Capsule "Visual" (
                prepend apiSchemas = ["MaterialBindingAPI"]
            )
            {
                uniform token axis = "Z"
                double height = 0.00499672131147541
                rel material:binding = </Looks/Wire_0>
                color3f[] primvars:displayColor = [(0.85, 0.04, 0.065)]
                double radius = 0.001
            }
        }

        def Xform "Segment_60"
        {
            matrix4d xformOp:transform = ( (1, 5.130270777252921e-13, -4.384629516633446e-12, 0), (3.691190793238643e-13, -0.9994633557816499, -0.03275822111066695, 0), (-4.399082164030549e-12, 0.03275822111066695, -0.9994633557816499, 0), (-0.0062500000931322575, 0.2329181730747223, 0.02449697069823742, 1) )
            uniform token[] xformOpOrder = ["xformOp:transform"]

            def Capsule "Visual" (
                prepend apiSchemas = ["MaterialBindingAPI"]
            )
            {
                uniform token axis = "Z"
                double height = 0.00499672131147541
                rel material:binding = </Looks/Wire_0>
                color3f[] primvars:displayColor = [(0.85, 0.04, 0.065)]
                double radius = 0.001
            }
        }
    }

    def "Cable_1"
    {
        def Xform "Segment_00"
        {
            matrix4d xformOp:transform = ( (1, 1.8311889950219665e-10, 9.328458939494448e-10, 0), (4.828584355322195e-10, 0.7474302782165907, -0.6643403036578874, 0), (-8.188905448523703e-10, 0.6643403036578874, 0.7474302782165907, 0), (-0.003750000847503543, 0.012875947169959545, 0.10236503183841705, 1) )
            uniform token[] xformOpOrder = ["xformOp:transform"]

            def Capsule "Visual" (
                prepend apiSchemas = ["MaterialBindingAPI"]
            )
            {
                uniform token axis = "Z"
                double height = 0.00499672131147541
                rel material:binding = </Looks/Wire_1>
                color3f[] primvars:displayColor = [(0.95, 0.06, 0.08)]
                double radius = 0.001
            }
        }

        def Xform "Segment_01"
        {
            matrix4d xformOp:transform = ( (0.9999999999999458, -2.2662426863244988e-7, -2.3890774653913847e-7, 0), (-2.197322812219873e-9, 0.7209034310616216, -0.6930355906816786, 0), (3.292880839964619e-7, 0.6930355906816416, 0.7209034310615821, 0), (-0.003750000149011612, 0.016266848891973495, 0.10603312402963638, 1) )
            uniform token[] xformOpOrder = ["xformOp:transform"]

            def Capsule "Visual" (
                prepend apiSchemas = ["MaterialBindingAPI"]
            )
            {
                uniform token axis = "Z"
                double height = 0.00499672131147541
                rel material:binding = </Looks/Wire_1>
                color3f[] primvars:displayColor = [(0.95, 0.06, 0.08)]
                double radius = 0.001
            }
        }

        def Xform "Segment_02"
        {
            matrix4d xformOp:transform = ( (0.9999999999999651, -1.8650030396979743e-7, -1.8706532435546592e-7, 0), (-5.520317187916904e-9, 0.6932657612969071, -0.7206821208694102, 0), (2.6409340214247553e-7, 0.720682120869386, 0.693265761296882, 0), (-0.00374999875202775, 0.019798513501882553, 0.10956593602895737, 1) )
            uniform token[] xformOpOrder = ["xformOp:transform"]

            def Capsule "Visual" (
                prepend apiSchemas = ["MaterialBindingAPI"]
            )
            {
                uniform token axis = "Z"
                double height = 0.00499672131147541
                rel material:binding = </Looks/Wire_1>
                color3f[] primvars:displayColor = [(0.95, 0.06, 0.08)]
                double radius = 0.001
            }
        }

        def Xform "Segment_03"
        {
            matrix4d xformOp:transform = ( (0.9999999999999984, -4.11687741576892e-8, -3.6108118244690957e-8, 0), (3.778458849530493e-10, 0.6645595951564738, -0.7472352923744664, 0), (5.475875638933582e-8, 0.7472352923744653, 0.6645595951564728, 0), (-0.003749998053535819, 0.023465586826205254, 0.11295796930789948, 1) )
            uniform token[] xformOpOrder = ["xformOp:transform"]

            def Capsule "Visual" (
                prepend apiSchemas = ["MaterialBindingAPI"]
            )
            {
                uniform token axis = "Z"
                double height = 0.00499672131147541
                rel material:binding = </Looks/Wire_1>
                color3f[] primvars:displayColor = [(0.95, 0.06, 0.08)]
                double radius = 0.001
            }
        }

        def Xform "Segment_04"
        {
            matrix4d xformOp:transform = ( (0.9999999999999977, 4.938055940145857e-8, 4.6561841943881393e-8, 0), (4.628227359540535e-9, 0.6348254872398155, -0.7726555601589319, 0), (-6.771280738173814e-8, 0.7726555601589303, 0.6348254872398138, 0), (-0.003749998053535819, 0.027262510731816292, 0.11620403826236725, 1) )
            uniform token[] xformOpOrder = ["xformOp:transform"]

            def Capsule "Visual" (
                prepend apiSchemas = ["MaterialBindingAPI"]
            )
            {
                uniform token axis = "Z"
                double height = 0.00499672131147541
                rel material:binding = </Looks/Wire_1>
                color3f[] primvars:displayColor = [(0.95, 0.06, 0.08)]
                double radius = 0.001
            }
        }

        def Xform "Segment_05"
        {
            matrix4d xformOp:transform = ( (0.9999999999999963, 5.96091441840924e-8, 6.175169934223895e-8, 0), (1.3199770936430868e-8, 0.6041074969799048, -0.7969028678038523, 0), (-8.480736105574767e-8, 0.7969028678038501, 0.6041074969799018, 0), (-0.0037499985191971064, 0.031183522194623947, 0.11929907649755478, 1) )
            uniform token[] xformOpOrder = ["xformOp:transform"]

            def Capsule "Visual" (
                prepend apiSchemas = ["MaterialBindingAPI"]
            )
            {
                uniform token axis = "Z"
                double height = 0.00499672131147541
                rel material:binding = </Looks/Wire_1>
                color3f[] primvars:displayColor = [(0.95, 0.06, 0.08)]
                double radius = 0.001
            }
        }

        def Xform "Segment_06"
        {
            matrix4d xformOp:transform = ( (0.9999999999999927, 8.887772005982655e-8, 8.268812788091288e-8, 0), (1.692174757619671e-8, 0.5724464155771036, -0.8199421336456135, 0), (-1.2020910978145781e-7, 0.8199421336456089, 0.572446415577098, 0), (-0.0037499989848583937, 0.035222675651311874, 0.12223830819129944, 1) )
            uniform token[] xformOpOrder = ["xformOp:transform"]

            def Capsule "Visual" (
                prepend apiSchemas = ["MaterialBindingAPI"]
            )
            {
                uniform token axis = "Z"
                double height = 0.00499672131147541
                rel material:binding = </Looks/Wire_1>
                color3f[] primvars:displayColor = [(0.95, 0.06, 0.08)]
                double radius = 0.001
            }
        }

        def Xform "Segment_07"
        {
            matrix4d xformOp:transform = ( (0.9999999999999977, 4.547203305979916e-8, 5.1333225939849146e-8, 0), (1.865884017552779e-8, 0.5398933859646727, -0.8417334270631832, 0), (-6.598979890321821e-8, 0.8417334270631821, 0.5398933859646706, 0), (-0.003749999450519681, 0.03937382623553276, 0.12501710653305054, 1) )
            uniform token[] xformOpOrder = ["xformOp:transform"]

            def Capsule "Visual" (
                prepend apiSchemas = ["MaterialBindingAPI"]
            )
            {
                uniform token axis = "Z"
                double height = 0.00499672131147541
                rel material:binding = </Looks/Wire_1>
                color3f[] primvars:displayColor = [(0.95, 0.06, 0.08)]
                double radius = 0.001
            }
        }

        def Xform "Segment_08"
        {
            matrix4d xformOp:transform = ( (0.9999999999999978, 4.6054549848322717e-8, 4.732201948407027e-8, 0), (1.747775669708221e-8, 0.5064803611140983, -0.8622515030997603, 0), (-6.367827816940378e-8, 0.8622515030997592, 0.5064803611140964, 0), (-0.0037499999161809683, 0.0436306856572628, 0.12763115763664246, 1) )
            uniform token[] xformOpOrder = ["xformOp:transform"]

            def Capsule "Visual" (
                prepend apiSchemas = ["MaterialBindingAPI"]
            )
            {
                uniform token axis = "Z"
                double height = 0.00499672131147541
                rel material:binding = </Looks/Wire_1>
                color3f[] primvars:displayColor = [(0.95, 0.06, 0.08)]
                double radius = 0.001
            }
        }

        def Xform "Segment_09"
        {
            matrix4d xformOp:transform = ( (0.9999999999999999, 3.8594524384678825e-9, 1.7765103162258376e-8, 0), (1.3836650579638934e-8, 0.4722525268288109, -0.8814632779624958, 0), (-1.1791580226053495e-8, 0.8814632779624958, 0.4722525268288108, 0), (-0.003750000149011612, 0.04798680543899536, 0.13007619976997375, 1) )
            uniform token[] xformOpOrder = ["xformOp:transform"]

            def Capsule "Visual" (
                prepend apiSchemas = ["MaterialBindingAPI"]
            )
            {
                uniform token axis = "Z"
                double height = 0.00499672131147541
                rel material:binding = </Looks/Wire_1>
                color3f[] primvars:displayColor = [(0.95, 0.06, 0.08)]
                double radius = 0.001
            }
        }

        def Xform "Segment_10"
        {
            matrix4d xformOp:transform = ( (0.9999999999999998, -2.320539947667779e-8, 6.334469482829575e-10, 0), (1.071646241936978e-8, 0.43725940878476144, -0.8993355179400454, 0), (2.059245621878852e-8, 0.8993355179400452, 0.43725940878476155, 0), (-0.003750000149011612, 0.05243557691574097, 0.13234834372997284, 1) )
            uniform token[] xformOpOrder = ["xformOp:transform"]

            def Capsule "Visual" (
                prepend apiSchemas = ["MaterialBindingAPI"]
            )
            {
                uniform token axis = "Z"
                double height = 0.00499672131147541
                rel material:binding = </Looks/Wire_1>
                color3f[] primvars:displayColor = [(0.95, 0.06, 0.08)]
                double radius = 0.001
            }
        }

        def Xform "Segment_11"
        {
            matrix4d xformOp:transform = ( (0.9999999999999999, -1.802139950229307e-8, 4.0329166265971293e-11, 0), (7.273594819395479e-9, 0.40155932740480427, -0.9158329501917707, 0), (1.648839849306669e-8, 0.9158329501917705, 0.4015593274048044, 0), (-0.003750000149011612, 0.05697021633386612, 0.13444384932518005, 1) )
            uniform token[] xformOpOrder = ["xformOp:transform"]

            def Capsule "Visual" (
                prepend apiSchemas = ["MaterialBindingAPI"]
            )
            {
                uniform token axis = "Z"
                double height = 0.00499672131147541
                rel material:binding = </Looks/Wire_1>
                color3f[] primvars:displayColor = [(0.95, 0.06, 0.08)]
                double radius = 0.001
            }
        }

        def Xform "Segment_12"
        {
            matrix4d xformOp:transform = ( (0.9999999999999999, 6.823955088505701e-9, 9.808575061863097e-9, 0), (6.638890422143424e-9, 0.36520822793709584, -0.9309259745104299, 0), (-9.934769335868739e-9, 0.9309259745104299, 0.36520822793709573, 0), (-0.003750000149011612, 0.061583783477544785, 0.13635939359664917, 1) )
            uniform token[] xformOpOrder = ["xformOp:transform"]

            def Capsule "Visual" (
                prepend apiSchemas = ["MaterialBindingAPI"]
            )
            {
                uniform token axis = "Z"
                double height = 0.00499672131147541
                rel material:binding = </Looks/Wire_1>
                color3f[] primvars:displayColor = [(0.95, 0.06, 0.08)]
                double radius = 0.001
            }
        }

        def Xform "Segment_13"
        {
            matrix4d xformOp:transform = ( (0.999999999999998, -6.00797198473854e-8, -1.839420592750505e-8, 0), (2.3468689265095577e-9, 0.3282605259226933, -0.9445872327910944, 0), (6.278862759198962e-8, 0.9445872327910924, 0.32826052592269284, 0), (-0.003750000149011612, 0.06626918911933899, 0.1380918025970459, 1) )
            uniform token[] xformOpOrder = ["xformOp:transform"]

            def Capsule "Visual" (
                prepend apiSchemas = ["MaterialBindingAPI"]
            )
            {
                uniform token axis = "Z"
                double height = 0.00499672131147541
                rel material:binding = </Looks/Wire_1>
                color3f[] primvars:displayColor = [(0.95, 0.06, 0.08)]
                double radius = 0.001
            }
        }

        def Xform "Segment_14"
        {
            matrix4d xformOp:transform = ( (0.9999999999999999, -1.7934312856514238e-8, -2.8520987630643902e-9, 0), (2.486092211147661e-9, 0.2907805308003616, -0.9567898992420113, 0), (1.7988701746020368e-8, 0.9567898992420111, 0.2907805308003616, 0), (-0.0037499999161809683, 0.07101921737194061, 0.13963830471038818, 1) )
            uniform token[] xformOpOrder = ["xformOp:transform"]

            def Capsule "Visual" (
                prepend apiSchemas = ["MaterialBindingAPI"]
            )
            {
                uniform token axis = "Z"
                double height = 0.00499672131147541
                rel material:binding = </Looks/Wire_1>
                color3f[] primvars:displayColor = [(0.95, 0.06, 0.08)]
                double radius = 0.001
            }
        }

        def Xform "Segment_15"
        {
            matrix4d xformOp:transform = ( (1, -7.079835854164308e-9, 2.3362088651487473e-9, 0), (4.050277606825599e-9, 0.25282619264634576, -0.9675117489938145, 0), (6.259169185375736e-9, 0.9675117489938145, 0.25282619264634576, 0), (-0.0037499999161809683, 0.07582651823759079, 0.14099633693695068, 1) )
            uniform token[] xformOpOrder = ["xformOp:transform"]

            def Capsule "Visual" (
                prepend apiSchemas = ["MaterialBindingAPI"]
            )
            {
                uniform token axis = "Z"
                double height = 0.00499672131147541
                rel material:binding = </Looks/Wire_1>
                color3f[] primvars:displayColor = [(0.95, 0.06, 0.08)]
                double radius = 0.001
            }
        }

        def Xform "Segment_16"
        {
            matrix4d xformOp:transform = ( (1, 2.5322761647362692e-9, 4.636702057685056e-9, 0), (3.9857699308827265e-9, 0.21445346857555592, -0.9767342543452884, 0), (-3.467717780371316e-9, 0.9767342543452884, 0.21445346857555592, 0), (-0.0037499999161809683, 0.08068365603685379, 0.1421637088060379, 1) )
            uniform token[] xformOpOrder = ["xformOp:transform"]

            def Capsule "Visual" (
                prepend apiSchemas = ["MaterialBindingAPI"]
            )
            {
                uniform token axis = "Z"
                double height = 0.00499672131147541
                rel material:binding = </Looks/Wire_1>
                color3f[] primvars:displayColor = [(0.95, 0.06, 0.08)]
                double radius = 0.001
            }
        }

        def Xform "Segment_17"
        {
            matrix4d xformOp:transform = ( (0.9999999999999999, -1.2224797810474579e-8, 1.2057921158379801e-9, 0), (3.335283758499731e-9, 0.17572919501082396, -0.9844386845750535, 0), (1.1822668835076494e-8, 0.9844386845750535, 0.17572919501082396, 0), (-0.0037499999161809683, 0.08558307588100433, 0.14313846826553345, 1) )
            uniform token[] xformOpOrder = ["xformOp:transform"]

            def Capsule "Visual" (
                prepend apiSchemas = ["MaterialBindingAPI"]
            )
            {
                uniform token axis = "Z"
                double height = 0.00499672131147541
                rel material:binding = </Looks/Wire_1>
                color3f[] primvars:displayColor = [(0.95, 0.06, 0.08)]
                double radius = 0.001
            }
        }

        def Xform "Segment_18"
        {
            matrix4d xformOp:transform = ( (1, -7.232290094037136e-9, 3.1212267673491875e-9, 0), (4.080740703898863e-9, 0.13672360253934102, -0.9906092182942317, 0), (6.7376280577861934e-9, 0.9906092182942317, 0.13672360253934102, 0), (-0.0037499999161809683, 0.09051716327667236, 0.14391905069351196, 1) )
            uniform token[] xformOpOrder = ["xformOp:transform"]

            def Capsule "Visual" (
                prepend apiSchemas = ["MaterialBindingAPI"]
            )
            {
                uniform token axis = "Z"
                double height = 0.00499672131147541
                rel material:binding = </Looks/Wire_1>
                color3f[] primvars:displayColor = [(0.95, 0.06, 0.08)]
                double radius = 0.001
            }
        }

        def Xform "Segment_19"
        {
            matrix4d xformOp:transform = ( (1, -4.4349599986541575e-9, 4.692406520874285e-9, 0), (5.102442782231039e-9, 0.09749600291252136, -0.9952360188472085, 0), (3.956340076492966e-9, 0.9952360188472085, 0.09749600291252136, 0), (-0.0037499999161809683, 0.09547822922468185, 0.14450415968894958, 1) )
            uniform token[] xformOpOrder = ["xformOp:transform"]

            def Capsule "Visual" (
                prepend apiSchemas = ["MaterialBindingAPI"]
            )
            {
                uniform token axis = "Z"
                double height = 0.00499672131147541
                rel material:binding = </Looks/Wire_1>
                color3f[] primvars:displayColor = [(0.95, 0.06, 0.08)]
                double radius = 0.001
            }
        }

        def Xform "Segment_20"
        {
            matrix4d xformOp:transform = ( (1, -6.057424587549938e-9, 4.8742893227530014e-9, 0), (5.218119211120298e-9, 0.05812195353507832, -0.9983095894294252, 0), (5.763880718257078e-9, 0.9983095894294252, 0.05812195353507832, 0), (-0.0037499999161809683, 0.1004585325717926, 0.14489293098449707, 1) )
            uniform token[] xformOpOrder = ["xformOp:transform"]

            def Capsule "Visual" (
                prepend apiSchemas = ["MaterialBindingAPI"]
            )
            {
                uniform token axis = "Z"
                double height = 0.00499672131147541
                rel material:binding = </Looks/Wire_1>
                color3f[] primvars:displayColor = [(0.95, 0.06, 0.08)]
                double radius = 0.001
            }
        }

        def Xform "Segment_21"
        {
            matrix4d xformOp:transform = ( (1, -7.650681637068999e-9, 5.077067058023601e-9, 0), (5.218954018587424e-9, 0.018661094474389017, -0.9998259929769233, 0), (7.554605110482174e-9, 0.9998259929769233, 0.018661094474389017, 0), (-0.0037499999161809683, 0.10545030236244202, 0.14508475363254547, 1) )
            uniform token[] xformOpOrder = ["xformOp:transform"]

            def Capsule "Visual" (
                prepend apiSchemas = ["MaterialBindingAPI"]
            )
            {
                uniform token axis = "Z"
                double height = 0.00499672131147541
                rel material:binding = </Looks/Wire_1>
                color3f[] primvars:displayColor = [(0.95, 0.06, 0.08)]
                double radius = 0.001
            }
        }

        def Xform "Segment_22"
        {
            matrix4d xformOp:transform = ( (1, -8.696867537962757e-9, 5.15012894676539e-9, 0), (4.9679756947348985e-9, -0.02081645942411825, -0.9997833934289488, 0), (8.802190104610583e-9, 0.9997833934289488, -0.02081645942411825, 0), (-0.0037499999161809683, 0.1104457750916481, 0.1450793743133545, 1) )
            uniform token[] xformOpOrder = ["xformOp:transform"]

            def Capsule "Visual" (
                prepend apiSchemas = ["MaterialBindingAPI"]
            )
            {
                uniform token axis = "Z"
                double height = 0.00499672131147541
                rel material:binding = </Looks/Wire_1>
                color3f[] primvars:displayColor = [(0.95, 0.06, 0.08)]
                double radius = 0.001
            }
        }

        def Xform "Segment_23"
        {
            matrix4d xformOp:transform = ( (0.9999999999999999, -9.647800006786213e-9, 5.22039450505339e-9, 0), (4.629652309339573e-9, -0.06024794179032256, -0.9981835476584706, 0), (9.94479176523885e-9, 0.9981835476584706, -0.06024794179032256, 0), (-0.0037499999161809683, 0.11543713510036469, 0.1448768526315689, 1) )
            uniform token[] xformOpOrder = ["xformOp:transform"]

            def Capsule "Visual" (
                prepend apiSchemas = ["MaterialBindingAPI"]
            )
            {
                uniform token axis = "Z"
                double height = 0.00499672131147541
                rel material:binding = </Looks/Wire_1>
                color3f[] primvars:displayColor = [(0.95, 0.06, 0.08)]
                double radius = 0.001
            }
        }

        def Xform "Segment_24"
        {
            matrix4d xformOp:transform = ( (0.9999999999999999, -1.0376838179278794e-8, 5.283097446442866e-9, 0), (4.22373464051124e-9, -0.09955970309468398, -0.9950316561326531, 0), (1.085126512965629e-8, 0.9950316561326531, -0.09955970309468398, 0), (-0.0037499999161809683, 0.12041662633419037, 0.14447763562202454, 1) )
            uniform token[] xformOpOrder = ["xformOp:transform"]

            def Capsule "Visual" (
                prepend apiSchemas = ["MaterialBindingAPI"]
            )
            {
                uniform token axis = "Z"
                double height = 0.00499672131147541
                rel material:binding = </Looks/Wire_1>
                color3f[] primvars:displayColor = [(0.95, 0.06, 0.08)]
                double radius = 0.001
            }
        }

        def Xform "Segment_25"
        {
            matrix4d xformOp:transform = ( (0.9999999999999999, -1.1095898279186648e-8, 5.336724558523091e-9, 0), (3.746210350733242e-9, -0.1386942235112656, -0.9903353278359646, 0), (1.1728831810698788e-8, 0.9903353278359646, -0.1386942235112656, 0), (-0.0037499999161809683, 0.12537650763988495, 0.14388242363929749, 1) )
            uniform token[] xformOpOrder = ["xformOp:transform"]

            def Capsule "Visual" (
                prepend apiSchemas = ["MaterialBindingAPI"]
            )
            {
                uniform token axis = "Z"
                double height = 0.00499672131147541
                rel material:binding = </Looks/Wire_1>
                color3f[] primvars:displayColor = [(0.95, 0.06, 0.08)]
                double radius = 0.001
            }
        }

        def Xform "Segment_26"
        {
            matrix4d xformOp:transform = ( (0.9999999999999999, -1.1694378011265082e-8, 5.349261601989966e-9, 0), (3.187473309839791e-9, -0.17758642201013686, -0.9841051971918375, 0), (1.2458454585378697e-8, 0.9841051971918375, -0.17758642201013686, 0), (-0.0037499999161809683, 0.1303090900182724, 0.1430922895669937, 1) )
            uniform token[] xformOpOrder = ["xformOp:transform"]

            def Capsule "Visual" (
                prepend apiSchemas = ["MaterialBindingAPI"]
            )
            {
                uniform token axis = "Z"
                double height = 0.00499672131147541
                rel material:binding = </Looks/Wire_1>
                color3f[] primvars:displayColor = [(0.95, 0.06, 0.08)]
                double radius = 0.001
            }
        }

        def Xform "Segment_27"
        {
            matrix4d xformOp:transform = ( (0.9999999999999999, -1.2261864108204612e-8, 5.348360824955707e-9, 0), (2.570914731376087e-9, -0.21619559471130856, -0.9763503206940385, 0), (1.312816332797512e-8, 0.9763503206940385, -0.21619559471130856, 0), (-0.0037499999161809683, 0.13520672917366028, 0.14210852980613708, 1) )
            uniform token[] xformOpOrder = ["xformOp:transform"]

            def Capsule "Visual" (
                prepend apiSchemas = ["MaterialBindingAPI"]
            )
            {
                uniform token axis = "Z"
                double height = 0.00499672131147541
                rel material:binding = </Looks/Wire_1>
                color3f[] primvars:displayColor = [(0.95, 0.06, 0.08)]
                double radius = 0.001
            }
        }

        def Xform "Segment_28"
        {
            matrix4d xformOp:transform = ( (0.9999999999999999, -1.2638151099175702e-8, 5.331214198875678e-9, 0), (1.940023863782872e-9, -0.2544460366018555, -0.9670872325003899, 0), (1.3578697118937539e-8, 0.9670872325003899, -0.2544460366018555, 0), (-0.0037499999161809683, 0.1400618702173233, 0.14093276858329773, 1) )
            uniform token[] xformOpOrder = ["xformOp:transform"]

            def Capsule "Visual" (
                prepend apiSchemas = ["MaterialBindingAPI"]
            )
            {
                uniform token axis = "Z"
                double height = 0.00499672131147541
                rel material:binding = </Looks/Wire_1>
                color3f[] primvars:displayColor = [(0.95, 0.06, 0.08)]
                double radius = 0.001
            }
        }

        def Xform "Segment_29"
        {
            matrix4d xformOp:transform = ( (0.9999999999999999, -1.2978711210351775e-8, 5.297272751403541e-9, 0), (1.2724220993267448e-9, -0.29228791790473707, -0.9563303520723068, 0), (1.3960264513454543e-8, 0.9563303520723068, -0.29228791790473707, 0), (-0.0037499999161809683, 0.14486698806285858, 0.13956689834594727, 1) )
            uniform token[] xformOpOrder = ["xformOp:transform"]

            def Capsule "Visual" (
                prepend apiSchemas = ["MaterialBindingAPI"]
            )
            {
                uniform token axis = "Z"
                double height = 0.00499672131147541
                rel material:binding = </Looks/Wire_1>
                color3f[] primvars:displayColor = [(0.95, 0.06, 0.08)]
                double radius = 0.001
            }
        }

        def Xform "Segment_30"
        {
            matrix4d xformOp:transform = ( (0.9999999999999999, -1.3127033441231105e-8, 5.259957102688066e-9, 0), (6.381622063448898e-10, -0.3296802664592704, -0.9440925935646192, 0), (1.4127239811361291e-8, 0.9440925935646192, -0.3296802664592704, 0), (-0.0037499999161809683, 0.14961466193199158, 0.13801309466362, 1) )
            uniform token[] xformOpOrder = ["xformOp:transform"]

            def Capsule "Visual" (
                prepend apiSchemas = ["MaterialBindingAPI"]
            )
            {
                uniform token axis = "Z"
                double height = 0.00499672131147541
                rel material:binding = </Looks/Wire_1>
                color3f[] primvars:displayColor = [(0.95, 0.06, 0.08)]
                double radius = 0.001
            }
        }

        def Xform "Segment_31"
        {
            matrix4d xformOp:transform = ( (0.9999999999999999, -1.3246407805320948e-8, 5.20550518224944e-9, 0), (-1.2585339671770781e-11, -0.3665700529527385, -0.930390365340827, 0), (1.4232513676667198e-8, 0.930390365340827, -0.3665700529527385, 0), (-0.0037499999161809683, 0.15429753065109253, 0.13627371191978455, 1) )
            uniform token[] xformOpOrder = ["xformOp:transform"]

            def Capsule "Visual" (
                prepend apiSchemas = ["MaterialBindingAPI"]
            )
            {
                uniform token axis = "Z"
                double height = 0.00499672131147541
                rel material:binding = </Looks/Wire_1>
                color3f[] primvars:displayColor = [(0.95, 0.06, 0.08)]
                double radius = 0.001
            }
        }

        def Xform "Segment_32"
        {
            matrix4d xformOp:transform = ( (0.9999999999999999, -1.3210505895538795e-8, 5.153479046958749e-9, 0), (-6.058463533717921e-10, -0.402901476840384, -0.9152432515387829, 0), (1.4167172000777509e-8, 0.9152432515387829, -0.402901476840384, 0), (-0.0037499999161809683, 0.15890832245349884, 0.13435141742229462, 1) )
            uniform token[] xformOpOrder = ["xformOp:transform"]

            def Capsule "Visual" (
                prepend apiSchemas = ["MaterialBindingAPI"]
            )
            {
                uniform token axis = "Z"
                double height = 0.00499672131147541
                rel material:binding = </Looks/Wire_1>
                color3f[] primvars:displayColor = [(0.95, 0.06, 0.08)]
                double radius = 0.001
            }
        }

        def Xform "Segment_33"
        {
            matrix4d xformOp:transform = ( (0.9999999999999999, -1.3154926444560118e-8, 5.086062040829751e-9, 0), (-1.1995835195988158e-9, -0.43863783060300676, -0.898664239434126, 0), (1.4052797451911961e-8, 0.898664239434126, -0.43863783060300676, 0), (-0.0037499999161809683, 0.16343986988067627, 0.13224907219409943, 1) )
            uniform token[] xformOpOrder = ["xformOp:transform"]

            def Capsule "Visual" (
                prepend apiSchemas = ["MaterialBindingAPI"]
            )
            {
                uniform token axis = "Z"
                double height = 0.00499672131147541
                rel material:binding = </Looks/Wire_1>
                color3f[] primvars:displayColor = [(0.95, 0.06, 0.08)]
                double radius = 0.001
            }
        }

        def Xform "Segment_34"
        {
            matrix4d xformOp:transform = ( (0.9999999999999999, -1.2983694461911796e-8, 5.019171942332345e-9, 0), (-1.7303376284091456e-9, -0.47371785816642387, -0.8806768611187579, 0), (1.3812108476213424e-8, 0.8806768611187579, -0.47371785816642387, 0), (-0.0037499999161809683, 0.16788503527641296, 0.12996983528137207, 1) )
            uniform token[] xformOpOrder = ["xformOp:transform"]

            def Capsule "Visual" (
                prepend apiSchemas = ["MaterialBindingAPI"]
            )
            {
                uniform token axis = "Z"
                double height = 0.00499672131147541
                rel material:binding = </Looks/Wire_1>
                color3f[] primvars:displayColor = [(0.95, 0.06, 0.08)]
                double radius = 0.001
            }
        }

        def Xform "Segment_35"
        {
            matrix4d xformOp:transform = ( (0.9999999999999999, -1.2799471617532066e-8, 4.9384642685940185e-9, 0), (-2.2499612402892457e-9, -0.5081026747710169, -0.8612966913117504, 0), (1.3533387507840927e-8, 0.8612966913117504, -0.5081026747710169, 0), (-0.0037499999161809683, 0.1722368597984314, 0.12751704454421997, 1) )
            uniform token[] xformOpOrder = ["xformOp:transform"]

            def Capsule "Visual" (
                prepend apiSchemas = ["MaterialBindingAPI"]
            )
            {
                uniform token axis = "Z"
                double height = 0.00499672131147541
                rel material:binding = </Looks/Wire_1>
                color3f[] primvars:displayColor = [(0.95, 0.06, 0.08)]
                double radius = 0.001
            }
        }

        def Xform "Segment_36"
        {
            matrix4d xformOp:transform = ( (0.9999999999999999, -1.25274467385092e-8, 4.8529649680843835e-9, 0), (-2.7075142408540675e-9, -0.5417423260155445, -0.840544640491558, 0), (1.3158934508660322e-8, 0.840544640491558, -0.5417423260155445, 0), (-0.0037499999161809683, 0.17648841440677643, 0.12489432841539383, 1) )
            uniform token[] xformOpOrder = ["xformOp:transform"]

            def Capsule "Visual" (
                prepend apiSchemas = ["MaterialBindingAPI"]
            )
            {
                uniform token axis = "Z"
                double height = 0.00499672131147541
                rel material:binding = </Looks/Wire_1>
                color3f[] primvars:displayColor = [(0.95, 0.06, 0.08)]
                double radius = 0.001
            }
        }

        def Xform "Segment_37"
        {
            matrix4d xformOp:transform = ( (0.9999999999999999, -1.2246268008344924e-8, 4.7547335723036634e-9, 0), (-3.1453460774002863e-9, -0.5746049584864252, -0.8184308516999472, 0), (1.275481750277857e-8, 0.8184308516999472, -0.5746049584864252, 0), (-0.0037499999161809683, 0.18063287436962128, 0.12210548669099808, 1) )
            uniform token[] xformOpOrder = ["xformOp:transform"]

            def Capsule "Visual" (
                prepend apiSchemas = ["MaterialBindingAPI"]
            )
            {
                uniform token axis = "Z"
                double height = 0.00499672131147541
                rel material:binding = </Looks/Wire_1>
                color3f[] primvars:displayColor = [(0.95, 0.06, 0.08)]
                double radius = 0.001
            }
        }

        def Xform "Segment_38"
        {
            matrix4d xformOp:transform = ( (0.9999999999999999, -1.1894610949595326e-8, 4.647357248530769e-9, 0), (-3.5213140261862582e-9, -0.606646968941277, -0.7949713357047017, 0), (1.2275180103228157e-8, 0.7949713357047017, -0.606646968941277, 0), (-0.0037499999161809683, 0.18466348946094513, 0.11915451288223267, 1) )
            uniform token[] xformOpOrder = ["xformOp:transform"]

            def Capsule "Visual" (
                prepend apiSchemas = ["MaterialBindingAPI"]
            )
            {
                uniform token axis = "Z"
                double height = 0.00499672131147541
                rel material:binding = </Looks/Wire_1>
                color3f[] primvars:displayColor = [(0.95, 0.06, 0.08)]
                double radius = 0.001
            }
        }

        def Xform "Segment_39"
        {
            matrix4d xformOp:transform = ( (0.9999999999999999, -1.153638920392031e-8, 4.527969829136934e-9, 0), (-3.870997703845321e-9, -0.6378356450116556, -0.770172903450824, 0), (1.177311188321625e-8, 0.770172903450824, -0.6378356450116556, 0), (-0.0037499999161809683, 0.18857355415821075, 0.11604555696249008, 1) )
            uniform token[] xformOpOrder = ["xformOp:transform"]

            def Capsule "Visual" (
                prepend apiSchemas = ["MaterialBindingAPI"]
            )
            {
                uniform token axis = "Z"
                double height = 0.00499672131147541
                rel material:binding = </Looks/Wire_1>
                color3f[] primvars:displayColor = [(0.95, 0.06, 0.08)]
                double radius = 0.001
            }
        }

        def Xform "Segment_40"
        {
            matrix4d xformOp:transform = ( (0.9999999999999999, -1.111965768001418e-8, 4.397916184728963e-9, 0), (-4.157060253916107e-9, -0.6681254799803185, -0.7440488764694351, 0), (1.12119268519693e-8, 0.7440488764694351, -0.6681254799803185, 0), (-0.0037499999161809683, 0.1923563927412033, 0.1127830445766449, 1) )
            uniform token[] xformOpOrder = ["xformOp:transform"]

            def Capsule "Visual" (
                prepend apiSchemas = ["MaterialBindingAPI"]
            )
            {
                uniform token axis = "Z"
                double height = 0.00499672131147541
                rel material:binding = </Looks/Wire_1>
                color3f[] primvars:displayColor = [(0.95, 0.06, 0.08)]
                double radius = 0.001
            }
        }

        def Xform "Segment_41"
        {
            matrix4d xformOp:transform = ( (0.9999999999999999, -1.0698567653253937e-8, 4.256512307818456e-9, 0), (-4.411718998309865e-9, -0.697474457047754, -0.7166097283180051, 0), (1.0635505739635199e-8, 0.7166097283180051, -0.697474457047754, 0), (-0.0037499999161809683, 0.19600540399551392, 0.10937153548002243, 1) )
            uniform token[] xformOpOrder = ["xformOp:transform"]

            def Capsule "Visual" (
                prepend apiSchemas = ["MaterialBindingAPI"]
            )
            {
                uniform token axis = "Z"
                double height = 0.00499672131147541
                rel material:binding = </Looks/Wire_1>
                color3f[] primvars:displayColor = [(0.95, 0.06, 0.08)]
                double radius = 0.001
            }
        }

        def Xform "Segment_42"
        {
            matrix4d xformOp:transform = ( (0.9999999999999999, -1.022868446683175e-8, 4.105038472925733e-9, 0), (-4.600493682384555e-9, -0.7258273693233832, -0.6878773311605784, 0), (1.0015627023034821e-8, 0.6878773311605784, -0.7258273693233832, 0), (-0.0037499999161809683, 0.19951407611370087, 0.10581590980291367, 1) )
            uniform token[] xformOpOrder = ["xformOp:transform"]

            def Capsule "Visual" (
                prepend apiSchemas = ["MaterialBindingAPI"]
            )
            {
                uniform token axis = "Z"
                double height = 0.00499672131147541
                rel material:binding = </Looks/Wire_1>
                color3f[] primvars:displayColor = [(0.95, 0.06, 0.08)]
                double radius = 0.001
            }
        }

        def Xform "Segment_43"
        {
            matrix4d xformOp:transform = ( (1, -9.756608407802802e-9, 3.942859994742406e-9, 0), (-4.754093928863249e-9, -0.7531298036102498, -0.6578721243324566, 0), (9.388085186921452e-9, 0.6578721243324566, -0.7531298036102498, 0), (-0.0037499999161809683, 0.2028760015964508, 0.10212122648954391, 1) )
            uniform token[] xformOpOrder = ["xformOp:transform"]

            def Capsule "Visual" (
                prepend apiSchemas = ["MaterialBindingAPI"]
            )
            {
                uniform token axis = "Z"
                double height = 0.00499672131147541
                rel material:binding = </Looks/Wire_1>
                color3f[] primvars:displayColor = [(0.95, 0.06, 0.08)]
                double radius = 0.001
            }
        }

        def Xform "Segment_44"
        {
            matrix4d xformOp:transform = ( (1, -9.244387417027382e-9, 3.7719075792747376e-9, 0), (-4.840674254465101e-9, -0.7793140671637957, -0.6266338913856089, 0), (8.732345519094119e-9, 0.6266338913856089, -0.7793140671637957, 0), (-0.0037499999161809683, 0.2060849517583847, 0.09829294681549072, 1) )
            uniform token[] xformOpOrder = ["xformOp:transform"]

            def Capsule "Visual" (
                prepend apiSchemas = ["MaterialBindingAPI"]
            )
            {
                uniform token axis = "Z"
                double height = 0.00499672131147541
                rel material:binding = </Looks/Wire_1>
                color3f[] primvars:displayColor = [(0.95, 0.06, 0.08)]
                double radius = 0.001
            }
        }

        def Xform "Segment_45"
        {
            matrix4d xformOp:transform = ( (1, -8.73189706515544e-9, 3.590864436229517e-9, 0), (-4.8896163252416955e-9, -0.8043241489894584, -0.5941908711533763, 0), (8.076632091891893e-9, 0.5941908711533763, -0.8043241489894584, 0), (-0.0037499999161809683, 0.2091347873210907, 0.09433676302433014, 1) )
            uniform token[] xformOpOrder = ["xformOp:transform"]

            def Capsule "Visual" (
                prepend apiSchemas = ["MaterialBindingAPI"]
            )
            {
                uniform token axis = "Z"
                double height = 0.00499672131147541
                rel material:binding = </Looks/Wire_1>
                color3f[] primvars:displayColor = [(0.95, 0.06, 0.08)]
                double radius = 0.001
            }
        }

        def Xform "Segment_46"
        {
            matrix4d xformOp:transform = ( (1, -8.187047364697636e-9, 3.402256451216961e-9, 0), (-4.8723046145793495e-9, -0.8280888809904638, -0.5605973825355903, 0), (7.407006227511809e-9, 0.5605973825355903, -0.8280888809904638, 0), (-0.0037499999161809683, 0.2120196372270584, 0.09025876969099045, 1) )
            uniform token[] xformOpOrder = ["xformOp:transform"]

            def Capsule "Visual" (
                prepend apiSchemas = ["MaterialBindingAPI"]
            )
            {
                uniform token axis = "Z"
                double height = 0.00499672131147541
                rel material:binding = </Looks/Wire_1>
                color3f[] primvars:displayColor = [(0.95, 0.06, 0.08)]
                double radius = 0.001
            }
        }

        def Xform "Segment_47"
        {
            matrix4d xformOp:transform = ( (1, -7.64362888269314e-9, 3.204135210970278e-9, 0), (-4.816123192891734e-9, -0.8505401269466759, -0.5259105473337478, 0), (6.745109512632886e-9, 0.5259105473337478, -0.8505401269466759, 0), (-0.0037499999161809683, 0.21473389863967896, 0.08606529980897903, 1) )
            uniform token[] xformOpOrder = ["xformOp:transform"]

            def Capsule "Visual" (
                prepend apiSchemas = ["MaterialBindingAPI"]
            )
            {
                uniform token axis = "Z"
                double height = 0.00499672131147541
                rel material:binding = </Looks/Wire_1>
                color3f[] primvars:displayColor = [(0.95, 0.06, 0.08)]
                double radius = 0.001
            }
        }

        def Xform "Segment_48"
        {
            matrix4d xformOp:transform = ( (1, -7.074898222129642e-9, 2.999177708413669e-9, 0), (-4.6963389332354635e-9, -0.8716091012370555, -0.4902024104294398, 0), (6.082240738766875e-9, 0.4902024104294398, -0.8716091012370555, 0), (-0.0037499999161809683, 0.2172722965478897, 0.0817631408572197, 1) )
            uniform token[] xformOpOrder = ["xformOp:transform"]

            def Capsule "Visual" (
                prepend apiSchemas = ["MaterialBindingAPI"]
            )
            {
                uniform token axis = "Z"
                double height = 0.00499672131147541
                rel material:binding = </Looks/Wire_1>
                color3f[] primvars:displayColor = [(0.95, 0.06, 0.08)]
                double radius = 0.001
            }
        }

        def Xform "Segment_49"
        {
            matrix4d xformOp:transform = ( (1, -6.5089786547347715e-9, 2.7852385903112944e-9, 0), (-4.537648228177723e-9, -0.8912218581513756, -0.45356795571651, 0), (5.434529021917878e-9, 0.45356795571651, -0.8912218581513756, 0), (-0.0037499999161809683, 0.21962997317314148, 0.07735934108495712, 1) )
            uniform token[] xformOpOrder = ["xformOp:transform"]

            def Capsule "Visual" (
                prepend apiSchemas = ["MaterialBindingAPI"]
            )
            {
                uniform token axis = "Z"
                double height = 0.00499672131147541
                rel material:binding = </Looks/Wire_1>
                color3f[] primvars:displayColor = [(0.95, 0.06, 0.08)]
                double radius = 0.001
            }
        }

        def Xform "Segment_50"
        {
            matrix4d xformOp:transform = ( (1, -5.924056620616162e-9, 2.564857489538795e-9, 0), (-4.319568252637625e-9, -0.9093144625406993, -0.41610966451901454, 0), (4.797319136425528e-9, 0.41610966451901454, -0.9093144625406993, 0), (-0.0037499999161809683, 0.22180253267288208, 0.07286136597394943, 1) )
            uniform token[] xformOpOrder = ["xformOp:transform"]

            def Capsule "Visual" (
                prepend apiSchemas = ["MaterialBindingAPI"]
            )
            {
                uniform token axis = "Z"
                double height = 0.00499672131147541
                rel material:binding = </Looks/Wire_1>
                color3f[] primvars:displayColor = [(0.95, 0.06, 0.08)]
                double radius = 0.001
            }
        }

        def Xform "Segment_51"
        {
            matrix4d xformOp:transform = ( (1, -5.343044540343643e-9, 2.3359994679210756e-9, 0), (-4.063755896410753e-9, -0.9258186503689174, -0.37796833113972994, 0), (4.182213108942488e-9, 0.37796833113972994, -0.9258186503689174, 0), (-0.0037499999161809683, 0.22378621995449066, 0.06827695667743683, 1) )
            uniform token[] xformOpOrder = ["xformOp:transform"]

            def Capsule "Visual" (
                prepend apiSchemas = ["MaterialBindingAPI"]
            )
            {
                uniform token axis = "Z"
                double height = 0.00499672131147541
                rel material:binding = </Looks/Wire_1>
                color3f[] primvars:displayColor = [(0.95, 0.06, 0.08)]
                double radius = 0.001
            }
        }

        def Xform "Segment_52"
        {
            matrix4d xformOp:transform = ( (1, -4.748583938902254e-9, 2.1009652136035565e-9, 0), (-3.754186107138585e-9, -0.9406931257581235, -0.33925964363051264, 0), (3.5873654576221145e-9, 0.33925964363051264, -0.9406931257581235, 0), (-0.0037499999161809683, 0.22557790577411652, 0.06361417472362518, 1) )
            uniform token[] xformOpOrder = ["xformOp:transform"]

            def Capsule "Visual" (
                prepend apiSchemas = ["MaterialBindingAPI"]
            )
            {
                uniform token axis = "Z"
                double height = 0.00499672131147541
                rel material:binding = </Looks/Wire_1>
                color3f[] primvars:displayColor = [(0.95, 0.06, 0.08)]
                double radius = 0.001
            }
        }

        def Xform "Segment_53"
        {
            matrix4d xformOp:transform = ( (1, -4.158727605423903e-9, 1.8580920732648282e-9, 0), (-3.4091949349024246e-9, -0.953884839401276, -0.30017398686411845, 0), (3.020746819030034e-9, 0.30017398686411845, -0.953884839401276, 0), (-0.0037499999161809683, 0.22717523574829102, 0.05888127535581589, 1) )
            uniform token[] xformOpOrder = ["xformOp:transform"]

            def Capsule "Visual" (
                prepend apiSchemas = ["MaterialBindingAPI"]
            )
            {
                uniform token axis = "Z"
                double height = 0.00499672131147541
                rel material:binding = </Looks/Wire_1>
                color3f[] primvars:displayColor = [(0.95, 0.06, 0.08)]
                double radius = 0.001
            }
        }

        def Xform "Segment_54"
        {
            matrix4d xformOp:transform = ( (1, -3.560248592678932e-9, 1.6093781540895697e-9, 0), (-3.0171270514224477e-9, -0.9653735442453808, -0.2608722352629016, 0), (2.4824206815340452e-9, 0.2608722352629016, -0.9653735442453808, 0), (-0.0037499999161809683, 0.22857673466205597, 0.05408673733472824, 1) )
            uniform token[] xformOpOrder = ["xformOp:transform"]

            def Capsule "Visual" (
                prepend apiSchemas = ["MaterialBindingAPI"]
            )
            {
                uniform token axis = "Z"
                double height = 0.00499672131147541
                rel material:binding = </Looks/Wire_1>
                color3f[] primvars:displayColor = [(0.95, 0.06, 0.08)]
                double radius = 0.001
            }
        }

        def Xform "Segment_55"
        {
            matrix4d xformOp:transform = ( (1, -2.9666541091838174e-9, 1.3536900411312587e-9, 0), (-2.5929803206891097e-9, -0.9751448446186259, -0.22156949719487784, 0), (1.9773634940278885e-9, 0.22156949719487784, -0.9751448446186259, 0), (-0.0037499999161809683, 0.2297818511724472, 0.049239084124565125, 1) )
            uniform token[] xformOpOrder = ["xformOp:transform"]

            def Capsule "Visual" (
                prepend apiSchemas = ["MaterialBindingAPI"]
            )
            {
                uniform token axis = "Z"
                double height = 0.00499672131147541
                rel material:binding = </Looks/Wire_1>
                color3f[] primvars:displayColor = [(0.95, 0.06, 0.08)]
                double radius = 0.001
            }
        }

        def Xform "Segment_56"
        {
            matrix4d xformOp:transform = ( (1, -2.368507472908901e-9, 1.0926789005677475e-9, 0), (-2.1293847612552603e-9, -0.9832139854418358, -0.1824554458021712, 0), (1.5064844398483268e-9, 0.1824554458021712, -0.9832139854418358, 0), (-0.0037499999161809683, 0.23079106211662292, 0.044346876442432404, 1) )
            uniform token[] xformOpOrder = ["xformOp:transform"]

            def Capsule "Visual" (
                prepend apiSchemas = ["MaterialBindingAPI"]
            )
            {
                uniform token axis = "Z"
                double height = 0.00499672131147541
                rel material:binding = </Looks/Wire_1>
                color3f[] primvars:displayColor = [(0.95, 0.06, 0.08)]
                double radius = 0.001
            }
        }

        def Xform "Segment_57"
        {
            matrix4d xformOp:transform = ( (1, -1.7750201248143447e-9, 8.258180343804074e-10, 0), (-1.6378397523529084e-9, -0.989609658531613, -0.1437811381212386, 0), (1.0724517774783234e-9, 0.1437811381212386, -0.989609658531613, 0), (-0.0037499999161809683, 0.23160593211650848, 0.039418529719114304, 1) )
            uniform token[] xformOpOrder = ["xformOp:transform"]

            def Capsule "Visual" (
                prepend apiSchemas = ["MaterialBindingAPI"]
            )
            {
                uniform token axis = "Z"
                double height = 0.00499672131147541
                rel material:binding = </Looks/Wire_1>
                color3f[] primvars:displayColor = [(0.95, 0.06, 0.08)]
                double radius = 0.001
            }
        }

        def Xform "Segment_58"
        {
            matrix4d xformOp:transform = ( (1, -1.1803165490441982e-9, 5.544934041412579e-10, 0), (-1.1150419343137337e-9, -0.9943901354857019, -0.10577737483600913, 0), (6.76233373847855e-10, 0.10577737483600913, -0.9943901354857019, 0), (-0.0037499999161809683, 0.23222921788692474, 0.03446227312088013, 1) )
            uniform token[] xformOpOrder = ["xformOp:transform"]

            def Capsule "Visual" (
                prepend apiSchemas = ["MaterialBindingAPI"]
            )
            {
                uniform token axis = "Z"
                double height = 0.00499672131147541
                rel material:binding = </Looks/Wire_1>
                color3f[] primvars:displayColor = [(0.95, 0.06, 0.08)]
                double radius = 0.001
            }
        }

        def Xform "Segment_59"
        {
            matrix4d xformOp:transform = ( (1, -5.894635287790589e-10, 2.788379581724537e-10, 0), (-5.68916565592407e-10, -0.997637969691624, -0.06869408275428501, 0), (3.186719317307125e-10, 0.06869408275428501, -0.997637969691624, 0), (-0.0037499999161809683, 0.23266491293907166, 0.02948595955967903, 1) )
            uniform token[] xformOpOrder = ["xformOp:transform"]

            def Capsule "Visual" (
                prepend apiSchemas = ["MaterialBindingAPI"]
            )
            {
                uniform token axis = "Z"
                double height = 0.00499672131147541
                rel material:binding = </Looks/Wire_1>
                color3f[] primvars:displayColor = [(0.95, 0.06, 0.08)]
                double radius = 0.001
            }
        }

        def Xform "Segment_60"
        {
            matrix4d xformOp:transform = ( (1, 4.832411738683569e-15, 2.2968784678953844e-15, 0), (4.905059860614236e-15, -0.9994633557816499, -0.03275822111066695, 0), (2.1373445375603933e-15, 0.03275822111066695, -0.9994633557816499, 0), (-0.0037499999161809683, 0.2329181730747223, 0.02449697069823742, 1) )
            uniform token[] xformOpOrder = ["xformOp:transform"]

            def Capsule "Visual" (
                prepend apiSchemas = ["MaterialBindingAPI"]
            )
            {
                uniform token axis = "Z"
                double height = 0.00499672131147541
                rel material:binding = </Looks/Wire_1>
                color3f[] primvars:displayColor = [(0.95, 0.06, 0.08)]
                double radius = 0.001
            }
        }
    }

    def "Cable_2"
    {
        def Xform "Segment_00"
        {
            matrix4d xformOp:transform = ( (1, 1.7968704876410295e-10, 9.291377170924115e-10, 0), (4.829600137396103e-10, 0.7474302782165907, -0.6643403036578874, 0), (-8.138390245901745e-10, 0.6643403036578874, 0.7474302782165907, 0), (-0.0012500007869675756, 0.012875947169959545, 0.10236503183841705, 1) )
            uniform token[] xformOpOrder = ["xformOp:transform"]

            def Capsule "Visual" (
                prepend apiSchemas = ["MaterialBindingAPI"]
            )
            {
                uniform token axis = "Z"
                double height = 0.00499672131147541
                rel material:binding = </Looks/Wire_2>
                color3f[] primvars:displayColor = [(0.78, 0.035, 0.06)]
                double radius = 0.001
            }
        }

        def Xform "Segment_01"
        {
            matrix4d xformOp:transform = ( (0.9999999999999919, -8.781612257129182e-8, -9.171118559980322e-8, 0), (-2.5215791461813786e-10, 0.7209034310616278, -0.6930355906816629, 0), (1.2697460125538413e-7, 0.6930355906816573, 0.720903431061622, 0), (-0.001250000554136932, 0.016266848891973495, 0.10603312402963638, 1) )
            uniform token[] xformOpOrder = ["xformOp:transform"]

            def Capsule "Visual" (
                prepend apiSchemas = ["MaterialBindingAPI"]
            )
            {
                uniform token axis = "Z"
                double height = 0.00499672131147541
                rel material:binding = </Looks/Wire_2>
                color3f[] primvars:displayColor = [(0.78, 0.035, 0.06)]
                double radius = 0.001
            }
        }

        def Xform "Segment_02"
        {
            matrix4d xformOp:transform = ( (0.9999999999999956, -6.523783118775241e-8, -6.759762133440527e-8, 0), (-3.489227266905629e-9, 0.6932657612969114, -0.7206821208693995, 0), (9.387884916865569e-8, 0.7206821208693966, 0.6932657612969082, 0), (-0.0012499999720603228, 0.019798513501882553, 0.10956593602895737, 1) )
            uniform token[] xformOpOrder = ["xformOp:transform"]

            def Capsule "Visual" (
                prepend apiSchemas = ["MaterialBindingAPI"]
            )
            {
                uniform token axis = "Z"
                double height = 0.00499672131147541
                rel material:binding = </Looks/Wire_2>
                color3f[] primvars:displayColor = [(0.78, 0.035, 0.06)]
                double radius = 0.001
            }
        }

        def Xform "Segment_03"
        {
            matrix4d xformOp:transform = ( (0.999999999999997, -5.400652153019633e-8, -5.613245714283112e-8, 0), (-6.05359756722721e-9, 0.6645595951564737, -0.7472352923744668, 0), (7.765894069054376e-8, 0.7472352923744648, 0.6645595951564713, 0), (-0.0012499995063990355, 0.023465586826205254, 0.11295796930789948, 1) )
            uniform token[] xformOpOrder = ["xformOp:transform"]

            def Capsule "Visual" (
                prepend apiSchemas = ["MaterialBindingAPI"]
            )
            {
                uniform token axis = "Z"
                double height = 0.00499672131147541
                rel material:binding = </Looks/Wire_2>
                color3f[] primvars:displayColor = [(0.78, 0.035, 0.06)]
                double radius = 0.001
            }
        }

        def Xform "Segment_04"
        {
            matrix4d xformOp:transform = ( (0.9999999999999993, -2.321463401596269e-8, -2.8807150968896096e-8, 0), (-7.520763433483529e-9, 0.6348254872398158, -0.7726555601589312, 0), (3.622442955820616e-8, 0.772655560158931, 0.6348254872398151, 0), (-0.00124999915715307, 0.027262510731816292, 0.11620403826236725, 1) )
            uniform token[] xformOpOrder = ["xformOp:transform"]

            def Capsule "Visual" (
                prepend apiSchemas = ["MaterialBindingAPI"]
            )
            {
                uniform token axis = "Z"
                double height = 0.00499672131147541
                rel material:binding = </Looks/Wire_2>
                color3f[] primvars:displayColor = [(0.78, 0.035, 0.06)]
                double radius = 0.001
            }
        }

        def Xform "Segment_05"
        {
            matrix4d xformOp:transform = ( (0.9999999999999999, -5.828035877565374e-9, -1.3361446212888976e-8, 0), (-7.127013843219237e-9, 0.6041074969799052, -0.7969028678038512, 0), (1.2716128371822758e-8, 0.7969028678038512, 0.6041074969799051, 0), (-0.0012499990407377481, 0.031183522194623947, 0.11929907649755478, 1) )
            uniform token[] xformOpOrder = ["xformOp:transform"]

            def Capsule "Visual" (
                prepend apiSchemas = ["MaterialBindingAPI"]
            )
            {
                uniform token axis = "Z"
                double height = 0.00499672131147541
                rel material:binding = </Looks/Wire_2>
                color3f[] primvars:displayColor = [(0.78, 0.035, 0.06)]
                double radius = 0.001
            }
        }

        def Xform "Segment_06"
        {
            matrix4d xformOp:transform = ( (1, 2.4857379148537227e-9, -7.053301203791002e-9, 0), (-7.206250590889362e-9, 0.5724464155771045, -0.8199421336456112, 0), (1.9994757498023457e-9, 0.8199421336456112, 0.5724464155771045, 0), (-0.0012499990407377481, 0.035222675651311874, 0.12223830819129944, 1) )
            uniform token[] xformOpOrder = ["xformOp:transform"]

            def Capsule "Visual" (
                prepend apiSchemas = ["MaterialBindingAPI"]
            )
            {
                uniform token axis = "Z"
                double height = 0.00499672131147541
                rel material:binding = </Looks/Wire_2>
                color3f[] primvars:displayColor = [(0.78, 0.035, 0.06)]
                double radius = 0.001
            }
        }

        def Xform "Segment_07"
        {
            matrix4d xformOp:transform = ( (1, 8.034580818347744e-9, -2.874794992779337e-9, 0), (-6.757628126446945e-9, 0.5398933859646728, -0.8417334270631827, 0), (-5.210892177134718e-9, 0.8417334270631827, 0.5398933859646728, 0), (-0.0012499990407377481, 0.03937382623553276, 0.12501710653305054, 1) )
            uniform token[] xformOpOrder = ["xformOp:transform"]

            def Capsule "Visual" (
                prepend apiSchemas = ["MaterialBindingAPI"]
            )
            {
                uniform token axis = "Z"
                double height = 0.00499672131147541
                rel material:binding = </Looks/Wire_2>
                color3f[] primvars:displayColor = [(0.78, 0.035, 0.06)]
                double radius = 0.001
            }
        }

        def Xform "Segment_08"
        {
            matrix4d xformOp:transform = ( (0.9999999999999997, 2.3760483993678174e-8, 8.539072839592839e-9, 0), (-4.671390331062418e-9, 0.5064803611140983, -0.8622515030997598, 0), (-2.4812385555374666e-8, 0.8622515030997596, 0.5064803611140982, 0), (-0.00124999915715307, 0.0436306856572628, 0.12763115763664246, 1) )
            uniform token[] xformOpOrder = ["xformOp:transform"]

            def Capsule "Visual" (
                prepend apiSchemas = ["MaterialBindingAPI"]
            )
            {
                uniform token axis = "Z"
                double height = 0.00499672131147541
                rel material:binding = </Looks/Wire_2>
                color3f[] primvars:displayColor = [(0.78, 0.035, 0.06)]
                double radius = 0.001
            }
        }

        def Xform "Segment_09"
        {
            matrix4d xformOp:transform = ( (0.9999999999999989, 4.196279246367166e-8, 2.1275983128363108e-8, 0), (-1.0630353739236828e-9, 0.4722525268288106, -0.8814632779624962, 0), (-4.7036298379244914e-8, 0.8814632779624954, 0.47225252682881014, 0), (-0.0012499993899837136, 0.04798680543899536, 0.13007619976997375, 1) )
            uniform token[] xformOpOrder = ["xformOp:transform"]

            def Capsule "Visual" (
                prepend apiSchemas = ["MaterialBindingAPI"]
            )
            {
                uniform token axis = "Z"
                double height = 0.00499672131147541
                rel material:binding = </Looks/Wire_2>
                color3f[] primvars:displayColor = [(0.78, 0.035, 0.06)]
                double radius = 0.001
            }
        }

        def Xform "Segment_10"
        {
            matrix4d xformOp:transform = ( (0.9999999999999969, 6.990282811414875e-8, 3.6652903518780095e-8, 0), (2.3975781155565464e-9, 0.4372594087847609, -0.8993355179400466, 0), (-7.88929168803704e-8, 0.899335517940044, 0.43725940878475933, 0), (-0.001249999739229679, 0.05243557691574097, 0.13234834372997284, 1) )
            uniform token[] xformOpOrder = ["xformOp:transform"]

            def Capsule "Visual" (
                prepend apiSchemas = ["MaterialBindingAPI"]
            )
            {
                uniform token axis = "Z"
                double height = 0.00499672131147541
                rel material:binding = </Looks/Wire_2>
                color3f[] primvars:displayColor = [(0.78, 0.035, 0.06)]
                double radius = 0.001
            }
        }

        def Xform "Segment_11"
        {
            matrix4d xformOp:transform = ( (0.9999999999999986, 4.7537111000586587e-8, 2.665071385128223e-8, 0), (5.31863660169835e-9, 0.40155932740480405, -0.9158329501917711, 0), (-5.423789796594344e-8, 0.91583295019177, 0.40155932740480316, 0), (-0.0012500000884756446, 0.05697021633386612, 0.13444384932518005, 1) )
            uniform token[] xformOpOrder = ["xformOp:transform"]

            def Capsule "Visual" (
                prepend apiSchemas = ["MaterialBindingAPI"]
            )
            {
                uniform token axis = "Z"
                double height = 0.00499672131147541
                rel material:binding = </Looks/Wire_2>
                color3f[] primvars:displayColor = [(0.78, 0.035, 0.06)]
                double radius = 0.001
            }
        }

        def Xform "Segment_12"
        {
            matrix4d xformOp:transform = ( (0.999999999999998, 5.438551969897005e-8, 3.053983362312628e-8, 0), (8.568274204685421e-9, 0.3652082279370955, -0.9309259745104307, 0), (-6.17822860357936e-8, 0.9309259745104291, 0.3652082279370943, 0), (-0.0012500003213062882, 0.061583783477544785, 0.13635939359664917, 1) )
            uniform token[] xformOpOrder = ["xformOp:transform"]

            def Capsule "Visual" (
                prepend apiSchemas = ["MaterialBindingAPI"]
            )
            {
                uniform token axis = "Z"
                double height = 0.00499672131147541
                rel material:binding = </Looks/Wire_2>
                color3f[] primvars:displayColor = [(0.78, 0.035, 0.06)]
                double radius = 0.001
            }
        }

        def Xform "Segment_13"
        {
            matrix4d xformOp:transform = ( (0.9999999999999966, 7.309884795956502e-8, 3.940534040984652e-8, 0), (1.322631432922232e-8, 0.3282605259226934, -0.9445872327910947, 0), (-8.198345586211949e-8, 0.944587232791092, 0.3282605259226913, 0), (-0.001250000554136932, 0.06626918911933899, 0.1380918025970459, 1) )
            uniform token[] xformOpOrder = ["xformOp:transform"]

            def Capsule "Visual" (
                prepend apiSchemas = ["MaterialBindingAPI"]
            )
            {
                uniform token axis = "Z"
                double height = 0.00499672131147541
                rel material:binding = </Looks/Wire_2>
                color3f[] primvars:displayColor = [(0.78, 0.035, 0.06)]
                double radius = 0.001
            }
        }

        def Xform "Segment_14"
        {
            matrix4d xformOp:transform = ( (0.9999999999999974, 6.113534032706887e-8, 3.610469274868187e-8, 0), (1.676762608298538e-8, 0.29078053080036137, -0.9567898992420121, 0), (-6.899221253826002e-8, 0.9567898992420103, 0.2907805308003596, 0), (-0.0012500010197982192, 0.07101921737194061, 0.13963830471038818, 1) )
            uniform token[] xformOpOrder = ["xformOp:transform"]

            def Capsule "Visual" (
                prepend apiSchemas = ["MaterialBindingAPI"]
            )
            {
                uniform token axis = "Z"
                double height = 0.00499672131147541
                rel material:binding = </Looks/Wire_2>
                color3f[] primvars:displayColor = [(0.78, 0.035, 0.06)]
                double radius = 0.001
            }
        }

        def Xform "Segment_15"
        {
            matrix4d xformOp:transform = ( (0.9999999999999973, 6.326610705920323e-8, 3.7385023670724566e-8, 0), (2.0175116862317e-8, 0.2528261926463454, -0.9675117489938154, 0), (-7.066261357237682e-8, 0.9675117489938136, 0.25282619264634343, 0), (-0.0012500013690441847, 0.07582651823759079, 0.14099633693695068, 1) )
            uniform token[] xformOpOrder = ["xformOp:transform"]

            def Capsule "Visual" (
                prepend apiSchemas = ["MaterialBindingAPI"]
            )
            {
                uniform token axis = "Z"
                double height = 0.00499672131147541
                rel material:binding = </Looks/Wire_2>
                color3f[] primvars:displayColor = [(0.78, 0.035, 0.06)]
                double radius = 0.001
            }
        }

        def Xform "Segment_16"
        {
            matrix4d xformOp:transform = ( (0.9999999999999982, 4.809162764058394e-8, 3.4482579997706834e-8, 0), (2.336689643886264e-8, 0.2144534685755558, -0.9767342543452888, 0), (-5.4367647762564616e-8, 0.9767342543452879, 0.21445346857555425, 0), (-0.0012500017182901502, 0.08068365603685379, 0.1421637088060379, 1) )
            uniform token[] xformOpOrder = ["xformOp:transform"]

            def Capsule "Visual" (
                prepend apiSchemas = ["MaterialBindingAPI"]
            )
            {
                uniform token axis = "Z"
                double height = 0.00499672131147541
                rel material:binding = </Looks/Wire_2>
                color3f[] primvars:displayColor = [(0.78, 0.035, 0.06)]
                double radius = 0.001
            }
        }

        def Xform "Segment_17"
        {
            matrix4d xformOp:transform = ( (0.9999999999999976, 5.819878304135475e-8, 3.756848453591022e-8, 0), (2.6756630100474956e-8, 0.17572919501082374, -0.9844386845750541, 0), (-6.389500859602387e-8, 0.9844386845750528, 0.17572919501082174, 0), (-0.0012500019511207938, 0.08558307588100433, 0.14313846826553345, 1) )
            uniform token[] xformOpOrder = ["xformOp:transform"]

            def Capsule "Visual" (
                prepend apiSchemas = ["MaterialBindingAPI"]
            )
            {
                uniform token axis = "Z"
                double height = 0.00499672131147541
                rel material:binding = </Looks/Wire_2>
                color3f[] primvars:displayColor = [(0.78, 0.035, 0.06)]
                double radius = 0.001
            }
        }

        def Xform "Segment_18"
        {
            matrix4d xformOp:transform = ( (0.9999999999999971, 6.518839167850288e-8, 3.889942670137832e-8, 0), (2.9621340742477225e-8, 0.13672360253934068, -0.9906092182942325, 0), (-6.989469207274517e-8, 0.9906092182942308, 0.13672360253933846, 0), (-0.0012500021839514375, 0.09051716327667236, 0.14391905069351196, 1) )
            uniform token[] xformOpOrder = ["xformOp:transform"]

            def Capsule "Visual" (
                prepend apiSchemas = ["MaterialBindingAPI"]
            )
            {
                uniform token axis = "Z"
                double height = 0.00499672131147541
                rel material:binding = </Looks/Wire_2>
                color3f[] primvars:displayColor = [(0.78, 0.035, 0.06)]
                double radius = 0.001
            }
        }

        def Xform "Segment_19"
        {
            matrix4d xformOp:transform = ( (0.9999999999999972, 6.33099929352109e-8, 3.8789879062697144e-8, 0), (3.243260274448499e-8, 0.09749600291252114, -0.9952360188472092, 0), (-6.679024032277133e-8, 0.9952360188472077, 0.09749600291251881, 0), (-0.0012500024167820811, 0.09547822922468185, 0.14450415968894958, 1) )
            uniform token[] xformOpOrder = ["xformOp:transform"]

            def Capsule "Visual" (
                prepend apiSchemas = ["MaterialBindingAPI"]
            )
            {
                uniform token axis = "Z"
                double height = 0.00499672131147541
                rel material:binding = </Looks/Wire_2>
                color3f[] primvars:displayColor = [(0.78, 0.035, 0.06)]
                double radius = 0.001
            }
        }

        def Xform "Segment_20"
        {
            matrix4d xformOp:transform = ( (0.9999999999999986, 3.863145707639558e-8, 3.6436809090866034e-8, 0), (3.412987252913914e-8, 0.05812195353507832, -0.9983095894294253, 0), (-4.0683932131915734e-8, 0.998309589429425, 0.058121953535076876, 0), (-0.0012500026496127248, 0.1004585325717926, 0.14489293098449707, 1) )
            uniform token[] xformOpOrder = ["xformOp:transform"]

            def Capsule "Visual" (
                prepend apiSchemas = ["MaterialBindingAPI"]
            )
            {
                uniform token axis = "Z"
                double height = 0.00499672131147541
                rel material:binding = </Looks/Wire_2>
                color3f[] primvars:displayColor = [(0.78, 0.035, 0.06)]
                double radius = 0.001
            }
        }

        def Xform "Segment_21"
        {
            matrix4d xformOp:transform = ( (0.9999999999999994, 7.069902458919683e-9, 3.3678048992876014e-8, 0), (3.354025142988042e-8, 0.018661094474388795, -0.9998259929769231, 0), (-7.697144845044814e-9, 0.9998259929769235, 0.018661094474388573, 0), (-0.0012500027660280466, 0.10545030236244202, 0.14508475363254547, 1) )
            uniform token[] xformOpOrder = ["xformOp:transform"]

            def Capsule "Visual" (
                prepend apiSchemas = ["MaterialBindingAPI"]
            )
            {
                uniform token axis = "Z"
                double height = 0.00499672131147541
                rel material:binding = </Looks/Wire_2>
                color3f[] primvars:displayColor = [(0.78, 0.035, 0.06)]
                double radius = 0.001
            }
        }

        def Xform "Segment_22"
        {
            matrix4d xformOp:transform = ( (0.9999999999999994, -2.0140575495547667e-9, 3.301859099689873e-8, 0), (3.2969510998739175e-8, -0.020816459424118472, -0.9997833934289486, 0), (2.7009486735991815e-9, 0.9997833934289491, -0.020816459424118472, 0), (-0.0012500027660280466, 0.1104457750916481, 0.1450793743133545, 1) )
            uniform token[] xformOpOrder = ["xformOp:transform"]

            def Capsule "Visual" (
                prepend apiSchemas = ["MaterialBindingAPI"]
            )
            {
                uniform token axis = "Z"
                double height = 0.00499672131147541
                rel material:binding = </Looks/Wire_2>
                color3f[] primvars:displayColor = [(0.78, 0.035, 0.06)]
                double radius = 0.001
            }
        }

        def Xform "Segment_23"
        {
            matrix4d xformOp:transform = ( (0.9999999999999993, 1.4801732470506668e-8, 3.225305004454063e-8, 0), (3.308623310570726e-8, -0.06024794179032256, -0.9981835476584704, 0), (-1.283166786426827e-8, 0.9981835476584708, -0.060247941790323, 0), (-0.0012500027660280466, 0.11543713510036469, 0.1448768526315689, 1) )
            uniform token[] xformOpOrder = ["xformOp:transform"]

            def Capsule "Visual" (
                prepend apiSchemas = ["MaterialBindingAPI"]
            )
            {
                uniform token axis = "Z"
                double height = 0.00499672131147541
                rel material:binding = </Looks/Wire_2>
                color3f[] primvars:displayColor = [(0.78, 0.035, 0.06)]
                double radius = 0.001
            }
        }

        def Xform "Segment_24"
        {
            matrix4d xformOp:transform = ( (0.9999999999999994, 3.2925719985610872e-9, 3.2745906495748264e-8, 0), (3.2911018902932974e-8, -0.0995597030946842, -0.9950316561326529, 0), (-1.6042592850388742e-11, 0.9950316561326533, -0.0995597030946842, 0), (-0.0012500027660280466, 0.12041662633419037, 0.14447763562202454, 1) )
            uniform token[] xformOpOrder = ["xformOp:transform"]

            def Capsule "Visual" (
                prepend apiSchemas = ["MaterialBindingAPI"]
            )
            {
                uniform token axis = "Z"
                double height = 0.00499672131147541
                rel material:binding = </Looks/Wire_2>
                color3f[] primvars:displayColor = [(0.78, 0.035, 0.06)]
                double radius = 0.001
            }
        }

        def Xform "Segment_25"
        {
            matrix4d xformOp:transform = ( (0.9999999999999992, -1.7592630712359154e-8, 3.410709136684342e-8, 0), (3.13374603536972e-8, -0.13869422351126626, -0.9903353278359643, 0), (2.215305657168111e-8, 0.9903353278359648, -0.1386942235112656, 0), (-0.0012500026496127248, 0.12537650763988495, 0.14388242363929749, 1) )
            uniform token[] xformOpOrder = ["xformOp:transform"]

            def Capsule "Visual" (
                prepend apiSchemas = ["MaterialBindingAPI"]
            )
            {
                uniform token axis = "Z"
                double height = 0.00499672131147541
                rel material:binding = </Looks/Wire_2>
                color3f[] primvars:displayColor = [(0.78, 0.035, 0.06)]
                double radius = 0.001
            }
        }

        def Xform "Segment_26"
        {
            matrix4d xformOp:transform = ( (0.9999999999999992, -2.1199621136609056e-8, 3.31901663506788e-8, 0), (2.8897850412810808e-8, -0.17758642201013752, -0.9841051971918374, 0), (2.6756780827302508e-8, 0.9841051971918376, -0.17758642201013686, 0), (-0.0012500026496127248, 0.1303090900182724, 0.1430922895669937, 1) )
            uniform token[] xformOpOrder = ["xformOp:transform"]

            def Capsule "Visual" (
                prepend apiSchemas = ["MaterialBindingAPI"]
            )
            {
                uniform token axis = "Z"
                double height = 0.00499672131147541
                rel material:binding = </Looks/Wire_2>
                color3f[] primvars:displayColor = [(0.78, 0.035, 0.06)]
                double radius = 0.001
            }
        }

        def Xform "Segment_27"
        {
            matrix4d xformOp:transform = ( (0.9999999999999987, -3.8369857361906e-8, 3.4552976204524096e-8, 0), (2.544041783901554e-8, -0.2161955947113099, -0.9763503206940387, 0), (4.493260796726271e-8, 0.9763503206940383, -0.21619559471130856, 0), (-0.0012500024167820811, 0.13520672917366028, 0.14210852980613708, 1) )
            uniform token[] xformOpOrder = ["xformOp:transform"]

            def Capsule "Visual" (
                prepend apiSchemas = ["MaterialBindingAPI"]
            )
            {
                uniform token axis = "Z"
                double height = 0.00499672131147541
                rel material:binding = </Looks/Wire_2>
                color3f[] primvars:displayColor = [(0.78, 0.035, 0.06)]
                double radius = 0.001
            }
        }

        def Xform "Segment_28"
        {
            matrix4d xformOp:transform = ( (0.9999999999999973, -6.297277608237893e-8, 3.817957244789421e-8, 0), (2.0899812167018315e-8, -0.25444603660185794, -0.9670872325003907, 0), (7.06147869161183e-8, 0.967087232500389, -0.25444603660185594, 0), (-0.0012500020675361156, 0.1400618702173233, 0.14093276858329773, 1) )
            uniform token[] xformOpOrder = ["xformOp:transform"]

            def Capsule "Visual" (
                prepend apiSchemas = ["MaterialBindingAPI"]
            )
            {
                uniform token axis = "Z"
                double height = 0.00499672131147541
                rel material:binding = </Looks/Wire_2>
                color3f[] primvars:displayColor = [(0.78, 0.035, 0.06)]
                double radius = 0.001
            }
        }

        def Xform "Segment_29"
        {
            matrix4d xformOp:transform = ( (0.9999999999999943, -9.660407735590474e-8, 4.411133193014684e-8, 0), (1.3948799980209264e-8, -0.2922879179047413, -0.9563303520723092, 0), (1.0527862245275312e-7, 0.9563303520723043, -0.2922879179047384, 0), (-0.0012500016018748283, 0.14486698806285858, 0.13956689834594727, 1) )
            uniform token[] xformOpOrder = ["xformOp:transform"]

            def Capsule "Visual" (
                prepend apiSchemas = ["MaterialBindingAPI"]
            )
            {
                uniform token axis = "Z"
                double height = 0.00499672131147541
                rel material:binding = </Looks/Wire_2>
                color3f[] primvars:displayColor = [(0.78, 0.035, 0.06)]
                double radius = 0.001
            }
        }

        def Xform "Segment_30"
        {
            matrix4d xformOp:transform = ( (0.9999999999999957, -8.537311760016695e-8, 3.757541684118465e-8, 0), (7.328837743604312e-9, -0.3296802664592735, -0.944092593564621, 0), (9.29880061991257e-8, 0.9440925935646173, -0.3296802664592715, 0), (-0.001250001136213541, 0.14961466193199158, 0.13801309466362, 1) )
            uniform token[] xformOpOrder = ["xformOp:transform"]

            def Capsule "Visual" (
                prepend apiSchemas = ["MaterialBindingAPI"]
            )
            {
                uniform token axis = "Z"
                double height = 0.00499672131147541
                rel material:binding = </Looks/Wire_2>
                color3f[] primvars:displayColor = [(0.78, 0.035, 0.06)]
                double radius = 0.001
            }
        }

        def Xform "Segment_31"
        {
            matrix4d xformOp:transform = ( (0.9999999999999964, -7.776129090308482e-8, 3.217746588379818e-8, 0), (1.4326391252778912e-9, -0.3665700529527409, -0.9303903653408286, 0), (8.414365822065202e-8, 0.9303903653408253, -0.3665700529527396, 0), (-0.0012500006705522537, 0.15429753065109253, 0.13627371191978455, 1) )
            uniform token[] xformOpOrder = ["xformOp:transform"]

            def Capsule "Visual" (
                prepend apiSchemas = ["MaterialBindingAPI"]
            )
            {
                uniform token axis = "Z"
                double height = 0.00499672131147541
                rel material:binding = </Looks/Wire_2>
                color3f[] primvars:displayColor = [(0.78, 0.035, 0.06)]
                double radius = 0.001
            }
        }

        def Xform "Segment_32"
        {
            matrix4d xformOp:transform = ( (0.9999999999999969, -7.3412159705319e-8, 2.9214333975542327e-8, 0), (-2.8396507203708616e-9, -0.402901476840386, -0.9152432515387844, 0), (7.896048939830659e-8, 0.9152432515387815, -0.40290147684038513, 0), (-0.0012500002048909664, 0.15890832245349884, 0.13435141742229462, 1) )
            uniform token[] xformOpOrder = ["xformOp:transform"]

            def Capsule "Visual" (
                prepend apiSchemas = ["MaterialBindingAPI"]
            )
            {
                uniform token axis = "Z"
                double height = 0.00499672131147541
                rel material:binding = </Looks/Wire_2>
                color3f[] primvars:displayColor = [(0.78, 0.035, 0.06)]
                double radius = 0.001
            }
        }

        def Xform "Segment_33"
        {
            matrix4d xformOp:transform = ( (0.999999999999997, -7.255000349463374e-8, 2.760621796282019e-8, 0), (-7.014439742117822e-9, -0.43863783060300876, -0.8986642394341274, 0), (7.73072047896333e-8, 0.8986642394341245, -0.43863783060300787, 0), (-0.001249999855645001, 0.16343986988067627, 0.13224907219409943, 1) )
            uniform token[] xformOpOrder = ["xformOp:transform"]

            def Capsule "Visual" (
                prepend apiSchemas = ["MaterialBindingAPI"]
            )
            {
                uniform token axis = "Z"
                double height = 0.00499672131147541
                rel material:binding = </Looks/Wire_2>
                color3f[] primvars:displayColor = [(0.78, 0.035, 0.06)]
                double radius = 0.001
            }
        }

        def Xform "Segment_34"
        {
            matrix4d xformOp:transform = ( (0.9999999999999992, -3.863349365600043e-8, 9.638326869272527e-9, 0), (-9.813118779063994e-9, -0.4737178581664243, -0.8806768611187583, 0), (3.858946587781629e-8, 0.8806768611187574, -0.4737178581664243, 0), (-0.0012499995063990355, 0.16788503527641296, 0.12996983528137207, 1) )
            uniform token[] xformOpOrder = ["xformOp:transform"]

            def Capsule "Visual" (
                prepend apiSchemas = ["MaterialBindingAPI"]
            )
            {
                uniform token axis = "Z"
                double height = 0.00499672131147541
                rel material:binding = </Looks/Wire_2>
                color3f[] primvars:displayColor = [(0.78, 0.035, 0.06)]
                double radius = 0.001
            }
        }

        def Xform "Segment_35"
        {
            matrix4d xformOp:transform = ( (0.999999999999999, -4.296911544630964e-8, 1.122663469407642e-8, 0), (-1.2163253351115769e-8, -0.5081026747710173, -0.8612966913117508, 0), (4.2713434382043047e-8, 0.8612966913117499, -0.5081026747710173, 0), (-0.0012499992735683918, 0.1722368597984314, 0.12751704454421997, 1) )
            uniform token[] xformOpOrder = ["xformOp:transform"]

            def Capsule "Visual" (
                prepend apiSchemas = ["MaterialBindingAPI"]
            )
            {
                uniform token axis = "Z"
                double height = 0.00499672131147541
                rel material:binding = </Looks/Wire_2>
                color3f[] primvars:displayColor = [(0.78, 0.035, 0.06)]
                double radius = 0.001
            }
        }

        def Xform "Segment_36"
        {
            matrix4d xformOp:transform = ( (0.9999999999999996, -2.869822113094276e-8, 1.5619137334663958e-9, 0), (-1.423418228713e-8, -0.5417423260155447, -0.8405446404915582, 0), (2.4968290394178676e-8, 0.8405446404915577, -0.5417423260155447, 0), (-0.0012499990407377481, 0.17648841440677643, 0.12489432841539383, 1) )
            uniform token[] xformOpOrder = ["xformOp:transform"]

            def Capsule "Visual" (
                prepend apiSchemas = ["MaterialBindingAPI"]
            )
            {
                uniform token axis = "Z"
                double height = 0.00499672131147541
                rel material:binding = </Looks/Wire_2>
                color3f[] primvars:displayColor = [(0.78, 0.035, 0.06)]
                double radius = 0.001
            }
        }

        def Xform "Segment_37"
        {
            matrix4d xformOp:transform = ( (0.9999999999999997, -2.5248473218531493e-8, -1.452175938878058e-9, 0), (-1.569640457087987e-8, -0.5746049584864252, -0.8184308516999473, 0), (1.982970242771232e-8, 0.8184308516999471, -0.5746049584864255, 0), (-0.0012499989243224263, 0.18063287436962128, 0.12210548669099808, 1) )
            uniform token[] xformOpOrder = ["xformOp:transform"]

            def Capsule "Visual" (
                prepend apiSchemas = ["MaterialBindingAPI"]
            )
            {
                uniform token axis = "Z"
                double height = 0.00499672131147541
                rel material:binding = </Looks/Wire_2>
                color3f[] primvars:displayColor = [(0.78, 0.035, 0.06)]
                double radius = 0.001
            }
        }

        def Xform "Segment_38"
        {
            matrix4d xformOp:transform = ( (0.9999999999999999, -1.2591571104593035e-8, -9.898795592940506e-9, 0), (-1.5507897465757417e-8, -0.606646968941277, -0.7949713357047017, 0), (4.004863701100865e-9, 0.7949713357047017, -0.6066469689412772, 0), (-0.0012499989243224263, 0.18466348946094513, 0.11915451288223267, 1) )
            uniform token[] xformOpOrder = ["xformOp:transform"]

            def Capsule "Visual" (
                prepend apiSchemas = ["MaterialBindingAPI"]
            )
            {
                uniform token axis = "Z"
                double height = 0.00499672131147541
                rel material:binding = </Looks/Wire_2>
                color3f[] primvars:displayColor = [(0.78, 0.035, 0.06)]
                double radius = 0.001
            }
        }

        def Xform "Segment_39"
        {
            matrix4d xformOp:transform = ( (0.9999999999999999, -2.63324194045795e-9, -1.640098937593747e-8, 0), (-1.4311170016780182e-8, -0.6378356450116556, -0.7701729034508239, 0), (-8.43307941249295e-9, 0.7701729034508241, -0.6378356450116556, 0), (-0.0012499989243224263, 0.18857355415821075, 0.11604555696249008, 1) )
            uniform token[] xformOpOrder = ["xformOp:transform"]

            def Capsule "Visual" (
                prepend apiSchemas = ["MaterialBindingAPI"]
            )
            {
                uniform token axis = "Z"
                double height = 0.00499672131147541
                rel material:binding = </Looks/Wire_2>
                color3f[] primvars:displayColor = [(0.78, 0.035, 0.06)]
                double radius = 0.001
            }
        }

        def Xform "Segment_40"
        {
            matrix4d xformOp:transform = ( (0.9999999999999992, 1.9194349194947705e-8, -3.368420476792269e-8, 0), (-1.2238461751624782e-8, -0.6681254799803191, -0.7440488764694352, 0), (-3.67868012447257e-8, 0.744048876469435, -0.6681254799803185, 0), (-0.0012499990407377481, 0.1923563927412033, 0.1127830445766449, 1) )
            uniform token[] xformOpOrder = ["xformOp:transform"]

            def Capsule "Visual" (
                prepend apiSchemas = ["MaterialBindingAPI"]
            )
            {
                uniform token axis = "Z"
                double height = 0.00499672131147541
                rel material:binding = </Looks/Wire_2>
                color3f[] primvars:displayColor = [(0.78, 0.035, 0.06)]
                double radius = 0.001
            }
        }

        def Xform "Segment_41"
        {
            matrix4d xformOp:transform = ( (0.9999999999999996, 1.4196858014154032e-8, -2.777665018530349e-8, 0), (-1.0003072057083215e-8, -0.6974744570477545, -0.7166097283180051, 0), (-2.9547108528781137e-8, 0.7166097283180051, -0.697474457047754, 0), (-0.0012499992735683918, 0.19600540399551392, 0.10937153548002243, 1) )
            uniform token[] xformOpOrder = ["xformOp:transform"]

            def Capsule "Visual" (
                prepend apiSchemas = ["MaterialBindingAPI"]
            )
            {
                uniform token axis = "Z"
                double height = 0.00499672131147541
                rel material:binding = </Looks/Wire_2>
                color3f[] primvars:displayColor = [(0.78, 0.035, 0.06)]
                double radius = 0.001
            }
        }

        def Xform "Segment_42"
        {
            matrix4d xformOp:transform = ( (0.9999999999999992, 1.9825987568017053e-8, -3.270617744231556e-8, 0), (-8.107595663256545e-9, -0.7258273693233839, -0.6878773311605785, 0), (-3.737687411350154e-8, 0.6878773311605783, -0.7258273693233832, 0), (-0.0012499995063990355, 0.19951407611370087, 0.10581590980291367, 1) )
            uniform token[] xformOpOrder = ["xformOp:transform"]

            def Capsule "Visual" (
                prepend apiSchemas = ["MaterialBindingAPI"]
            )
            {
                uniform token axis = "Z"
                double height = 0.00499672131147541
                rel material:binding = </Looks/Wire_2>
                color3f[] primvars:displayColor = [(0.78, 0.035, 0.06)]
                double radius = 0.001
            }
        }

        def Xform "Segment_43"
        {
            matrix4d xformOp:transform = ( (0.9999999999999994, 1.623043179886484e-8, -2.8234692555679814e-8, 0), (-6.351195914959214e-9, -0.7531298036102503, -0.6578721243324567, 0), (-3.194193310589028e-8, 0.6578721243324565, -0.7531298036102498, 0), (-0.0012499996228143573, 0.2028760015964508, 0.10212122648954391, 1) )
            uniform token[] xformOpOrder = ["xformOp:transform"]

            def Capsule "Visual" (
                prepend apiSchemas = ["MaterialBindingAPI"]
            )
            {
                uniform token axis = "Z"
                double height = 0.00499672131147541
                rel material:binding = </Looks/Wire_2>
                color3f[] primvars:displayColor = [(0.78, 0.035, 0.06)]
                double radius = 0.001
            }
        }

        def Xform "Segment_44"
        {
            matrix4d xformOp:transform = ( (0.9999999999999996, 1.423792733110036e-8, -2.5858927451418606e-8, 0), (-5.1082644317564895e-9, -0.7793140671637961, -0.626633891385609, 0), (-2.9074186800642884e-8, 0.6266338913856088, -0.7793140671637957, 0), (-0.001249999855645001, 0.2060849517583847, 0.09829294681549072, 1) )
            uniform token[] xformOpOrder = ["xformOp:transform"]

            def Capsule "Visual" (
                prepend apiSchemas = ["MaterialBindingAPI"]
            )
            {
                uniform token axis = "Z"
                double height = 0.00499672131147541
                rel material:binding = </Looks/Wire_2>
                color3f[] primvars:displayColor = [(0.78, 0.035, 0.06)]
                double radius = 0.001
            }
        }

        def Xform "Segment_45"
        {
            matrix4d xformOp:transform = ( (0.9999999999999998, 8.616634676661891e-9, -1.915482118871225e-8, 0), (-4.451052683214692e-9, -0.8043241489894586, -0.5941908711533763, 0), (-2.0526609508972476e-8, 0.5941908711533763, -0.8043241489894584, 0), (-0.001249999855645001, 0.2091347873210907, 0.09433676302433014, 1) )
            uniform token[] xformOpOrder = ["xformOp:transform"]

            def Capsule "Visual" (
                prepend apiSchemas = ["MaterialBindingAPI"]
            )
            {
                uniform token axis = "Z"
                double height = 0.00499672131147541
                rel material:binding = </Looks/Wire_2>
                color3f[] primvars:displayColor = [(0.78, 0.035, 0.06)]
                double radius = 0.001
            }
        }

        def Xform "Segment_46"
        {
            matrix4d xformOp:transform = ( (0.9999999999999997, 1.1842410750444655e-8, -2.2900164081358824e-8, 0), (-3.0312048715523488e-9, -0.8280888809904641, -0.5605973825355904, 0), (-2.5602187491737523e-8, 0.5605973825355902, -0.8280888809904638, 0), (-0.001249999855645001, 0.2120196372270584, 0.09025876969099045, 1) )
            uniform token[] xformOpOrder = ["xformOp:transform"]

            def Capsule "Visual" (
                prepend apiSchemas = ["MaterialBindingAPI"]
            )
            {
                uniform token axis = "Z"
                double height = 0.00499672131147541
                rel material:binding = </Looks/Wire_2>
                color3f[] primvars:displayColor = [(0.78, 0.035, 0.06)]
                double radius = 0.001
            }
        }

        def Xform "Segment_47"
        {
            matrix4d xformOp:transform = ( (0.9999999999999998, 1.0053963984731007e-8, -1.9564981822795722e-8, 0), (-1.7381314193444236e-9, -0.8505401269466761, -0.5259105473337478, 0), (-2.1928283213732966e-8, 0.5259105473337478, -0.8505401269466759, 0), (-0.0012499999720603228, 0.21473389863967896, 0.08606529980897903, 1) )
            uniform token[] xformOpOrder = ["xformOp:transform"]

            def Capsule "Visual" (
                prepend apiSchemas = ["MaterialBindingAPI"]
            )
            {
                uniform token axis = "Z"
                double height = 0.00499672131147541
                rel material:binding = </Looks/Wire_2>
                color3f[] primvars:displayColor = [(0.78, 0.035, 0.06)]
                double radius = 0.001
            }
        }

        def Xform "Segment_48"
        {
            matrix4d xformOp:transform = ( (0.9999999999999998, 9.204464059542336e-9, -1.799421552983644e-8, 0), (-7.981150409263012e-10, -0.8716091012370557, -0.49020241042943985, 0), (-2.019596404084392e-8, 0.49020241042943974, -0.8716091012370555, 0), (-0.0012499999720603228, 0.2172722965478897, 0.0817631408572197, 1) )
            uniform token[] xformOpOrder = ["xformOp:transform"]

            def Capsule "Visual" (
                prepend apiSchemas = ["MaterialBindingAPI"]
            )
            {
                uniform token axis = "Z"
                double height = 0.00499672131147541
                rel material:binding = </Looks/Wire_2>
                color3f[] primvars:displayColor = [(0.78, 0.035, 0.06)]
                double radius = 0.001
            }
        }

        def Xform "Segment_49"
        {
            matrix4d xformOp:transform = ( (0.9999999999999999, 7.4107347487783435e-9, -1.4799990908520561e-8, 0), (-1.0819338955021622e-10, -0.8912218581513758, -0.45356795571651004, 0), (-1.655134479731178e-8, 0.45356795571650993, -0.8912218581513756, 0), (-0.0012499999720603228, 0.21962997317314148, 0.07735934108495712, 1) )
            uniform token[] xformOpOrder = ["xformOp:transform"]

            def Capsule "Visual" (
                prepend apiSchemas = ["MaterialBindingAPI"]
            )
            {
                uniform token axis = "Z"
                double height = 0.00499672131147541
                rel material:binding = </Looks/Wire_2>
                color3f[] primvars:displayColor = [(0.78, 0.035, 0.06)]
                double radius = 0.001
            }
        }

        def Xform "Segment_50"
        {
            matrix4d xformOp:transform = ( (0.9999999999999999, 5.89509182708008e-9, -1.2247297235194536e-8, 0), (2.642734404810274e-10, -0.9093144625406993, -0.41610966451901454, 0), (-1.3589648883086215e-8, 0.41610966451901454, -0.9093144625406993, 0), (-0.0012499999720603228, 0.22180253267288208, 0.07286136597394943, 1) )
            uniform token[] xformOpOrder = ["xformOp:transform"]

            def Capsule "Visual" (
                prepend apiSchemas = ["MaterialBindingAPI"]
            )
            {
                uniform token axis = "Z"
                double height = 0.00499672131147541
                rel material:binding = </Looks/Wire_2>
                color3f[] primvars:displayColor = [(0.78, 0.035, 0.06)]
                double radius = 0.001
            }
        }

        def Xform "Segment_51"
        {
            matrix4d xformOp:transform = ( (0.9999999999999999, 4.5957043947705e-9, -1.0109740526368871e-8, 0), (4.336267813819868e-10, -0.9258186503689174, -0.37796833113972994, 0), (-1.1096815768908049e-8, 0.37796833113972994, -0.9258186503689174, 0), (-0.0012499999720603228, 0.22378621995449066, 0.06827695667743683, 1) )
            uniform token[] xformOpOrder = ["xformOp:transform"]

            def Capsule "Visual" (
                prepend apiSchemas = ["MaterialBindingAPI"]
            )
            {
                uniform token axis = "Z"
                double height = 0.00499672131147541
                rel material:binding = </Looks/Wire_2>
                color3f[] primvars:displayColor = [(0.78, 0.035, 0.06)]
                double radius = 0.001
            }
        }

        def Xform "Segment_52"
        {
            matrix4d xformOp:transform = ( (1, 3.911652615156603e-9, -8.836481698008444e-9, 0), (6.818023094057721e-10, -0.9406931257581235, -0.33925964363051264, 0), (-9.63948030714253e-9, 0.33925964363051264, -0.9406931257581235, 0), (-0.0012499999720603228, 0.22557790577411652, 0.06361417472362518, 1) )
            uniform token[] xformOpOrder = ["xformOp:transform"]

            def Capsule "Visual" (
                prepend apiSchemas = ["MaterialBindingAPI"]
            )
            {
                uniform token axis = "Z"
                double height = 0.00499672131147541
                rel material:binding = </Looks/Wire_2>
                color3f[] primvars:displayColor = [(0.78, 0.035, 0.06)]
                double radius = 0.001
            }
        }

        def Xform "Segment_53"
        {
            matrix4d xformOp:transform = ( (1, 3.2528459237194884e-9, -7.60336200508127e-9, 0), (8.205081856260857e-10, -0.953884839401276, -0.30017398686411845, 0), (-8.229148601227987e-9, 0.30017398686411845, -0.953884839401276, 0), (-0.0012499999720603228, 0.22717523574829102, 0.05888127535581589, 1) )
            uniform token[] xformOpOrder = ["xformOp:transform"]

            def Capsule "Visual" (
                prepend apiSchemas = ["MaterialBindingAPI"]
            )
            {
                uniform token axis = "Z"
                double height = 0.00499672131147541
                rel material:binding = </Looks/Wire_2>
                color3f[] primvars:displayColor = [(0.78, 0.035, 0.06)]
                double radius = 0.001
            }
        }

        def Xform "Segment_54"
        {
            matrix4d xformOp:transform = ( (1, 2.7457773291695916e-9, -6.549752269956249e-9, 0), (9.420518987362312e-10, -0.9653735442453808, -0.2608722352629016, 0), (-7.039253238750982e-9, 0.2608722352629016, -0.9653735442453808, 0), (-0.0012499999720603228, 0.22857673466205597, 0.05408673733472824, 1) )
            uniform token[] xformOpOrder = ["xformOp:transform"]

            def Capsule "Visual" (
                prepend apiSchemas = ["MaterialBindingAPI"]
            )
            {
                uniform token axis = "Z"
                double height = 0.00499672131147541
                rel material:binding = </Looks/Wire_2>
                color3f[] primvars:displayColor = [(0.78, 0.035, 0.06)]
                double radius = 0.001
            }
        }

        def Xform "Segment_55"
        {
            matrix4d xformOp:transform = ( (1, 2.2486142577813073e-9, -5.510031106070233e-9, 0), (9.71869363472576e-10, -0.9751448446186259, -0.22156949719487784, 0), (-5.871301287662075e-9, 0.22156949719487784, -0.9751448446186259, 0), (-0.0012499999720603228, 0.2297818511724472, 0.049239084124565125, 1) )
            uniform token[] xformOpOrder = ["xformOp:transform"]

            def Capsule "Visual" (
                prepend apiSchemas = ["MaterialBindingAPI"]
            )
            {
                uniform token axis = "Z"
                double height = 0.00499672131147541
                rel material:binding = </Looks/Wire_2>
                color3f[] primvars:displayColor = [(0.78, 0.035, 0.06)]
                double radius = 0.001
            }
        }

        def Xform "Segment_56"
        {
            matrix4d xformOp:transform = ( (1, 1.806295120179676e-9, -4.465252790888061e-9, 0), (9.612651231986786e-10, -0.9832139854418358, -0.1824554458021712, 0), (-4.719867997162671e-9, 0.1824554458021712, -0.9832139854418358, 0), (-0.0012499999720603228, 0.23079106211662292, 0.044346876442432404, 1) )
            uniform token[] xformOpOrder = ["xformOp:transform"]

            def Capsule "Visual" (
                prepend apiSchemas = ["MaterialBindingAPI"]
            )
            {
                uniform token axis = "Z"
                double height = 0.00499672131147541
                rel material:binding = </Looks/Wire_2>
                color3f[] primvars:displayColor = [(0.78, 0.035, 0.06)]
                double radius = 0.001
            }
        }

        def Xform "Segment_57"
        {
            matrix4d xformOp:transform = ( (1, 1.364575441148895e-9, -3.4015700202304554e-9, 0), (8.613152641439752e-10, -0.989609658531613, -0.1437811381212386, 0), (-3.562426245253355e-9, 0.1437811381212386, -0.989609658531613, 0), (-0.0012499999720603228, 0.23160593211650848, 0.039418529719114304, 1) )
            uniform token[] xformOpOrder = ["xformOp:transform"]

            def Capsule "Visual" (
                prepend apiSchemas = ["MaterialBindingAPI"]
            )
            {
                uniform token axis = "Z"
                double height = 0.00499672131147541
                rel material:binding = </Looks/Wire_2>
                color3f[] primvars:displayColor = [(0.78, 0.035, 0.06)]
                double radius = 0.001
            }
        }

        def Xform "Segment_58"
        {
            matrix4d xformOp:transform = ( (1, 9.108946093152946e-10, -2.284280344414878e-9, 0), (6.641592009667124e-10, -0.9943901354857019, -0.10577737483600913, 0), (-2.3678171882413295e-9, 0.10577737483600913, -0.9943901354857019, 0), (-0.0012499999720603228, 0.23222921788692474, 0.03446227312088013, 1) )
            uniform token[] xformOpOrder = ["xformOp:transform"]

            def Capsule "Visual" (
                prepend apiSchemas = ["MaterialBindingAPI"]
            )
            {
                uniform token axis = "Z"
                double height = 0.00499672131147541
                rel material:binding = </Looks/Wire_2>
                color3f[] primvars:displayColor = [(0.78, 0.035, 0.06)]
                double radius = 0.001
            }
        }

        def Xform "Segment_59"
        {
            matrix4d xformOp:transform = ( (1, 4.590180242292961e-10, -1.153270063502074e-9, 0), (3.7871089761942766e-10, -0.997637969691624, -0.06869408275428501, 0), (-1.1820775955755747e-9, 0.06869408275428501, -0.997637969691624, 0), (-0.0012499999720603228, 0.23266491293907166, 0.02948595955967903, 1) )
            uniform token[] xformOpOrder = ["xformOp:transform"]

            def Capsule "Visual" (
                prepend apiSchemas = ["MaterialBindingAPI"]
            )
            {
                uniform token axis = "Z"
                double height = 0.00499672131147541
                rel material:binding = </Looks/Wire_2>
                color3f[] primvars:displayColor = [(0.78, 0.035, 0.06)]
                double radius = 0.001
            }
        }

        def Xform "Segment_60"
        {
            matrix4d xformOp:transform = ( (1, -2.4355362700598627e-14, -1.2592528200970153e-15, 0), (-2.43835421922141e-14, -0.9994633557816499, -0.03275822111066695, 0), (-4.607386495052926e-16, 0.03275822111066695, -0.9994633557816499, 0), (-0.0012499999720603228, 0.2329181730747223, 0.02449697069823742, 1) )
            uniform token[] xformOpOrder = ["xformOp:transform"]

            def Capsule "Visual" (
                prepend apiSchemas = ["MaterialBindingAPI"]
            )
            {
                uniform token axis = "Z"
                double height = 0.00499672131147541
                rel material:binding = </Looks/Wire_2>
                color3f[] primvars:displayColor = [(0.78, 0.035, 0.06)]
                double radius = 0.001
            }
        }
    }

    def "Cable_3"
    {
        def Xform "Segment_00"
        {
            matrix4d xformOp:transform = ( (1, 1.6715291430664278e-10, 9.157665994856109e-10, 0), (4.834454344409831e-10, 0.7474302782165907, -0.6643403036578874, 0), (-7.955181163322506e-10, 0.6643403036578874, 0.7474302782165907, 0), (0.00124999915715307, 0.012875947169959545, 0.10236503183841705, 1) )
            uniform token[] xformOpOrder = ["xformOp:transform"]

            def Capsule "Visual" (
                prepend apiSchemas = ["MaterialBindingAPI"]
            )
            {
                uniform token axis = "Z"
                double height = 0.00499672131147541
                rel material:binding = </Looks/Wire_3>
                color3f[] primvars:displayColor = [(0.93, 0.1, 0.15)]
                double radius = 0.001
            }
        }

        def Xform "Segment_01"
        {
            matrix4d xformOp:transform = ( (0.9999999999999947, 7.018395354376731e-8, 7.509627516653183e-8, 0), (1.4485273551688094e-9, 0.7209034310616282, -0.6930355906816619, 0), (-1.027771358202907e-7, 0.6930355906816583, 0.7209034310616242, 0), (0.0012499990407377481, 0.016266848891973495, 0.10603312402963638, 1) )
            uniform token[] xformOpOrder = ["xformOp:transform"]

            def Capsule "Visual" (
                prepend apiSchemas = ["MaterialBindingAPI"]
            )
            {
                uniform token axis = "Z"
                double height = 0.00499672131147541
                rel material:binding = </Looks/Wire_3>
                color3f[] primvars:displayColor = [(0.93, 0.1, 0.15)]
                double radius = 0.001
            }
        }

        def Xform "Segment_02"
        {
            matrix4d xformOp:transform = ( (0.9999999999999994, 2.3460838095693013e-8, 2.4887230474679663e-8, 0), (1.6711807222069525e-9, 0.693265761296912, -0.7206821208693983, 0), (-3.416126929500525e-8, 0.7206821208693979, 0.6932657612969115, 0), (0.0012499986914917827, 0.019798513501882553, 0.10956593602895737, 1) )
            uniform token[] xformOpOrder = ["xformOp:transform"]

            def Capsule "Visual" (
                prepend apiSchemas = ["MaterialBindingAPI"]
            )
            {
                uniform token axis = "Z"
                double height = 0.00499672131147541
                rel material:binding = </Looks/Wire_3>
                color3f[] primvars:displayColor = [(0.93, 0.1, 0.15)]
                double radius = 0.001
            }
        }

        def Xform "Segment_03"
        {
            matrix4d xformOp:transform = ( (1, -5.085808543609402e-9, -5.697470490479198e-9, 0), (-8.775278259931992e-10, 0.664559595156474, -0.7472352923744658, 0), (7.58660421049756e-9, 0.7472352923744658, 0.664559595156474, 0), (0.0012499985750764608, 0.023465586826205254, 0.11295796930789948, 1) )
            uniform token[] xformOpOrder = ["xformOp:transform"]

            def Capsule "Visual" (
                prepend apiSchemas = ["MaterialBindingAPI"]
            )
            {
                uniform token axis = "Z"
                double height = 0.00499672131147541
                rel material:binding = </Looks/Wire_3>
                color3f[] primvars:displayColor = [(0.93, 0.1, 0.15)]
                double radius = 0.001
            }
        }

        def Xform "Segment_04"
        {
            matrix4d xformOp:transform = ( (0.9999999999999976, -5.119822018183175e-8, -4.8639021711520315e-8, 0), (-5.079274422760553e-9, 0.6348254872398155, -0.772655560158932, 0), (7.043587973596524e-8, 0.7726555601589302, 0.6348254872398136, 0), (0.0012499986914917827, 0.027262510731816292, 0.11620403826236725, 1) )
            uniform token[] xformOpOrder = ["xformOp:transform"]

            def Capsule "Visual" (
                prepend apiSchemas = ["MaterialBindingAPI"]
            )
            {
                uniform token axis = "Z"
                double height = 0.00499672131147541
                rel material:binding = </Looks/Wire_3>
                color3f[] primvars:displayColor = [(0.93, 0.1, 0.15)]
                double radius = 0.001
            }
        }

        def Xform "Segment_05"
        {
            matrix4d xformOp:transform = ( (0.9999999999999949, -7.235998761767522e-8, -6.97860011956771e-8, 0), (-1.1899448310048314e-8, 0.6041074969799046, -0.7969028678038528, 0), (9.982212630889829e-8, 0.7969028678038497, 0.6041074969799007, 0), (0.00124999915715307, 0.031183522194623947, 0.11929907649755478, 1) )
            uniform token[] xformOpOrder = ["xformOp:transform"]

            def Capsule "Visual" (
                prepend apiSchemas = ["MaterialBindingAPI"]
            )
            {
                uniform token axis = "Z"
                double height = 0.00499672131147541
                rel material:binding = </Looks/Wire_3>
                color3f[] primvars:displayColor = [(0.93, 0.1, 0.15)]
                double radius = 0.001
            }
        }

        def Xform "Segment_06"
        {
            matrix4d xformOp:transform = ( (0.9999999999999957, -6.436680289902026e-8, -6.65890736005707e-8, 0), (-1.7752641365290696e-8, 0.5724464155771042, -0.8199421336456124, 0), (9.089573016912794e-8, 0.81994213364561, 0.5724464155771005, 0), (0.0012499996228143573, 0.035222675651311874, 0.12223830819129944, 1) )
            uniform token[] xformOpOrder = ["xformOp:transform"]

            def Capsule "Visual" (
                prepend apiSchemas = ["MaterialBindingAPI"]
            )
            {
                uniform token axis = "Z"
                double height = 0.00499672131147541
                rel material:binding = </Looks/Wire_3>
                color3f[] primvars:displayColor = [(0.93, 0.1, 0.15)]
                double radius = 0.001
            }
        }

        def Xform "Segment_07"
        {
            matrix4d xformOp:transform = ( (0.9999999999999968, -5.290366407185646e-8, -6.081764616195092e-8, 0), (-2.262990490520342e-8, 0.5398933859646726, -0.8417334270631833, 0), (7.736582682870745e-8, 0.841733427063182, 0.5398933859646697, 0), (0.0012500000884756446, 0.03937382623553276, 0.12501710653305054, 1) )
            uniform token[] xformOpOrder = ["xformOp:transform"]

            def Capsule "Visual" (
                prepend apiSchemas = ["MaterialBindingAPI"]
            )
            {
                uniform token axis = "Z"
                double height = 0.00499672131147541
                rel material:binding = </Looks/Wire_3>
                color3f[] primvars:displayColor = [(0.93, 0.1, 0.15)]
                double radius = 0.001
            }
        }

        def Xform "Segment_08"
        {
            matrix4d xformOp:transform = ( (0.9999999999999957, -6.248848483971308e-8, -6.906087140805838e-8, 0), (-2.7898648821614492e-8, 0.5064803611140982, -0.8622515030997606, 0), (8.885876485261122e-8, 0.8622515030997588, 0.5064803611140942, 0), (0.00125000043772161, 0.0436306856572628, 0.12763115763664246, 1) )
            uniform token[] xformOpOrder = ["xformOp:transform"]

            def Capsule "Visual" (
                prepend apiSchemas = ["MaterialBindingAPI"]
            )
            {
                uniform token axis = "Z"
                double height = 0.00499672131147541
                rel material:binding = </Looks/Wire_3>
                color3f[] primvars:displayColor = [(0.93, 0.1, 0.15)]
                double radius = 0.001
            }
        }

        def Xform "Segment_09"
        {
            matrix4d xformOp:transform = ( (0.999999999999995, -6.659665644721018e-8, -7.381827764919671e-8, 0), (-3.3617665550651466e-8, 0.4722525268288107, -0.8814632779624967, 0), (9.35633759970544e-8, 0.8814632779624949, 0.47225252682880614, 0), (0.0012500009033828974, 0.04798680543899536, 0.13007619976997375, 1) )
            uniform token[] xformOpOrder = ["xformOp:transform"]

            def Capsule "Visual" (
                prepend apiSchemas = ["MaterialBindingAPI"]
            )
            {
                uniform token axis = "Z"
                double height = 0.00499672131147541
                rel material:binding = </Looks/Wire_3>
                color3f[] primvars:displayColor = [(0.93, 0.1, 0.15)]
                double radius = 0.001
            }
        }

        def Xform "Segment_10"
        {
            matrix4d xformOp:transform = ( (0.999999999999996, -5.581970944472362e-8, -6.954494785449538e-8, 0), (-3.813653482428934e-8, 0.43725940878476166, -0.8993355179400457, 0), (8.060982847130749e-8, 0.8993355179400448, 0.4372594087847578, 0), (0.0012500013690441847, 0.05243557691574097, 0.13234834372997284, 1) )
            uniform token[] xformOpOrder = ["xformOp:transform"]

            def Capsule "Visual" (
                prepend apiSchemas = ["MaterialBindingAPI"]
            )
            {
                uniform token axis = "Z"
                double height = 0.00499672131147541
                rel material:binding = </Looks/Wire_3>
                color3f[] primvars:displayColor = [(0.93, 0.1, 0.15)]
                double radius = 0.001
            }
        }

        def Xform "Segment_11"
        {
            matrix4d xformOp:transform = ( (0.9999999999999982, -2.276247403503715e-8, -5.424037143291061e-8, 0), (-4.0534641649838655e-8, 0.40155932740480427, -0.9158329501917702, 0), (4.262734971464929e-8, 0.9158329501917709, 0.4015593274048027, 0), (0.0012500017182901502, 0.05697021633386612, 0.13444384932518005, 1) )
            uniform token[] xformOpOrder = ["xformOp:transform"]

            def Capsule "Visual" (
                prepend apiSchemas = ["MaterialBindingAPI"]
            )
            {
                uniform token axis = "Z"
                double height = 0.00499672131147541
                rel material:binding = </Looks/Wire_3>
                color3f[] primvars:displayColor = [(0.93, 0.1, 0.15)]
                double radius = 0.001
            }
        }

        def Xform "Segment_12"
        {
            matrix4d xformOp:transform = ( (0.9999999999999981, -2.591654734295012e-8, -5.656241444459578e-8, 0), (-4.3190472495366913e-8, 0.36520822793709584, -0.9309259745104296, 0), (4.478344827733285e-8, 0.9309259745104302, 0.36520822793709395, 0), (0.0012500019511207938, 0.061583783477544785, 0.13635939359664917, 1) )
            uniform token[] xformOpOrder = ["xformOp:transform"]

            def Capsule "Visual" (
                prepend apiSchemas = ["MaterialBindingAPI"]
            )
            {
                uniform token axis = "Z"
                double height = 0.00499672131147541
                rel material:binding = </Looks/Wire_3>
                color3f[] primvars:displayColor = [(0.93, 0.1, 0.15)]
                double radius = 0.001
            }
        }

        def Xform "Segment_13"
        {
            matrix4d xformOp:transform = ( (0.9999999999999987, -8.595754128770674e-9, -5.05186990481183e-8, 0), (-4.489767084023657e-8, 0.32826052592269384, -0.9445872327910928, 0), (2.4702734578956993e-8, 0.9445872327910939, 0.32826052592269295, 0), (0.0012500021839514375, 0.06626918911933899, 0.1380918025970459, 1) )
            uniform token[] xformOpOrder = ["xformOp:transform"]

            def Capsule "Visual" (
                prepend apiSchemas = ["MaterialBindingAPI"]
            )
            {
                uniform token axis = "Z"
                double height = 0.00499672131147541
                rel material:binding = </Looks/Wire_3>
                color3f[] primvars:displayColor = [(0.93, 0.1, 0.15)]
                double radius = 0.001
            }
        }

        def Xform "Segment_14"
        {
            matrix4d xformOp:transform = ( (0.9999999999999986, -1.3495444782285165e-8, -5.1903835637022904e-8, 0), (-4.5736843535199324e-8, 0.2907805308003615, -0.9567898992420107, 0), (2.8004933978559787e-8, 0.9567898992420116, 0.2907805308003605, 0), (0.0012500024167820811, 0.07101921737194061, 0.13963830471038818, 1) )
            uniform token[] xformOpOrder = ["xformOp:transform"]

            def Capsule "Visual" (
                prepend apiSchemas = ["MaterialBindingAPI"]
            )
            {
                uniform token axis = "Z"
                double height = 0.00499672131147541
                rel material:binding = </Looks/Wire_3>
                color3f[] primvars:displayColor = [(0.93, 0.1, 0.15)]
                double radius = 0.001
            }
        }

        def Xform "Segment_15"
        {
            matrix4d xformOp:transform = ( (0.9999999999999978, -3.2113421778858187e-8, -5.7680132879465124e-8, 0), (-4.768708844501009e-8, 0.25282619264634576, -0.9675117489938142, 0), (4.5653161807013784e-8, 0.9675117489938149, 0.25282619264634365, 0), (0.0012500026496127248, 0.07582651823759079, 0.14099633693695068, 1) )
            uniform token[] xformOpOrder = ["xformOp:transform"]

            def Capsule "Visual" (
                prepend apiSchemas = ["MaterialBindingAPI"]
            )
            {
                uniform token axis = "Z"
                double height = 0.00499672131147541
                rel material:binding = </Looks/Wire_3>
                color3f[] primvars:displayColor = [(0.93, 0.1, 0.15)]
                double radius = 0.001
            }
        }

        def Xform "Segment_16"
        {
            matrix4d xformOp:transform = ( (0.9999999999999984, -1.6529300596563033e-8, -5.3681483508351556e-8, 0), (-4.8887774015165154e-8, 0.2144534685755557, -0.9767342543452878, 0), (2.7656915983368462e-8, 0.9767342543452889, 0.21445346857555458, 0), (0.0012500028824433684, 0.08068365603685379, 0.1421637088060379, 1) )
            uniform token[] xformOpOrder = ["xformOp:transform"]

            def Capsule "Visual" (
                prepend apiSchemas = ["MaterialBindingAPI"]
            )
            {
                uniform token axis = "Z"
                double height = 0.00499672131147541
                rel material:binding = </Looks/Wire_3>
                color3f[] primvars:displayColor = [(0.93, 0.1, 0.15)]
                double radius = 0.001
            }
        }

        def Xform "Segment_17"
        {
            matrix4d xformOp:transform = ( (0.9999999999999983, -1.8478003248159107e-8, -5.38577183927378e-8, 0), (-4.9772485482595926e-8, 0.17572919501082374, -0.9844386845750529, 0), (2.765483905928949e-8, 0.984438684575054, 0.17572919501082251, 0), (0.001250003115274012, 0.08558307588100433, 0.14313846826553345, 1) )
            uniform token[] xformOpOrder = ["xformOp:transform"]

            def Capsule "Visual" (
                prepend apiSchemas = ["MaterialBindingAPI"]
            )
            {
                uniform token axis = "Z"
                double height = 0.00499672131147541
                rel material:binding = </Looks/Wire_3>
                color3f[] primvars:displayColor = [(0.93, 0.1, 0.15)]
                double radius = 0.001
            }
        }

        def Xform "Segment_18"
        {
            matrix4d xformOp:transform = ( (0.9999999999999987, -3.4590144519583867e-9, -5.1100916867897237e-8, 0), (-5.01481114244447e-8, 0.13672360253934057, -0.990609218294231, 0), (1.0413232268612858e-8, 0.9906092182942323, 0.13672360253934024, 0), (0.001250003115274012, 0.09051716327667236, 0.14391905069351196, 1) )
            uniform token[] xformOpOrder = ["xformOp:transform"]

            def Capsule "Visual" (
                prepend apiSchemas = ["MaterialBindingAPI"]
            )
            {
                uniform token axis = "Z"
                double height = 0.00499672131147541
                rel material:binding = </Looks/Wire_3>
                color3f[] primvars:displayColor = [(0.93, 0.1, 0.15)]
                double radius = 0.001
            }
        }

        def Xform "Segment_19"
        {
            matrix4d xformOp:transform = ( (0.9999999999999983, -2.1029286129529576e-8, -5.3438365399930344e-8, 0), (-5.113350654504285e-8, 0.09749600291252114, -0.9952360188472079, 0), (2.6139133117648667e-8, 0.995236018847209, 0.09749600291251992, 0), (0.001250003115274012, 0.09547822922468185, 0.14450415968894958, 1) )
            uniform token[] xformOpOrder = ["xformOp:transform"]

            def Capsule "Visual" (
                prepend apiSchemas = ["MaterialBindingAPI"]
            )
            {
                uniform token axis = "Z"
                double height = 0.00499672131147541
                rel material:binding = </Looks/Wire_3>
                color3f[] primvars:displayColor = [(0.93, 0.1, 0.15)]
                double radius = 0.001
            }
        }

        def Xform "Segment_20"
        {
            matrix4d xformOp:transform = ( (0.9999999999999987, 7.909821800504483e-9, -5.041582064221591e-8, 0), (-5.079032699798593e-8, 0.05812195353507754, -0.9983095894294245, 0), (-4.966179153180172e-9, 0.9983095894294258, 0.058121953535077875, 0), (0.001250003231689334, 0.1004585325717926, 0.14489293098449707, 1) )
            uniform token[] xformOpOrder = ["xformOp:transform"]

            def Capsule "Visual" (
                prepend apiSchemas = ["MaterialBindingAPI"]
            )
            {
                uniform token axis = "Z"
                double height = 0.00499672131147541
                rel material:binding = </Looks/Wire_3>
                color3f[] primvars:displayColor = [(0.93, 0.1, 0.15)]
                double radius = 0.001
            }
        }

        def Xform "Segment_21"
        {
            matrix4d xformOp:transform = ( (0.9999999999999984, 2.575763120431575e-8, -4.83222773725874e-8, 0), (-4.879453158047467e-8, 0.018661094474387685, -0.9998259929769229, 0), (-2.485139319178852e-8, 0.9998259929769238, 0.018661094474388906, 0), (0.001250003231689334, 0.10545030236244202, 0.14508475363254547, 1) )
            uniform token[] xformOpOrder = ["xformOp:transform"]

            def Capsule "Visual" (
                prepend apiSchemas = ["MaterialBindingAPI"]
            )
            {
                uniform token axis = "Z"
                double height = 0.00499672131147541
                rel material:binding = </Looks/Wire_3>
                color3f[] primvars:displayColor = [(0.93, 0.1, 0.15)]
                double radius = 0.001
            }
        }

        def Xform "Segment_22"
        {
            matrix4d xformOp:transform = ( (0.9999999999999987, 1.7269030295506525e-8, -4.749976719116811e-8, 0), (-4.712999603901456e-8, -0.02081645942411936, -0.9997833934289484, 0), (-1.8254061573380434e-8, 0.9997833934289493, -0.020816459424118472, 0), (0.001250003115274012, 0.1104457750916481, 0.1450793743133545, 1) )
            uniform token[] xformOpOrder = ["xformOp:transform"]

            def Capsule "Visual" (
                prepend apiSchemas = ["MaterialBindingAPI"]
            )
            {
                uniform token axis = "Z"
                double height = 0.00499672131147541
                rel material:binding = </Looks/Wire_3>
                color3f[] primvars:displayColor = [(0.93, 0.1, 0.15)]
                double radius = 0.001
            }
        }

        def Xform "Segment_23"
        {
            matrix4d xformOp:transform = ( (0.9999999999999986, 2.530102002005614e-8, -4.670656222036303e-8, 0), (-4.509738564062557e-8, -0.06024794179032389, -0.9981835476584703, 0), (-2.806902878406418e-8, 0.998183547658471, -0.06024794179032256, 0), (0.0012500029988586903, 0.11543713510036469, 0.1448768526315689, 1) )
            uniform token[] xformOpOrder = ["xformOp:transform"]

            def Capsule "Visual" (
                prepend apiSchemas = ["MaterialBindingAPI"]
            )
            {
                uniform token axis = "Z"
                double height = 0.00499672131147541
                rel material:binding = </Looks/Wire_3>
                color3f[] primvars:displayColor = [(0.93, 0.1, 0.15)]
                double radius = 0.001
            }
        }

        def Xform "Segment_24"
        {
            matrix4d xformOp:transform = ( (0.9999999999999987, 2.5876860210959864e-8, -4.496190079936687e-8, 0), (-4.2162221124152436e-8, -0.09955970309468531, -0.9950316561326528, 0), (-3.022468408019741e-8, 0.9950316561326534, -0.09955970309468398, 0), (0.0012500027660280466, 0.12041662633419037, 0.14447763562202454, 1) )
            uniform token[] xformOpOrder = ["xformOp:transform"]

            def Capsule "Visual" (
                prepend apiSchemas = ["MaterialBindingAPI"]
            )
            {
                uniform token axis = "Z"
                double height = 0.00499672131147541
                rel material:binding = </Looks/Wire_3>
                color3f[] primvars:displayColor = [(0.93, 0.1, 0.15)]
                double radius = 0.001
            }
        }

        def Xform "Segment_25"
        {
            matrix4d xformOp:transform = ( (0.9999999999999977, 5.021681619798376e-8, -4.530311176619527e-8, 0), (-3.790049052003923e-8, -0.1386942235112678, -0.9903353278359648, 0), (-5.601476040386927e-8, 0.9903353278359643, -0.1386942235112656, 0), (0.0012500026496127248, 0.12537650763988495, 0.14388242363929749, 1) )
            uniform token[] xformOpOrder = ["xformOp:transform"]

            def Capsule "Visual" (
                prepend apiSchemas = ["MaterialBindingAPI"]
            )
            {
                uniform token axis = "Z"
                double height = 0.00499672131147541
                rel material:binding = </Looks/Wire_3>
                color3f[] primvars:displayColor = [(0.93, 0.1, 0.15)]
                double radius = 0.001
            }
        }

        def Xform "Segment_26"
        {
            matrix4d xformOp:transform = ( (0.9999999999999984, 3.6312172652050797e-8, -4.109099548405588e-8, 0), (-3.398931337369951e-8, -0.1775864220101384, -0.9841051971918375, 0), (-4.30322015352166e-8, 0.9841051971918375, -0.17758642201013686, 0), (0.001250002533197403, 0.1303090900182724, 0.1430922895669937, 1) )
            uniform token[] xformOpOrder = ["xformOp:transform"]

            def Capsule "Visual" (
                prepend apiSchemas = ["MaterialBindingAPI"]
            )
            {
                uniform token axis = "Z"
                double height = 0.00499672131147541
                rel material:binding = </Looks/Wire_3>
                color3f[] primvars:displayColor = [(0.93, 0.1, 0.15)]
                double radius = 0.001
            }
        }

        def Xform "Segment_27"
        {
            matrix4d xformOp:transform = ( (0.9999999999999983, 4.2215512907427285e-8, -4.007843226941048e-8, 0), (-3.0003784709450225e-8, -0.2161955947113101, -0.9763503206940387, 0), (-4.988189216860006e-8, 0.9763503206940383, -0.21619559471130856, 0), (0.0012500023003667593, 0.13520672917366028, 0.14210852980613708, 1) )
            uniform token[] xformOpOrder = ["xformOp:transform"]

            def Capsule "Visual" (
                prepend apiSchemas = ["MaterialBindingAPI"]
            )
            {
                uniform token axis = "Z"
                double height = 0.00499672131147541
                rel material:binding = </Looks/Wire_3>
                color3f[] primvars:displayColor = [(0.93, 0.1, 0.15)]
                double radius = 0.001
            }
        }

        def Xform "Segment_28"
        {
            matrix4d xformOp:transform = ( (0.9999999999999977, 5.477316872906038e-8, -3.946215607274525e-8, 0), (-2.4226537707162434e-8, -0.2544460366018575, -0.9670872325003905, 0), (-6.301140091487619e-8, 0.9670872325003892, -0.2544460366018557, 0), (0.0012500020675361156, 0.1400618702173233, 0.14093276858329773, 1) )
            uniform token[] xformOpOrder = ["xformOp:transform"]

            def Capsule "Visual" (
                prepend apiSchemas = ["MaterialBindingAPI"]
            )
            {
                uniform token axis = "Z"
                double height = 0.00499672131147541
                rel material:binding = </Looks/Wire_3>
                color3f[] primvars:displayColor = [(0.93, 0.1, 0.15)]
                double radius = 0.001
            }
        }

        def Xform "Segment_29"
        {
            matrix4d xformOp:transform = ( (0.999999999999997, 6.7131836414002e-8, -3.889527703769559e-8, 0), (-1.7574908703193922e-8, -0.2922879179047395, -0.9563303520723079, 0), (-7.556883365667233e-8, 0.9563303520723057, -0.2922879179047375, 0), (0.0012500017182901502, 0.14486698806285858, 0.13956689834594727, 1) )
            uniform token[] xformOpOrder = ["xformOp:transform"]

            def Capsule "Visual" (
                prepend apiSchemas = ["MaterialBindingAPI"]
            )
            {
                uniform token axis = "Z"
                double height = 0.00499672131147541
                rel material:binding = </Looks/Wire_3>
                color3f[] primvars:displayColor = [(0.93, 0.1, 0.15)]
                double radius = 0.001
            }
        }

        def Xform "Segment_30"
        {
            matrix4d xformOp:transform = ( (0.9999999999999953, 8.657089248772053e-8, -4.306223964486777e-8, 0), (-1.2114023901100122e-8, -0.32968026645927395, -0.9440925935646212, 0), (-9.592771410951094e-8, 0.9440925935646172, -0.3296802664592715, 0), (0.0012500012526288629, 0.14961466193199158, 0.13801309466362, 1) )
            uniform token[] xformOpOrder = ["xformOp:transform"]

            def Capsule "Visual" (
                prepend apiSchemas = ["MaterialBindingAPI"]
            )
            {
                uniform token axis = "Z"
                double height = 0.00499672131147541
                rel material:binding = </Looks/Wire_3>
                color3f[] primvars:displayColor = [(0.93, 0.1, 0.15)]
                double radius = 0.001
            }
        }

        def Xform "Segment_31"
        {
            matrix4d xformOp:transform = ( (0.9999999999999967, 7.301918103748798e-8, -3.6362191188375836e-8, 0), (-7.0643833186330186e-9, -0.3665700529527409, -0.9303903653408284, 0), (-8.126563994538443e-8, 0.9303903653408255, -0.36657005295273937, 0), (0.0012500007869675756, 0.15429753065109253, 0.13627371191978455, 1) )
            uniform token[] xformOpOrder = ["xformOp:transform"]

            def Capsule "Visual" (
                prepend apiSchemas = ["MaterialBindingAPI"]
            )
            {
                uniform token axis = "Z"
                double height = 0.00499672131147541
                rel material:binding = </Looks/Wire_3>
                color3f[] primvars:displayColor = [(0.93, 0.1, 0.15)]
                double radius = 0.001
            }
        }

        def Xform "Segment_32"
        {
            matrix4d xformOp:transform = ( (0.9999999999999974, 6.456225315086161e-8, -3.155759462692059e-8, 0), (-2.87064418651224e-9, -0.402901476840386, -0.915243251538784, 0), (-7.180477499795839e-8, 0.9152432515387818, -0.4029014768403847, 0), (0.0012500003213062882, 0.15890832245349884, 0.13435141742229462, 1) )
            uniform token[] xformOpOrder = ["xformOp:transform"]

            def Capsule "Visual" (
                prepend apiSchemas = ["MaterialBindingAPI"]
            )
            {
                uniform token axis = "Z"
                double height = 0.00499672131147541
                rel material:binding = </Looks/Wire_3>
                color3f[] primvars:displayColor = [(0.93, 0.1, 0.15)]
                double radius = 0.001
            }
        }

        def Xform "Segment_33"
        {
            matrix4d xformOp:transform = ( (0.9999999999999982, 5.394007488157042e-8, -2.5801364707322596e-8, 0), (4.733830154801028e-10, -0.4386378306030081, -0.8986642394341268, 0), (-5.979145430168388e-8, 0.8986642394341252, -0.4386378306030072, 0), (0.0012500000884756446, 0.16343986988067627, 0.13224907219409943, 1) )
            uniform token[] xformOpOrder = ["xformOp:transform"]

            def Capsule "Visual" (
                prepend apiSchemas = ["MaterialBindingAPI"]
            )
            {
                uniform token axis = "Z"
                double height = 0.00499672131147541
                rel material:binding = </Looks/Wire_3>
                color3f[] primvars:displayColor = [(0.93, 0.1, 0.15)]
                double radius = 0.001
            }
        }

        def Xform "Segment_34"
        {
            matrix4d xformOp:transform = ( (0.999999999999999, 4.181908796118171e-8, -1.8844024275557884e-8, 0), (3.21494739108775e-9, -0.47371785816642453, -0.8806768611187583, 0), (-4.5755846425078905e-8, 0.8806768611187574, -0.4737178581664243, 0), (0.0012499999720603228, 0.16788503527641296, 0.12996983528137207, 1) )
            uniform token[] xformOpOrder = ["xformOp:transform"]

            def Capsule "Visual" (
                prepend apiSchemas = ["MaterialBindingAPI"]
            )
            {
                uniform token axis = "Z"
                double height = 0.00499672131147541
                rel material:binding = </Looks/Wire_3>
                color3f[] primvars:displayColor = [(0.93, 0.1, 0.15)]
                double radius = 0.001
            }
        }

        def Xform "Segment_35"
        {
            matrix4d xformOp:transform = ( (0.9999999999999997, 2.2531383611397822e-8, -8.082706710318997e-9, 0), (4.4866448791361955e-9, -0.5081026747710171, -0.8612966913117505, 0), (-2.3513047716906523e-8, 0.8612966913117502, -0.5081026747710171, 0), (0.001249999739229679, 0.1722368597984314, 0.12751704454421997, 1) )
            uniform token[] xformOpOrder = ["xformOp:transform"]

            def Capsule "Visual" (
                prepend apiSchemas = ["MaterialBindingAPI"]
            )
            {
                uniform token axis = "Z"
                double height = 0.00499672131147541
                rel material:binding = </Looks/Wire_3>
                color3f[] primvars:displayColor = [(0.93, 0.1, 0.15)]
                double radius = 0.001
            }
        }

        def Xform "Segment_36"
        {
            matrix4d xformOp:transform = ( (0.9999999999999999, 1.1201107960221417e-8, -8.140089962267621e-10, 0), (5.3839031636332486e-9, -0.5417423260155445, -0.840544640491558, 0), (-9.856014250552482e-9, 0.840544640491558, -0.5417423260155445, 0), (0.0012499996228143573, 0.17648841440677643, 0.12489432841539383, 1) )
            uniform token[] xformOpOrder = ["xformOp:transform"]

            def Capsule "Visual" (
                prepend apiSchemas = ["MaterialBindingAPI"]
            )
            {
                uniform token axis = "Z"
                double height = 0.00499672131147541
                rel material:binding = </Looks/Wire_3>
                color3f[] primvars:displayColor = [(0.93, 0.1, 0.15)]
                double radius = 0.001
            }
        }

        def Xform "Segment_37"
        {
            matrix4d xformOp:transform = ( (0.9999999999999999, 1.205818645084893e-8, -1.0202093516494163e-9, 0), (6.093723392926675e-9, -0.5746049584864252, -0.8184308516999472, 0), (-1.0455009460307908e-8, 0.8184308516999472, -0.5746049584864252, 0), (0.001249999739229679, 0.18063287436962128, 0.12210548669099808, 1) )
            uniform token[] xformOpOrder = ["xformOp:transform"]

            def Capsule "Visual" (
                prepend apiSchemas = ["MaterialBindingAPI"]
            )
            {
                uniform token axis = "Z"
                double height = 0.00499672131147541
                rel material:binding = </Looks/Wire_3>
                color3f[] primvars:displayColor = [(0.93, 0.1, 0.15)]
                double radius = 0.001
            }
        }

        def Xform "Segment_38"
        {
            matrix4d xformOp:transform = ( (1, 4.4731551872987406e-9, 4.092011157005823e-9, 0), (5.966657710217303e-9, -0.606646968941277, -0.7949713357047017, 0), (-1.0736239601565225e-9, 0.7949713357047017, -0.606646968941277, 0), (0.001249999739229679, 0.18466348946094513, 0.11915451288223267, 1) )
            uniform token[] xformOpOrder = ["xformOp:transform"]

            def Capsule "Visual" (
                prepend apiSchemas = ["MaterialBindingAPI"]
            )
            {
                uniform token axis = "Z"
                double height = 0.00499672131147541
                rel material:binding = </Looks/Wire_3>
                color3f[] primvars:displayColor = [(0.93, 0.1, 0.15)]
                double radius = 0.001
            }
        }

        def Xform "Segment_39"
        {
            matrix4d xformOp:transform = ( (1, -8.785061832033918e-10, 7.573378931804831e-9, 0), (5.272467862895051e-9, -0.6378356450116556, -0.770172903450824, 0), (5.5071702528041354e-9, 0.770172903450824, -0.6378356450116556, 0), (0.001249999739229679, 0.18857355415821075, 0.11604555696249008, 1) )
            uniform token[] xformOpOrder = ["xformOp:transform"]

            def Capsule "Visual" (
                prepend apiSchemas = ["MaterialBindingAPI"]
            )
            {
                uniform token axis = "Z"
                double height = 0.00499672131147541
                rel material:binding = </Looks/Wire_3>
                color3f[] primvars:displayColor = [(0.93, 0.1, 0.15)]
                double radius = 0.001
            }
        }

        def Xform "Segment_40"
        {
            matrix4d xformOp:transform = ( (0.9999999999999999, -8.708948680647723e-9, 1.3380511258081654e-8, 0), (4.137084381896894e-9, -0.6681254799803187, -0.7440488764694351, 0), (1.54197406420105e-8, 0.7440488764694351, -0.6681254799803185, 0), (0.001249999739229679, 0.1923563927412033, 0.1127830445766449, 1) )
            uniform token[] xformOpOrder = ["xformOp:transform"]

            def Capsule "Visual" (
                prepend apiSchemas = ["MaterialBindingAPI"]
            )
            {
                uniform token axis = "Z"
                double height = 0.00499672131147541
                rel material:binding = </Looks/Wire_3>
                color3f[] primvars:displayColor = [(0.93, 0.1, 0.15)]
                double radius = 0.001
            }
        }

        def Xform "Segment_41"
        {
            matrix4d xformOp:transform = ( (1, -3.5724926519633533e-9, 8.001644600640541e-9, 0), (3.2423340023897975e-9, -0.697474457047754, -0.7166097283180051, 0), (8.141025136936934e-9, 0.7166097283180051, -0.697474457047754, 0), (0.001249999855645001, 0.19600540399551392, 0.10937153548002243, 1) )
            uniform token[] xformOpOrder = ["xformOp:transform"]

            def Capsule "Visual" (
                prepend apiSchemas = ["MaterialBindingAPI"]
            )
            {
                uniform token axis = "Z"
                double height = 0.00499672131147541
                rel material:binding = </Looks/Wire_3>
                color3f[] primvars:displayColor = [(0.93, 0.1, 0.15)]
                double radius = 0.001
            }
        }

        def Xform "Segment_42"
        {
            matrix4d xformOp:transform = ( (0.9999999999999999, -7.934732159219726e-9, 1.1229455923681114e-8, 0), (1.9652434269486373e-9, -0.7258273693233832, -0.6878773311605784, 0), (1.3608764567486932e-8, 0.6878773311605784, -0.7258273693233832, 0), (0.001249999855645001, 0.19951407611370087, 0.10581590980291367, 1) )
            uniform token[] xformOpOrder = ["xformOp:transform"]

            def Capsule "Visual" (
                prepend apiSchemas = ["MaterialBindingAPI"]
            )
            {
                uniform token axis = "Z"
                double height = 0.00499672131147541
                rel material:binding = </Looks/Wire_3>
                color3f[] primvars:displayColor = [(0.93, 0.1, 0.15)]
                double radius = 0.001
            }
        }

        def Xform "Segment_43"
        {
            matrix4d xformOp:transform = ( (0.9999999999999997, -1.6268114033047428e-8, 1.84993828062347e-8, 0), (-8.177217447063593e-11, -0.7531298036102501, -0.6578721243324567, 0), (2.4634772410463407e-8, 0.6578721243324565, -0.7531298036102498, 0), (0.001249999855645001, 0.2028760015964508, 0.10212122648954391, 1) )
            uniform token[] xformOpOrder = ["xformOp:transform"]

            def Capsule "Visual" (
                prepend apiSchemas = ["MaterialBindingAPI"]
            )
            {
                uniform token axis = "Z"
                double height = 0.00499672131147541
                rel material:binding = </Looks/Wire_3>
                color3f[] primvars:displayColor = [(0.93, 0.1, 0.15)]
                double radius = 0.001
            }
        }

        def Xform "Segment_44"
        {
            matrix4d xformOp:transform = ( (0.9999999999999998, -1.4021885557216255e-8, 1.5798100822776477e-8, 0), (-1.0278253684899326e-9, -0.7793140671637959, -0.626633891385609, 0), (2.109826626048143e-8, 0.6266338913856088, -0.7793140671637957, 0), (0.0012499999720603228, 0.2060849517583847, 0.09829294681549072, 1) )
            uniform token[] xformOpOrder = ["xformOp:transform"]

            def Capsule "Visual" (
                prepend apiSchemas = ["MaterialBindingAPI"]
            )
            {
                uniform token axis = "Z"
                double height = 0.00499672131147541
                rel material:binding = </Looks/Wire_3>
                color3f[] primvars:displayColor = [(0.93, 0.1, 0.15)]
                double radius = 0.001
            }
        }

        def Xform "Segment_45"
        {
            matrix4d xformOp:transform = ( (0.9999999999999999, -1.0714551382938367e-8, 1.1822369882452345e-8, 0), (-1.5932277267399314e-9, -0.8043241489894584, -0.5941908711533763, 0), (1.5875505232460788e-8, 0.5941908711533763, -0.8043241489894584, 0), (0.001249999855645001, 0.2091347873210907, 0.09433676302433014, 1) )
            uniform token[] xformOpOrder = ["xformOp:transform"]

            def Capsule "Visual" (
                prepend apiSchemas = ["MaterialBindingAPI"]
            )
            {
                uniform token axis = "Z"
                double height = 0.00499672131147541
                rel material:binding = </Looks/Wire_3>
                color3f[] primvars:displayColor = [(0.93, 0.1, 0.15)]
                double radius = 0.001
            }
        }

        def Xform "Segment_46"
        {
            matrix4d xformOp:transform = ( (0.9999999999999999, -8.447936259752e-9, 9.38160738062863e-9, 0), (-1.7363358151012948e-9, -0.8280888809904638, -0.5605973825355903, 0), (1.2504692000616997e-8, 0.5605973825355903, -0.8280888809904638, 0), (0.0012499999720603228, 0.2120196372270584, 0.09025876969099045, 1) )
            uniform token[] xformOpOrder = ["xformOp:transform"]

            def Capsule "Visual" (
                prepend apiSchemas = ["MaterialBindingAPI"]
            )
            {
                uniform token axis = "Z"
                double height = 0.00499672131147541
                rel material:binding = </Looks/Wire_3>
                color3f[] primvars:displayColor = [(0.93, 0.1, 0.15)]
                double radius = 0.001
            }
        }

        def Xform "Segment_47"
        {
            matrix4d xformOp:transform = ( (1, -2.6401610342491395e-9, 1.9116020933840686e-9, 0), (-1.2402307667416854e-9, -0.8505401269466759, -0.5259105473337478, 0), (3.014382274268672e-9, 0.5259105473337478, -0.8505401269466759, 0), (0.0012499999720603228, 0.21473389863967896, 0.08606529980897903, 1) )
            uniform token[] xformOpOrder = ["xformOp:transform"]

            def Capsule "Visual" (
                prepend apiSchemas = ["MaterialBindingAPI"]
            )
            {
                uniform token axis = "Z"
                double height = 0.00499672131147541
                rel material:binding = </Looks/Wire_3>
                color3f[] primvars:displayColor = [(0.93, 0.1, 0.15)]
                double radius = 0.001
            }
        }

        def Xform "Segment_48"
        {
            matrix4d xformOp:transform = ( (1, -1.2805671741675045e-9, 5.11918440758837e-10, 0), (-8.652098751852505e-10, -0.8716091012370555, -0.4902024104294398, 0), (1.0739295365275275e-9, 0.4902024104294398, -0.8716091012370555, 0), (0.0012499999720603228, 0.2172722965478897, 0.0817631408572197, 1) )
            uniform token[] xformOpOrder = ["xformOp:transform"]

            def Capsule "Visual" (
                prepend apiSchemas = ["MaterialBindingAPI"]
            )
            {
                uniform token axis = "Z"
                double height = 0.00499672131147541
                rel material:binding = </Looks/Wire_3>
                color3f[] primvars:displayColor = [(0.93, 0.1, 0.15)]
                double radius = 0.001
            }
        }

        def Xform "Segment_49"
        {
            matrix4d xformOp:transform = ( (1, 1.353775927775685e-10, -1.0203569011935615e-9, 0), (-3.4214970808591136e-10, -0.8912218581513756, -0.45356795571651, 0), (-9.707671583321629e-10, 0.45356795571651, -0.8912218581513756, 0), (0.0012499999720603228, 0.21962997317314148, 0.07735934108495712, 1) )
            uniform token[] xformOpOrder = ["xformOp:transform"]

            def Capsule "Visual" (
                prepend apiSchemas = ["MaterialBindingAPI"]
            )
            {
                uniform token axis = "Z"
                double height = 0.00499672131147541
                rel material:binding = </Looks/Wire_3>
                color3f[] primvars:displayColor = [(0.93, 0.1, 0.15)]
                double radius = 0.001
            }
        }

        def Xform "Segment_50"
        {
            matrix4d xformOp:transform = ( (1, 1.032116389103834e-9, -1.9048923404351997e-9, 0), (1.4587423312730609e-10, -0.9093144625406993, -0.41610966451901454, 0), (-2.161619711562362e-9, 0.41610966451901454, -0.9093144625406993, 0), (0.0012499999720603228, 0.22180253267288208, 0.07286136597394943, 1) )
            uniform token[] xformOpOrder = ["xformOp:transform"]

            def Capsule "Visual" (
                prepend apiSchemas = ["MaterialBindingAPI"]
            )
            {
                uniform token axis = "Z"
                double height = 0.00499672131147541
                rel material:binding = </Looks/Wire_3>
                color3f[] primvars:displayColor = [(0.93, 0.1, 0.15)]
                double radius = 0.001
            }
        }

        def Xform "Segment_51"
        {
            matrix4d xformOp:transform = ( (1, 1.7870284287656464e-9, -2.5191531174267947e-9, 0), (7.023039980062693e-10, -0.9258186503689174, -0.37796833113972994, 0), (-3.0077187582355773e-9, 0.37796833113972994, -0.9258186503689174, 0), (0.0012499999720603228, 0.22378621995449066, 0.06827695667743683, 1) )
            uniform token[] xformOpOrder = ["xformOp:transform"]

            def Capsule "Visual" (
                prepend apiSchemas = ["MaterialBindingAPI"]
            )
            {
                uniform token axis = "Z"
                double height = 0.00499672131147541
                rel material:binding = </Looks/Wire_3>
                color3f[] primvars:displayColor = [(0.93, 0.1, 0.15)]
                double radius = 0.001
            }
        }

        def Xform "Segment_52"
        {
            matrix4d xformOp:transform = ( (1, 1.8367405650437363e-9, -2.3684074774919334e-9, 0), (9.243036751760994e-10, -0.9406931257581235, -0.33925964363051264, 0), (-2.851075691519403e-9, 0.33925964363051264, -0.9406931257581235, 0), (0.0012499999720603228, 0.22557790577411652, 0.06361417472362518, 1) )
            uniform token[] xformOpOrder = ["xformOp:transform"]

            def Capsule "Visual" (
                prepend apiSchemas = ["MaterialBindingAPI"]
            )
            {
                uniform token axis = "Z"
                double height = 0.00499672131147541
                rel material:binding = </Looks/Wire_3>
                color3f[] primvars:displayColor = [(0.93, 0.1, 0.15)]
                double radius = 0.001
            }
        }

        def Xform "Segment_53"
        {
            matrix4d xformOp:transform = ( (1, 1.8502424693789843e-9, -2.1344645503511492e-9, 0), (1.1242069670187544e-9, -0.953884839401276, -0.30017398686411845, 0), (-2.5914271758060014e-9, 0.30017398686411845, -0.953884839401276, 0), (0.0012499999720603228, 0.22717523574829102, 0.05888127535581589, 1) )
            uniform token[] xformOpOrder = ["xformOp:transform"]

            def Capsule "Visual" (
                prepend apiSchemas = ["MaterialBindingAPI"]
            )
            {
                uniform token axis = "Z"
                double height = 0.00499672131147541
                rel material:binding = </Looks/Wire_3>
                color3f[] primvars:displayColor = [(0.93, 0.1, 0.15)]
                double radius = 0.001
            }
        }

        def Xform "Segment_54"
        {
            matrix4d xformOp:transform = ( (1, 1.6167085264999438e-9, -1.7396889352563231e-9, 0), (1.1068908197578537e-9, -0.9653735442453808, -0.2608722352629016, 0), (-2.101203646543258e-9, 0.2608722352629016, -0.9653735442453808, 0), (0.0012499999720603228, 0.22857673466205597, 0.05408673733472824, 1) )
            uniform token[] xformOpOrder = ["xformOp:transform"]

            def Capsule "Visual" (
                prepend apiSchemas = ["MaterialBindingAPI"]
            )
            {
                uniform token axis = "Z"
                double height = 0.00499672131147541
                rel material:binding = </Looks/Wire_3>
                color3f[] primvars:displayColor = [(0.93, 0.1, 0.15)]
                double radius = 0.001
            }
        }

        def Xform "Segment_55"
        {
            matrix4d xformOp:transform = ( (1, 1.3807852513734899e-9, -1.343177107138793e-9, 0), (1.048858229406889e-9, -0.9751448446186259, -0.22156949719487784, 0), (-1.615731743253729e-9, 0.22156949719487784, -0.9751448446186259, 0), (0.0012499999720603228, 0.2297818511724472, 0.049239084124565125, 1) )
            uniform token[] xformOpOrder = ["xformOp:transform"]

            def Capsule "Visual" (
                prepend apiSchemas = ["MaterialBindingAPI"]
            )
            {
                uniform token axis = "Z"
                double height = 0.00499672131147541
                rel material:binding = </Looks/Wire_3>
                color3f[] primvars:displayColor = [(0.93, 0.1, 0.15)]
                double radius = 0.001
            }
        }

        def Xform "Segment_56"
        {
            matrix4d xformOp:transform = ( (1, 1.09552335285182e-9, -9.959458935695347e-10, 0), (8.954182649846581e-10, -0.9832139854418358, -0.1824554458021712, 0), (-1.1791122806135032e-9, 0.1824554458021712, -0.9832139854418358, 0), (0.0012499999720603228, 0.23079106211662292, 0.044346876442432404, 1) )
            uniform token[] xformOpOrder = ["xformOp:transform"]

            def Capsule "Visual" (
                prepend apiSchemas = ["MaterialBindingAPI"]
            )
            {
                uniform token axis = "Z"
                double height = 0.00499672131147541
                rel material:binding = </Looks/Wire_3>
                color3f[] primvars:displayColor = [(0.93, 0.1, 0.15)]
                double radius = 0.001
            }
        }

        def Xform "Segment_57"
        {
            matrix4d xformOp:transform = ( (1, 8.134137419556701e-10, -6.692478490495683e-10, 0), (7.087367663263884e-10, -0.989609658531613, -0.1437811381212386, 0), (-7.79247582682817e-10, 0.1437811381212386, -0.989609658531613, 0), (0.0012499999720603228, 0.23160593211650848, 0.039418529719114304, 1) )
            uniform token[] xformOpOrder = ["xformOp:transform"]

            def Capsule "Visual" (
                prepend apiSchemas = ["MaterialBindingAPI"]
            )
            {
                uniform token axis = "Z"
                double height = 0.00499672131147541
                rel material:binding = </Looks/Wire_3>
                color3f[] primvars:displayColor = [(0.93, 0.1, 0.15)]
                double radius = 0.001
            }
        }

        def Xform "Segment_58"
        {
            matrix4d xformOp:transform = ( (1, 5.386644125413762e-10, -4.2313030146852027e-10, 0), (4.908848121980195e-10, -0.9943901354857019, -0.10577737483600913, 0), (-4.777349709961601e-10, 0.10577737483600913, -0.9943901354857019, 0), (0.0012499999720603228, 0.23222921788692474, 0.03446227312088013, 1) )
            uniform token[] xformOpOrder = ["xformOp:transform"]

            def Capsule "Visual" (
                prepend apiSchemas = ["MaterialBindingAPI"]
            )
            {
                uniform token axis = "Z"
                double height = 0.00499672131147541
                rel material:binding = </Looks/Wire_3>
                color3f[] primvars:displayColor = [(0.93, 0.1, 0.15)]
                double radius = 0.001
            }
        }

        def Xform "Segment_59"
        {
            matrix4d xformOp:transform = ( (1, 2.655302315127011e-10, -1.9374841313270062e-10, 0), (2.515936203319294e-10, -0.997637969691624, -0.06869408275428501, 0), (-2.1153108907888992e-10, 0.06869408275428501, -0.997637969691624, 0), (0.0012499999720603228, 0.23266491293907166, 0.02948595955967903, 1) )
            uniform token[] xformOpOrder = ["xformOp:transform"]

            def Capsule "Visual" (
                prepend apiSchemas = ["MaterialBindingAPI"]
            )
            {
                uniform token axis = "Z"
                double height = 0.00499672131147541
                rel material:binding = </Looks/Wire_3>
                color3f[] primvars:displayColor = [(0.93, 0.1, 0.15)]
                double radius = 0.001
            }
        }

        def Xform "Segment_60"
        {
            matrix4d xformOp:transform = ( (1, 8.129622047213137e-14, -1.2206336611952538e-13, 0), (7.725401059995118e-14, -0.9994633557816499, -0.03275822111066695, 0), (-1.2466097487868976e-13, 0.03275822111066695, -0.9994633557816499, 0), (0.0012499999720603228, 0.2329181730747223, 0.02449697069823742, 1) )
            uniform token[] xformOpOrder = ["xformOp:transform"]

            def Capsule "Visual" (
                prepend apiSchemas = ["MaterialBindingAPI"]
            )
            {
                uniform token axis = "Z"
                double height = 0.00499672131147541
                rel material:binding = </Looks/Wire_3>
                color3f[] primvars:displayColor = [(0.93, 0.1, 0.15)]
                double radius = 0.001
            }
        }
    }

    def "Cable_4"
    {
        def Xform "Segment_00"
        {
            matrix4d xformOp:transform = ( (1, 1.7121441330392301e-10, 9.201873781291596e-10, 0), (4.833466480723463e-10, 0.7474302782165907, -0.6643403036578874, 0), (-8.015205574334641e-10, 0.6643403036578874, 0.7474302782165907, 0), (0.0037499989848583937, 0.012875947169959545, 0.10236503183841705, 1) )
            uniform token[] xformOpOrder = ["xformOp:transform"]

            def Capsule "Visual" (
                prepend apiSchemas = ["MaterialBindingAPI"]
            )
            {
                uniform token axis = "Z"
                double height = 0.00499672131147541
                rel material:binding = </Looks/Wire_4>
                color3f[] primvars:displayColor = [(0.035, 0.19, 0.8)]
                double radius = 0.001
            }
        }

        def Xform "Segment_01"
        {
            matrix4d xformOp:transform = ( (0.9999999999999498, 2.182678648544919e-7, 2.2982080674311576e-7, 0), (1.923911621061874e-9, 0.7209034310616221, -0.6930355906816773, 0), (-3.169459931980047e-7, 0.6930355906816429, 0.7209034310615855, 0), (0.0037499982863664627, 0.016266848891973495, 0.10603312402963638, 1) )
            uniform token[] xformOpOrder = ["xformOp:transform"]

            def Capsule "Visual" (
                prepend apiSchemas = ["MaterialBindingAPI"]
            )
            {
                uniform token axis = "Z"
                double height = 0.00499672131147541
                rel material:binding = </Looks/Wire_4>
                color3f[] primvars:displayColor = [(0.035, 0.19, 0.8)]
                double radius = 0.001
            }
        }

        def Xform "Segment_02"
        {
            matrix4d xformOp:transform = ( (0.9999999999999579, 2.0576198521291048e-7, 2.0441987361773318e-7, 0), (4.673962389809989e-9, 0.693265761296906, -0.7206821208694127, 0), (-2.9000626435342157e-7, 0.7206821208693834, 0.6932657612968759, 0), (0.0037499971222132444, 0.019798513501882553, 0.10956593602895737, 1) )
            uniform token[] xformOpOrder = ["xformOp:transform"]

            def Capsule "Visual" (
                prepend apiSchemas = ["MaterialBindingAPI"]
            )
            {
                uniform token axis = "Z"
                double height = 0.00499672131147541
                rel material:binding = </Looks/Wire_4>
                color3f[] primvars:displayColor = [(0.035, 0.19, 0.8)]
                double radius = 0.001
            }
        }

        def Xform "Segment_03"
        {
            matrix4d xformOp:transform = ( (0.9999999999999994, 2.7672708806036988e-8, 1.9543470540469452e-8, 0), (-3.7865945794262175e-9, 0.6645595951564738, -0.7472352923744661, 0), (-3.366582473252325e-8, 0.7472352923744656, 0.6645595951564736, 0), (0.0037499964237213135, 0.023465586826205254, 0.11295796930789948, 1) )
            uniform token[] xformOpOrder = ["xformOp:transform"]

            def Capsule "Visual" (
                prepend apiSchemas = ["MaterialBindingAPI"]
            )
            {
                uniform token axis = "Z"
                double height = 0.00499672131147541
                rel material:binding = </Looks/Wire_4>
                color3f[] primvars:displayColor = [(0.035, 0.19, 0.8)]
                double radius = 0.001
            }
        }

        def Xform "Segment_04"
        {
            matrix4d xformOp:transform = ( (0.999999999999998, -4.3029220028713105e-8, -4.740568565241817e-8, 0), (-9.312220036493913e-9, 0.6348254872398156, -0.7726555601589317, 0), (6.334110329357401e-8, 0.7726555601589306, 0.6348254872398139, 0), (0.003749996656551957, 0.027262510731816292, 0.11620403826236725, 1) )
            uniform token[] xformOpOrder = ["xformOp:transform"]

            def Capsule "Visual" (
                prepend apiSchemas = ["MaterialBindingAPI"]
            )
            {
                uniform token axis = "Z"
                double height = 0.00499672131147541
                rel material:binding = </Looks/Wire_4>
                color3f[] primvars:displayColor = [(0.035, 0.19, 0.8)]
                double radius = 0.001
            }
        }

        def Xform "Segment_05"
        {
            matrix4d xformOp:transform = ( (0.9999999999999989, -2.5354558874114724e-8, -3.9904523944966303e-8, 0), (-1.6483147902482086e-8, 0.6041074969799052, -0.7969028678038513, 0), (4.4311742486616786e-8, 0.7969028678038511, 0.6041074969799041, 0), (0.0037499971222132444, 0.031183522194623947, 0.11929907649755478, 1) )
            uniform token[] xformOpOrder = ["xformOp:transform"]

            def Capsule "Visual" (
                prepend apiSchemas = ["MaterialBindingAPI"]
            )
            {
                uniform token axis = "Z"
                double height = 0.00499672131147541
                rel material:binding = </Looks/Wire_4>
                color3f[] primvars:displayColor = [(0.035, 0.19, 0.8)]
                double radius = 0.001
            }
        }

        def Xform "Segment_06"
        {
            matrix4d xformOp:transform = ( (0.999999999999995, -6.718799795737121e-8, -7.361218431204161e-8, 0), (-2.1896202738032663e-8, 0.5724464155771042, -0.8199421336456124, 0), (9.722930141868075e-8, 0.81994213364561, 0.5724464155770999, 0), (0.003749997355043888, 0.035222675651311874, 0.12223830819129944, 1) )
            uniform token[] xformOpOrder = ["xformOp:transform"]

            def Capsule "Visual" (
                prepend apiSchemas = ["MaterialBindingAPI"]
            )
            {
                uniform token axis = "Z"
                double height = 0.00499672131147541
                rel material:binding = </Looks/Wire_4>
                color3f[] primvars:displayColor = [(0.035, 0.19, 0.8)]
                double radius = 0.001
            }
        }

        def Xform "Segment_07"
        {
            matrix4d xformOp:transform = ( (0.9999999999999951, -6.446638025944343e-8, -7.526924578400467e-8, 0), (-2.855166480970614e-8, 0.5398933859646726, -0.8417334270631837, 0), (9.490087450198892e-8, 0.8417334270631817, 0.5398933859646682, 0), (0.0037499978207051754, 0.03937382623553276, 0.12501710653305054, 1) )
            uniform token[] xformOpOrder = ["xformOp:transform"]

            def Capsule "Visual" (
                prepend apiSchemas = ["MaterialBindingAPI"]
            )
            {
                uniform token axis = "Z"
                double height = 0.00499672131147541
                rel material:binding = </Looks/Wire_4>
                color3f[] primvars:displayColor = [(0.035, 0.19, 0.8)]
                double radius = 0.001
            }
        }

        def Xform "Segment_08"
        {
            matrix4d xformOp:transform = ( (0.9999999999999942, -7.093992476427064e-8, -8.051819374343356e-8, 0), (-3.3497253728246175e-8, 0.5064803611140982, -0.8622515030997608, 0), (1.019489403668865e-7, 0.8622515030997586, 0.5064803611140929, 0), (0.0037499982863664627, 0.0436306856572628, 0.12763115763664246, 1) )
            uniform token[] xformOpOrder = ["xformOp:transform"]

            def Capsule "Visual" (
                prepend apiSchemas = ["MaterialBindingAPI"]
            )
            {
                uniform token axis = "Z"
                double height = 0.00499672131147541
                rel material:binding = </Looks/Wire_4>
                color3f[] primvars:displayColor = [(0.035, 0.19, 0.8)]
                double radius = 0.001
            }
        }

        def Xform "Segment_09"
        {
            matrix4d xformOp:transform = ( (0.9999999999999969, -4.356917015503585e-8, -6.552114302357746e-8, 0), (-3.717883390678061e-8, 0.4722525268288109, -0.8814632779624959, 0), (6.934714904339313e-8, 0.8814632779624957, 0.4722525268288078, 0), (0.00374999875202775, 0.04798680543899536, 0.13007619976997375, 1) )
            uniform token[] xformOpOrder = ["xformOp:transform"]

            def Capsule "Visual" (
                prepend apiSchemas = ["MaterialBindingAPI"]
            )
            {
                uniform token axis = "Z"
                double height = 0.00499672131147541
                rel material:binding = </Looks/Wire_4>
                color3f[] primvars:displayColor = [(0.035, 0.19, 0.8)]
                double radius = 0.001
            }
        }

        def Xform "Segment_10"
        {
            matrix4d xformOp:transform = ( (0.999999999999998, -2.656455752116514e-8, -5.746413133461956e-8, 0), (-4.0063921868024474e-8, 0.43725940878476166, -0.8993355179400451, 0), (4.90171834246984e-8, 0.8993355179400455, 0.43725940878475966, 0), (0.0037499992176890373, 0.05243557691574097, 0.13234834372997284, 1) )
            uniform token[] xformOpOrder = ["xformOp:transform"]

            def Capsule "Visual" (
                prepend apiSchemas = ["MaterialBindingAPI"]
            )
            {
                uniform token axis = "Z"
                double height = 0.00499672131147541
                rel material:binding = </Looks/Wire_4>
                color3f[] primvars:displayColor = [(0.035, 0.19, 0.8)]
                double radius = 0.001
            }
        }

        def Xform "Segment_11"
        {
            matrix4d xformOp:transform = ( (0.9999999999999969, -4.313839926420378e-8, -6.65645502161451e-8, 0), (-4.3639390068157085e-8, 0.4015593274048044, -0.9158329501917706, 0), (6.623718344732656e-8, 0.9158329501917706, 0.40155932740480127, 0), (0.003749999450519681, 0.05697021633386612, 0.13444384932518005, 1) )
            uniform token[] xformOpOrder = ["xformOp:transform"]

            def Capsule "Visual" (
                prepend apiSchemas = ["MaterialBindingAPI"]
            )
            {
                uniform token axis = "Z"
                double height = 0.00499672131147541
                rel material:binding = </Looks/Wire_4>
                color3f[] primvars:displayColor = [(0.035, 0.19, 0.8)]
                double radius = 0.001
            }
        }

        def Xform "Segment_12"
        {
            matrix4d xformOp:transform = ( (0.9999999999999983, -1.787962547862694e-8, -5.5197263743216714e-8, 0), (-4.485476934360307e-8, 0.36520822793709573, -0.9309259745104295, 0), (3.680310583532806e-8, 0.9309259745104304, 0.3652082279370943, 0), (0.0037499999161809683, 0.061583783477544785, 0.13635939359664917, 1) )
            uniform token[] xformOpOrder = ["xformOp:transform"]

            def Capsule "Visual" (
                prepend apiSchemas = ["MaterialBindingAPI"]
            )
            {
                uniform token axis = "Z"
                double height = 0.00499672131147541
                rel material:binding = </Looks/Wire_4>
                color3f[] primvars:displayColor = [(0.035, 0.19, 0.8)]
                double radius = 0.001
            }
        }

        def Xform "Segment_13"
        {
            matrix4d xformOp:transform = ( (0.999999999999999, 2.0234573312256878e-8, -3.8640840483296946e-8, 0), (-4.314185603654456e-8, 0.3282605259226933, -0.944587232791093, 0), (-6.429056548729545e-9, 0.9445872327910937, 0.32826052592269384, 0), (0.003750000149011612, 0.06626918911933899, 0.1380918025970459, 1) )
            uniform token[] xformOpOrder = ["xformOp:transform"]

            def Capsule "Visual" (
                prepend apiSchemas = ["MaterialBindingAPI"]
            )
            {
                uniform token axis = "Z"
                double height = 0.00499672131147541
                rel material:binding = </Looks/Wire_4>
                color3f[] primvars:displayColor = [(0.035, 0.19, 0.8)]
                double radius = 0.001
            }
        }

        def Xform "Segment_14"
        {
            matrix4d xformOp:transform = ( (0.999999999999999, 2.4641326165513977e-8, -3.615427656989395e-8, 0), (-4.175726178265806e-8, 0.2907805308003608, -0.9567898992420109, 0), (-1.3063604322781317e-8, 0.9567898992420115, 0.2907805308003616, 0), (0.003750000149011612, 0.07101921737194061, 0.13963830471038818, 1) )
            uniform token[] xformOpOrder = ["xformOp:transform"]

            def Capsule "Visual" (
                prepend apiSchemas = ["MaterialBindingAPI"]
            )
            {
                uniform token axis = "Z"
                double height = 0.00499672131147541
                rel material:binding = </Looks/Wire_4>
                color3f[] primvars:displayColor = [(0.035, 0.19, 0.8)]
                double radius = 0.001
            }
        }

        def Xform "Segment_15"
        {
            matrix4d xformOp:transform = ( (0.999999999999999, 2.6931364618138825e-8, -3.429819082195848e-8, 0), (-3.9992856373161966e-8, 0.25282619264634487, -0.9675117489938143, 0), (-1.7384928328016047e-8, 0.9675117489938148, 0.25282619264634565, 0), (0.0037499999161809683, 0.07582651823759079, 0.14099633693695068, 1) )
            uniform token[] xformOpOrder = ["xformOp:transform"]

            def Capsule "Visual" (
                prepend apiSchemas = ["MaterialBindingAPI"]
            )
            {
                uniform token axis = "Z"
                double height = 0.00499672131147541
                rel material:binding = </Looks/Wire_4>
                color3f[] primvars:displayColor = [(0.035, 0.19, 0.8)]
                double radius = 0.001
            }
        }

        def Xform "Segment_16"
        {
            matrix4d xformOp:transform = ( (0.9999999999999989, 3.579944378726798e-8, -3.138553492231622e-8, 0), (-3.8332641791597815e-8, 0.2144534685755548, -0.9767342543452884, 0), (-2.8235802646900964e-8, 0.9767342543452884, 0.21445346857555592, 0), (0.0037499999161809683, 0.08068365603685379, 0.1421637088060379, 1) )
            uniform token[] xformOpOrder = ["xformOp:transform"]

            def Capsule "Visual" (
                prepend apiSchemas = ["MaterialBindingAPI"]
            )
            {
                uniform token axis = "Z"
                double height = 0.00499672131147541
                rel material:binding = </Looks/Wire_4>
                color3f[] primvars:displayColor = [(0.035, 0.19, 0.8)]
                double radius = 0.001
            }
        }

        def Xform "Segment_17"
        {
            matrix4d xformOp:transform = ( (0.9999999999999987, 4.1796102414524225e-8, -2.9310784827329718e-8, 0), (-3.6199466820245625e-8, 0.17572919501082263, -0.9844386845750536, 0), (-3.599492861736714e-8, 0.9844386845750533, 0.17572919501082396, 0), (0.0037499999161809683, 0.08558307588100433, 0.14313846826553345, 1) )
            uniform token[] xformOpOrder = ["xformOp:transform"]

            def Capsule "Visual" (
                prepend apiSchemas = ["MaterialBindingAPI"]
            )
            {
                uniform token axis = "Z"
                double height = 0.00499672131147541
                rel material:binding = </Looks/Wire_4>
                color3f[] primvars:displayColor = [(0.035, 0.19, 0.8)]
                double radius = 0.001
            }
        }

        def Xform "Segment_18"
        {
            matrix4d xformOp:transform = ( (0.9999999999999984, 4.942585398114884e-8, -2.7489561505152013e-8, 0), (-3.398909355246543e-8, 0.13672360253933946, -0.990609218294232, 0), (-4.5203236089832496e-8, 0.9906092182942313, 0.1367236025393409, 0), (0.0037499999161809683, 0.09051716327667236, 0.14391905069351196, 1) )
            uniform token[] xformOpOrder = ["xformOp:transform"]

            def Capsule "Visual" (
                prepend apiSchemas = ["MaterialBindingAPI"]
            )
            {
                uniform token axis = "Z"
                double height = 0.00499672131147541
                rel material:binding = </Looks/Wire_4>
                color3f[] primvars:displayColor = [(0.035, 0.19, 0.8)]
                double radius = 0.001
            }
        }

        def Xform "Segment_19"
        {
            matrix4d xformOp:transform = ( (0.9999999999999988, 3.943039730371556e-8, -2.842999082328867e-8, 0), (-3.2138857836450017e-8, 0.09749600291252014, -0.9952360188472086, 0), (-3.647073383837502e-8, 0.9952360188472084, 0.09749600291252136, 0), (0.0037499999161809683, 0.09547822922468185, 0.14450415968894958, 1) )
            uniform token[] xformOpOrder = ["xformOp:transform"]

            def Capsule "Visual" (
                prepend apiSchemas = ["MaterialBindingAPI"]
            )
            {
                uniform token axis = "Z"
                double height = 0.00499672131147541
                rel material:binding = </Looks/Wire_4>
                color3f[] primvars:displayColor = [(0.035, 0.19, 0.8)]
                double radius = 0.001
            }
        }

        def Xform "Segment_20"
        {
            matrix4d xformOp:transform = ( (0.9999999999999989, 3.774716750953783e-8, -2.8044748868177268e-8, 0), (-3.019128163782033e-8, 0.05812195353507721, -0.9983095894294253, 0), (-3.6053336976458245e-8, 0.998309589429425, 0.05812195353507832, 0), (0.0037499999161809683, 0.1004585325717926, 0.14489293098449707, 1) )
            uniform token[] xformOpOrder = ["xformOp:transform"]

            def Capsule "Visual" (
                prepend apiSchemas = ["MaterialBindingAPI"]
            )
            {
                uniform token axis = "Z"
                double height = 0.00499672131147541
                rel material:binding = </Looks/Wire_4>
                color3f[] primvars:displayColor = [(0.035, 0.19, 0.8)]
                double radius = 0.001
            }
        }

        def Xform "Segment_21"
        {
            matrix4d xformOp:transform = ( (0.999999999999999, 3.617328112801585e-8, -2.7665312394945758e-8, 0), (-2.8335532461920226e-8, 0.018661094474388018, -0.9998259929769234, 0), (-3.565071356334782e-8, 0.9998259929769232, 0.018661094474389017, 0), (0.0037499999161809683, 0.10545030236244202, 0.14508475363254547, 1) )
            uniform token[] xformOpOrder = ["xformOp:transform"]

            def Capsule "Visual" (
                prepend apiSchemas = ["MaterialBindingAPI"]
            )
            {
                uniform token axis = "Z"
                double height = 0.00499672131147541
                rel material:binding = </Looks/Wire_4>
                color3f[] primvars:displayColor = [(0.035, 0.19, 0.8)]
                double radius = 0.001
            }
        }

        def Xform "Segment_22"
        {
            matrix4d xformOp:transform = ( (0.999999999999999, 3.415423548065915e-8, -2.7040893762312625e-8, 0), (-2.632406687887283e-8, -0.020816459424119138, -0.999783393428949, 0), (-3.4709728314834514e-8, 0.9997833934289487, -0.02081645942411825, 0), (0.0037499999161809683, 0.1104457750916481, 0.1450793743133545, 1) )
            uniform token[] xformOpOrder = ["xformOp:transform"]

            def Capsule "Visual" (
                prepend apiSchemas = ["MaterialBindingAPI"]
            )
            {
                uniform token axis = "Z"
                double height = 0.00499672131147541
                rel material:binding = </Looks/Wire_4>
                color3f[] primvars:displayColor = [(0.035, 0.19, 0.8)]
                double radius = 0.001
            }
        }

        def Xform "Segment_23"
        {
            matrix4d xformOp:transform = ( (0.9999999999999991, 3.2058552430951225e-8, -2.6408318010626316e-8, 0), (-2.4428887511893086e-8, -0.060247941790323445, -0.9981835476584707, 0), (-3.359136048226825e-8, 0.9981835476584705, -0.06024794179032256, 0), (0.0037499999161809683, 0.11543713510036469, 0.1448768526315689, 1) )
            uniform token[] xformOpOrder = ["xformOp:transform"]

            def Capsule "Visual" (
                prepend apiSchemas = ["MaterialBindingAPI"]
            )
            {
                uniform token axis = "Z"
                double height = 0.00499672131147541
                rel material:binding = </Looks/Wire_4>
                color3f[] primvars:displayColor = [(0.035, 0.19, 0.8)]
                double radius = 0.001
            }
        }

        def Xform "Segment_24"
        {
            matrix4d xformOp:transform = ( (0.9999999999999992, 3.0237063159883e-8, -2.5778110227573437e-8, 0), (-2.263964313427624e-8, -0.09955970309468465, -0.9950316561326532, 0), (-3.265329254749509e-8, 0.995031656132653, -0.09955970309468398, 0), (0.0037499999161809683, 0.12041662633419037, 0.14447763562202454, 1) )
            uniform token[] xformOpOrder = ["xformOp:transform"]

            def Capsule "Visual" (
                prepend apiSchemas = ["MaterialBindingAPI"]
            )
            {
                uniform token axis = "Z"
                double height = 0.00499672131147541
                rel material:binding = </Looks/Wire_4>
                color3f[] primvars:displayColor = [(0.035, 0.19, 0.8)]
                double radius = 0.001
            }
        }

        def Xform "Segment_25"
        {
            matrix4d xformOp:transform = ( (0.9999999999999992, 2.855106509728499e-8, -2.514555602307954e-8, 0), (-2.0942665162085002e-8, -0.13869422351126626, -0.9903353278359647, 0), (-3.1762668052416944e-8, 0.9903353278359645, -0.1386942235112656, 0), (0.0037499999161809683, 0.12537650763988495, 0.14388242363929749, 1) )
            uniform token[] xformOpOrder = ["xformOp:transform"]

            def Capsule "Visual" (
                prepend apiSchemas = ["MaterialBindingAPI"]
            )
            {
                uniform token axis = "Z"
                double height = 0.00499672131147541
                rel material:binding = </Looks/Wire_4>
                color3f[] primvars:displayColor = [(0.035, 0.19, 0.8)]
                double radius = 0.001
            }
        }

        def Xform "Segment_26"
        {
            matrix4d xformOp:transform = ( (0.9999999999999993, 2.7320162054689702e-8, -2.4456293449972325e-8, 0), (-1.9215875579004937e-8, -0.17758642201013752, -0.9841051971918376, 0), (-3.1229019673019965e-8, 0.9841051971918374, -0.17758642201013686, 0), (0.0037499999161809683, 0.1303090900182724, 0.1430922895669937, 1) )
            uniform token[] xformOpOrder = ["xformOp:transform"]

            def Capsule "Visual" (
                prepend apiSchemas = ["MaterialBindingAPI"]
            )
            {
                uniform token axis = "Z"
                double height = 0.00499672131147541
                rel material:binding = </Looks/Wire_4>
                color3f[] primvars:displayColor = [(0.035, 0.19, 0.8)]
                double radius = 0.001
            }
        }

        def Xform "Segment_27"
        {
            matrix4d xformOp:transform = ( (0.9999999999999993, 2.6145241588113293e-8, -2.3763595853048827e-8, 0), (-1.754911008804097e-8, -0.21619559471130922, -0.9763503206940386, 0), (-3.066448891936187e-8, 0.9763503206940384, -0.21619559471130856, 0), (0.0037499999161809683, 0.13520672917366028, 0.14210852980613708, 1) )
            uniform token[] xformOpOrder = ["xformOp:transform"]

            def Capsule "Visual" (
                prepend apiSchemas = ["MaterialBindingAPI"]
            )
            {
                uniform token axis = "Z"
                double height = 0.00499672131147541
                rel material:binding = </Looks/Wire_4>
                color3f[] primvars:displayColor = [(0.035, 0.19, 0.8)]
                double radius = 0.001
            }
        }

        def Xform "Segment_28"
        {
            matrix4d xformOp:transform = ( (0.9999999999999994, 2.515887522009785e-8, -2.304924622593614e-8, 0), (-1.5889057509122903e-8, -0.25444603660185616, -0.96708723250039, 0), (-3.0195605729908286e-8, 0.9670872325003897, -0.2544460366018555, 0), (0.0037499999161809683, 0.1400618702173233, 0.14093276858329773, 1) )
            uniform token[] xformOpOrder = ["xformOp:transform"]

            def Capsule "Visual" (
                prepend apiSchemas = ["MaterialBindingAPI"]
            )
            {
                uniform token axis = "Z"
                double height = 0.00499672131147541
                rel material:binding = </Looks/Wire_4>
                color3f[] primvars:displayColor = [(0.035, 0.19, 0.8)]
                double radius = 0.001
            }
        }

        def Xform "Segment_29"
        {
            matrix4d xformOp:transform = ( (0.9999999999999994, 2.420090115840324e-8, -2.233037246165134e-8, 0), (-1.4281581829125278e-8, -0.2922879179047375, -0.9563303520723069, 0), (-2.967095501686588e-8, 0.9563303520723067, -0.29228791790473707, 0), (0.0037499999161809683, 0.14486698806285858, 0.13956689834594727, 1) )
            uniform token[] xformOpOrder = ["xformOp:transform"]

            def Capsule "Visual" (
                prepend apiSchemas = ["MaterialBindingAPI"]
            )
            {
                uniform token axis = "Z"
                double height = 0.00499672131147541
                rel material:binding = </Looks/Wire_4>
                color3f[] primvars:displayColor = [(0.035, 0.19, 0.8)]
                double radius = 0.001
            }
        }

        def Xform "Segment_30"
        {
            matrix4d xformOp:transform = ( (0.9999999999999994, 2.3344387288892394e-8, -2.1597095782268257e-8, 0), (-1.2693473961589827e-8, -0.32968026645927084, -0.9440925935646193, 0), (-2.9159401278296356e-8, 0.944092593564619, -0.3296802664592704, 0), (0.0037499999161809683, 0.14961466193199158, 0.13801309466362, 1) )
            uniform token[] xformOpOrder = ["xformOp:transform"]

            def Capsule "Visual" (
                prepend apiSchemas = ["MaterialBindingAPI"]
            )
            {
                uniform token axis = "Z"
                double height = 0.00499672131147541
                rel material:binding = </Looks/Wire_4>
                color3f[] primvars:displayColor = [(0.035, 0.19, 0.8)]
                double radius = 0.001
            }
        }

        def Xform "Segment_31"
        {
            matrix4d xformOp:transform = ( (0.9999999999999996, 2.2504328026084617e-8, -2.0859028148355502e-8, 0), (-1.1157625421073964e-8, -0.3665700529527389, -0.9303903653408271, 0), (-2.858410800011973e-8, 0.9303903653408269, -0.3665700529527385, 0), (0.0037499999161809683, 0.15429753065109253, 0.13627371191978455, 1) )
            uniform token[] xformOpOrder = ["xformOp:transform"]

            def Capsule "Visual" (
                prepend apiSchemas = ["MaterialBindingAPI"]
            )
            {
                uniform token axis = "Z"
                double height = 0.00499672131147541
                rel material:binding = </Looks/Wire_4>
                color3f[] primvars:displayColor = [(0.035, 0.19, 0.8)]
                double radius = 0.001
            }
        }

        def Xform "Segment_32"
        {
            matrix4d xformOp:transform = ( (0.9999999999999996, 2.1708397745247336e-8, -2.0101526146207923e-8, 0), (-9.651439821059333e-9, -0.40290147684038446, -0.915243251538783, 0), (-2.7967402372279958e-8, 0.9152432515387828, -0.402901476840384, 0), (0.0037499999161809683, 0.15890832245349884, 0.13435141742229462, 1) )
            uniform token[] xformOpOrder = ["xformOp:transform"]

            def Capsule "Visual" (
                prepend apiSchemas = ["MaterialBindingAPI"]
            )
            {
                uniform token axis = "Z"
                double height = 0.00499672131147541
                rel material:binding = </Looks/Wire_4>
                color3f[] primvars:displayColor = [(0.035, 0.19, 0.8)]
                double radius = 0.001
            }
        }

        def Xform "Segment_33"
        {
            matrix4d xformOp:transform = ( (0.9999999999999996, 2.091766387679673e-8, -1.9337142029548978e-8, 0), (-8.20232181277897e-9, -0.4386378306030072, -0.8986642394341261, 0), (-2.7279949428347675e-8, 0.8986642394341259, -0.43863783060300676, 0), (0.0037499999161809683, 0.16343986988067627, 0.13224907219409943, 1) )
            uniform token[] xformOpOrder = ["xformOp:transform"]

            def Capsule "Visual" (
                prepend apiSchemas = ["MaterialBindingAPI"]
            )
            {
                uniform token axis = "Z"
                double height = 0.00499672131147541
                rel material:binding = </Looks/Wire_4>
                color3f[] primvars:displayColor = [(0.035, 0.19, 0.8)]
                double radius = 0.001
            }
        }

        def Xform "Segment_34"
        {
            matrix4d xformOp:transform = ( (0.9999999999999997, 2.012618489906696e-8, -1.8557350036282336e-8, 0), (-6.808897126300092e-9, -0.4737178581664243, -0.880676861118758, 0), (-2.6515608212598128e-8, 0.8806768611187578, -0.47371785816642387, 0), (0.0037499999161809683, 0.16788503527641296, 0.12996983528137207, 1) )
            uniform token[] xformOpOrder = ["xformOp:transform"]

            def Capsule "Visual" (
                prepend apiSchemas = ["MaterialBindingAPI"]
            )
            {
                uniform token axis = "Z"
                double height = 0.00499672131147541
                rel material:binding = </Looks/Wire_4>
                color3f[] primvars:displayColor = [(0.035, 0.19, 0.8)]
                double radius = 0.001
            }
        }

        def Xform "Segment_35"
        {
            matrix4d xformOp:transform = ( (0.9999999999999997, 1.9335388351281992e-8, -1.776907882958134e-8, 0), (-5.480087727961309e-9, -0.5081026747710171, -0.8612966913117505, 0), (-2.568201790437455e-8, 0.8612966913117502, -0.5081026747710169, 0), (0.0037499999161809683, 0.1722368597984314, 0.12751704454421997, 1) )
            uniform token[] xformOpOrder = ["xformOp:transform"]

            def Capsule "Visual" (
                prepend apiSchemas = ["MaterialBindingAPI"]
            )
            {
                uniform token axis = "Z"
                double height = 0.00499672131147541
                rel material:binding = </Looks/Wire_4>
                color3f[] primvars:displayColor = [(0.035, 0.19, 0.8)]
                double radius = 0.001
            }
        }

        def Xform "Segment_36"
        {
            matrix4d xformOp:transform = ( (0.9999999999999997, 1.8525165507913068e-8, -1.697949761561567e-8, 0), (-4.236159654439235e-9, -0.5417423260155447, -0.8405446404915581, 0), (-2.47697405669977e-8, 0.8405446404915579, -0.5417423260155445, 0), (0.0037499999161809683, 0.17648841440677643, 0.12489432841539383, 1) )
            uniform token[] xformOpOrder = ["xformOp:transform"]

            def Capsule "Visual" (
                prepend apiSchemas = ["MaterialBindingAPI"]
            )
            {
                uniform token axis = "Z"
                double height = 0.00499672131147541
                rel material:binding = </Looks/Wire_4>
                color3f[] primvars:displayColor = [(0.035, 0.19, 0.8)]
                double radius = 0.001
            }
        }

        def Xform "Segment_37"
        {
            matrix4d xformOp:transform = ( (0.9999999999999997, 1.7716130165323857e-8, -1.6181966127702407e-8, 0), (-3.0640436972637354e-9, -0.5746049584864255, -0.8184308516999473, 0), (-2.3797666524557914e-8, 0.8184308516999471, -0.5746049584864252, 0), (0.0037499999161809683, 0.18063287436962128, 0.12210548669099808, 1) )
            uniform token[] xformOpOrder = ["xformOp:transform"]

            def Capsule "Visual" (
                prepend apiSchemas = ["MaterialBindingAPI"]
            )
            {
                uniform token axis = "Z"
                double height = 0.00499672131147541
                rel material:binding = </Looks/Wire_4>
                color3f[] primvars:displayColor = [(0.035, 0.19, 0.8)]
                double radius = 0.001
            }
        }

        def Xform "Segment_38"
        {
            matrix4d xformOp:transform = ( (0.9999999999999998, 1.6888327165545926e-8, -1.5397346712466623e-8, 0), (-1.995196655570343e-9, -0.6066469689412772, -0.7949713357047018, 0), (-2.2766490079501147e-8, 0.7949713357047016, -0.606646968941277, 0), (0.0037499999161809683, 0.18466348946094513, 0.11915451288223267, 1) )
            uniform token[] xformOpOrder = ["xformOp:transform"]

            def Capsule "Visual" (
                prepend apiSchemas = ["MaterialBindingAPI"]
            )
            {
                uniform token axis = "Z"
                double height = 0.00499672131147541
                rel material:binding = </Looks/Wire_4>
                color3f[] primvars:displayColor = [(0.035, 0.19, 0.8)]
                double radius = 0.001
            }
        }

        def Xform "Segment_39"
        {
            matrix4d xformOp:transform = ( (0.9999999999999998, 1.606409051352713e-8, -1.460651819444551e-8, 0), (-1.0032978033244767e-9, -0.6378356450116558, -0.7701729034508241, 0), (-2.1688678413156122e-8, 0.7701729034508239, -0.6378356450116556, 0), (0.0037499999161809683, 0.18857355415821075, 0.11604555696249008, 1) )
            uniform token[] xformOpOrder = ["xformOp:transform"]

            def Capsule "Visual" (
                prepend apiSchemas = ["MaterialBindingAPI"]
            )
            {
                uniform token axis = "Z"
                double height = 0.00499672131147541
                rel material:binding = </Looks/Wire_4>
                color3f[] primvars:displayColor = [(0.035, 0.19, 0.8)]
                double radius = 0.001
            }
        }

        def Xform "Segment_40"
        {
            matrix4d xformOp:transform = ( (0.9999999999999998, 1.5229270098407927e-8, -1.38379486282276e-8, 0), (-1.2104849035734596e-10, -0.6681254799803187, -0.7440488764694352, 0), (-2.0576803377364282e-8, 0.744048876469435, -0.6681254799803185, 0), (0.0037499999161809683, 0.1923563927412033, 0.1127830445766449, 1) )
            uniform token[] xformOpOrder = ["xformOp:transform"]

            def Capsule "Visual" (
                prepend apiSchemas = ["MaterialBindingAPI"]
            )
            {
                uniform token axis = "Z"
                double height = 0.00499672131147541
                rel material:binding = </Looks/Wire_4>
                color3f[] primvars:displayColor = [(0.035, 0.19, 0.8)]
                double radius = 0.001
            }
        }

        def Xform "Segment_41"
        {
            matrix4d xformOp:transform = ( (0.9999999999999998, 1.4400097325026504e-8, -1.3064978974189895e-8, 0), (6.812084927214656e-10, -0.6974744570477542, -0.7166097283180052, 0), (-1.9431737790421722e-8, 0.716609728318005, -0.697474457047754, 0), (0.0037499999161809683, 0.19600540399551392, 0.10937153548002243, 1) )
            uniform token[] xformOpOrder = ["xformOp:transform"]

            def Capsule "Visual" (
                prepend apiSchemas = ["MaterialBindingAPI"]
            )
            {
                uniform token axis = "Z"
                double height = 0.00499672131147541
                rel material:binding = </Looks/Wire_4>
                color3f[] primvars:displayColor = [(0.035, 0.19, 0.8)]
                double radius = 0.001
            }
        }

        def Xform "Segment_42"
        {
            matrix4d xformOp:transform = ( (0.9999999999999998, 1.356896636699856e-8, -1.2318008436103907e-8, 0), (1.3754458278179754e-9, -0.7258273693233834, -0.6878773311605785, 0), (-1.8274526775689795e-8, 0.6878773311605783, -0.7258273693233832, 0), (0.0037499999161809683, 0.19951407611370087, 0.10581590980291367, 1) )
            uniform token[] xformOpOrder = ["xformOp:transform"]

            def Capsule "Visual" (
                prepend apiSchemas = ["MaterialBindingAPI"]
            )
            {
                uniform token axis = "Z"
                double height = 0.00499672131147541
                rel material:binding = </Looks/Wire_4>
                color3f[] primvars:displayColor = [(0.035, 0.19, 0.8)]
                double radius = 0.001
            }
        }

        def Xform "Segment_43"
        {
            matrix4d xformOp:transform = ( (0.9999999999999999, 1.27447861743199e-8, -1.1567804593620851e-8, 0), (1.988341147346831e-9, -0.7531298036102501, -0.6578721243324567, 0), (-1.7096496051153255e-8, 0.6578721243324565, -0.7531298036102498, 0), (0.0037499999161809683, 0.2028760015964508, 0.10212122648954391, 1) )
            uniform token[] xformOpOrder = ["xformOp:transform"]

            def Capsule "Visual" (
                prepend apiSchemas = ["MaterialBindingAPI"]
            )
            {
                uniform token axis = "Z"
                double height = 0.00499672131147541
                rel material:binding = </Looks/Wire_4>
                color3f[] primvars:displayColor = [(0.035, 0.19, 0.8)]
                double radius = 0.001
            }
        }

        def Xform "Segment_44"
        {
            matrix4d xformOp:transform = ( (0.9999999999999999, 1.192509051907323e-8, -1.0843201843910864e-8, 0), (2.4986712068521417e-9, -0.7793140671637957, -0.6266338913856089, 0), (-1.5922922229161652e-8, 0.6266338913856089, -0.7793140671637957, 0), (0.0037499999161809683, 0.2060849517583847, 0.09829294681549072, 1) )
            uniform token[] xformOpOrder = ["xformOp:transform"]

            def Capsule "Visual" (
                prepend apiSchemas = ["MaterialBindingAPI"]
            )
            {
                uniform token axis = "Z"
                double height = 0.00499672131147541
                rel material:binding = </Looks/Wire_4>
                color3f[] primvars:displayColor = [(0.035, 0.19, 0.8)]
                double radius = 0.001
            }
        }

        def Xform "Segment_45"
        {
            matrix4d xformOp:transform = ( (0.9999999999999999, 1.1112972161879331e-8, -1.0115893034568346e-8, 0), (2.92766008407908e-9, -0.8043241489894584, -0.5941908711533763, 0), (-1.4739682784565733e-8, 0.5941908711533763, -0.8043241489894584, 0), (0.0037499999161809683, 0.2091347873210907, 0.09433676302433014, 1) )
            uniform token[] xformOpOrder = ["xformOp:transform"]

            def Capsule "Visual" (
                prepend apiSchemas = ["MaterialBindingAPI"]
            )
            {
                uniform token axis = "Z"
                double height = 0.00499672131147541
                rel material:binding = </Looks/Wire_4>
                color3f[] primvars:displayColor = [(0.035, 0.19, 0.8)]
                double radius = 0.001
            }
        }

        def Xform "Segment_46"
        {
            matrix4d xformOp:transform = ( (0.9999999999999999, 1.0309334777020602e-8, -9.411710978333283e-9, 0), (3.2608626579772523e-9, -0.8280888809904638, -0.5605973825355903, 0), (-1.3573115405468827e-8, 0.5605973825355903, -0.8280888809904638, 0), (0.0037499999161809683, 0.2120196372270584, 0.09025876969099045, 1) )
            uniform token[] xformOpOrder = ["xformOp:transform"]

            def Capsule "Visual" (
                prepend apiSchemas = ["MaterialBindingAPI"]
            )
            {
                uniform token axis = "Z"
                double height = 0.00499672131147541
                rel material:binding = </Looks/Wire_4>
                color3f[] primvars:displayColor = [(0.035, 0.19, 0.8)]
                double radius = 0.001
            }
        }

        def Xform "Segment_47"
        {
            matrix4d xformOp:transform = ( (0.9999999999999999, 9.513532975951003e-9, -8.704842758301647e-9, 0), (3.5136714777419995e-9, -0.8505401269466759, -0.5259105473337478, 0), (-1.2407083052747173e-8, 0.5259105473337478, -0.8505401269466759, 0), (0.0037499999161809683, 0.21473389863967896, 0.08606529980897903, 1) )
            uniform token[] xformOpOrder = ["xformOp:transform"]

            def Capsule "Visual" (
                prepend apiSchemas = ["MaterialBindingAPI"]
            )
            {
                uniform token axis = "Z"
                double height = 0.00499672131147541
                rel material:binding = </Looks/Wire_4>
                color3f[] primvars:displayColor = [(0.035, 0.19, 0.8)]
                double radius = 0.001
            }
        }

        def Xform "Segment_48"
        {
            matrix4d xformOp:transform = ( (0.9999999999999999, 8.728392157676338e-9, -8.017712939903969e-9, 0), (3.6774410885306912e-9, -0.8716091012370555, -0.49020241042943985, 0), (-1.126698617578257e-8, 0.49020241042943974, -0.8716091012370555, 0), (0.0037499999161809683, 0.2172722965478897, 0.0817631408572197, 1) )
            uniform token[] xformOpOrder = ["xformOp:transform"]

            def Capsule "Visual" (
                prepend apiSchemas = ["MaterialBindingAPI"]
            )
            {
                uniform token axis = "Z"
                double height = 0.00499672131147541
                rel material:binding = </Looks/Wire_4>
                color3f[] primvars:displayColor = [(0.035, 0.19, 0.8)]
                double radius = 0.001
            }
        }

        def Xform "Segment_49"
        {
            matrix4d xformOp:transform = ( (0.9999999999999999, 7.951152845917205e-9, -7.327599879361765e-9, 0), (3.762675815307796e-9, -0.8912218581513756, -0.45356795571651, 0), (-1.013690397902918e-8, 0.45356795571651, -0.8912218581513756, 0), (0.0037499999161809683, 0.21962997317314148, 0.07735934108495712, 1) )
            uniform token[] xformOpOrder = ["xformOp:transform"]

            def Capsule "Visual" (
                prepend apiSchemas = ["MaterialBindingAPI"]
            )
            {
                uniform token axis = "Z"
                double height = 0.00499672131147541
                rel material:binding = </Looks/Wire_4>
                color3f[] primvars:displayColor = [(0.035, 0.19, 0.8)]
                double radius = 0.001
            }
        }

        def Xform "Segment_50"
        {
            matrix4d xformOp:transform = ( (1, 7.1854829876544415e-9, -6.653578030649569e-9, 0), (3.765245350666422e-9, -0.9093144625406993, -0.41610966451901454, 0), (-9.040143462639234e-9, 0.41610966451901454, -0.9093144625406993, 0), (0.0037499999161809683, 0.22180253267288208, 0.07286136597394943, 1) )
            uniform token[] xformOpOrder = ["xformOp:transform"]

            def Capsule "Visual" (
                prepend apiSchemas = ["MaterialBindingAPI"]
            )
            {
                uniform token axis = "Z"
                double height = 0.00499672131147541
                rel material:binding = </Looks/Wire_4>
                color3f[] primvars:displayColor = [(0.035, 0.19, 0.8)]
                double radius = 0.001
            }
        }

        def Xform "Segment_51"
        {
            matrix4d xformOp:transform = ( (1, 6.4276922532476485e-9, -5.976121763465711e-9, 0), (3.692091985827346e-9, -0.9258186503689174, -0.37796833113972994, 0), (-7.962268257376025e-9, 0.37796833113972994, -0.9258186503689174, 0), (0.0037499999161809683, 0.22378621995449066, 0.06827695667743683, 1) )
            uniform token[] xformOpOrder = ["xformOp:transform"]

            def Capsule "Visual" (
                prepend apiSchemas = ["MaterialBindingAPI"]
            )
            {
                uniform token axis = "Z"
                double height = 0.00499672131147541
                rel material:binding = </Looks/Wire_4>
                color3f[] primvars:displayColor = [(0.035, 0.19, 0.8)]
                double radius = 0.001
            }
        }

        def Xform "Segment_52"
        {
            matrix4d xformOp:transform = ( (1, 5.681411060648583e-9, -5.311044718254572e-9, 0), (3.5426396161728285e-9, -0.9406931257581235, -0.33925964363051264, 0), (-6.923534660076649e-9, 0.33925964363051264, -0.9406931257581235, 0), (0.0037499999161809683, 0.22557790577411652, 0.06361417472362518, 1) )
            uniform token[] xformOpOrder = ["xformOp:transform"]

            def Capsule "Visual" (
                prepend apiSchemas = ["MaterialBindingAPI"]
            )
            {
                uniform token axis = "Z"
                double height = 0.00499672131147541
                rel material:binding = </Looks/Wire_4>
                color3f[] primvars:displayColor = [(0.035, 0.19, 0.8)]
                double radius = 0.001
            }
        }

        def Xform "Segment_53"
        {
            matrix4d xformOp:transform = ( (1, 4.942773679433275e-9, -4.6421010630935174e-9, 0), (3.3213973939859913e-9, -0.953884839401276, -0.30017398686411845, 0), (-5.911719993140354e-9, 0.30017398686411845, -0.953884839401276, 0), (0.0037499999161809683, 0.22717523574829102, 0.05888127535581589, 1) )
            uniform token[] xformOpOrder = ["xformOp:transform"]

            def Capsule "Visual" (
                prepend apiSchemas = ["MaterialBindingAPI"]
            )
            {
                uniform token axis = "Z"
                double height = 0.00499672131147541
                rel material:binding = </Looks/Wire_4>
                color3f[] primvars:displayColor = [(0.035, 0.19, 0.8)]
                double radius = 0.001
            }
        }

        def Xform "Segment_54"
        {
            matrix4d xformOp:transform = ( (1, 4.214900367181877e-9, -3.9817999018931315e-9, 0), (3.0302115224151794e-9, -0.9653735442453808, -0.2608722352629016, 0), (-4.943473848763474e-9, 0.2608722352629016, -0.9653735442453808, 0), (0.0037499999161809683, 0.22857673466205597, 0.05408673733472824, 1) )
            uniform token[] xformOpOrder = ["xformOp:transform"]

            def Capsule "Visual" (
                prepend apiSchemas = ["MaterialBindingAPI"]
            )
            {
                uniform token axis = "Z"
                double height = 0.00499672131147541
                rel material:binding = </Looks/Wire_4>
                color3f[] primvars:displayColor = [(0.035, 0.19, 0.8)]
                double radius = 0.001
            }
        }

        def Xform "Segment_55"
        {
            matrix4d xformOp:transform = ( (1, 3.494196994170671e-9, -3.317386446968857e-9, 0), (2.67231574165247e-9, -0.9751448446186259, -0.22156949719487784, 0), (-4.009138816444302e-9, 0.22156949719487784, -0.9751448446186259, 0), (0.0037499999161809683, 0.2297818511724472, 0.049239084124565125, 1) )
            uniform token[] xformOpOrder = ["xformOp:transform"]

            def Capsule "Visual" (
                prepend apiSchemas = ["MaterialBindingAPI"]
            )
            {
                uniform token axis = "Z"
                double height = 0.00499672131147541
                rel material:binding = </Looks/Wire_4>
                color3f[] primvars:displayColor = [(0.035, 0.19, 0.8)]
                double radius = 0.001
            }
        }

        def Xform "Segment_56"
        {
            matrix4d xformOp:transform = ( (1, 2.782862042594777e-9, -2.6579602202760185e-9, 0), (2.2511899044882894e-9, -0.9832139854418358, -0.1824554458021712, 0), (-3.1210923880293135e-9, 0.1824554458021712, -0.9832139854418358, 0), (0.0037499999161809683, 0.23079106211662292, 0.044346876442432404, 1) )
            uniform token[] xformOpOrder = ["xformOp:transform"]

            def Capsule "Visual" (
                prepend apiSchemas = ["MaterialBindingAPI"]
            )
            {
                uniform token axis = "Z"
                double height = 0.00499672131147541
                rel material:binding = </Looks/Wire_4>
                color3f[] primvars:displayColor = [(0.035, 0.19, 0.8)]
                double radius = 0.001
            }
        }

        def Xform "Segment_57"
        {
            matrix4d xformOp:transform = ( (1, 2.077886094081252e-9, -1.994434397650778e-9, 0), (1.7695338181600296e-9, -0.989609658531613, -0.1437811381212386, 0), (-2.272472057671304e-9, 0.1437811381212386, -0.989609658531613, 0), (0.0037499999161809683, 0.23160593211650848, 0.039418529719114304, 1) )
            uniform token[] xformOpOrder = ["xformOp:transform"]

            def Capsule "Visual" (
                prepend apiSchemas = ["MaterialBindingAPI"]
            )
            {
                uniform token axis = "Z"
                double height = 0.00499672131147541
                rel material:binding = </Looks/Wire_4>
                color3f[] primvars:displayColor = [(0.035, 0.19, 0.8)]
                double radius = 0.001
            }
        }

        def Xform "Segment_58"
        {
            matrix4d xformOp:transform = ( (1, 1.3802979712676354e-9, -1.3325072494099112e-9, 0), (1.231605178529522e-9, -0.9943901354857019, -0.10577737483600913, 0), (-1.4710359422647639e-9, 0.10577737483600913, -0.9943901354857019, 0), (0.0037499999161809683, 0.23222921788692474, 0.03446227312088013, 1) )
            uniform token[] xformOpOrder = ["xformOp:transform"]

            def Capsule "Visual" (
                prepend apiSchemas = ["MaterialBindingAPI"]
            )
            {
                uniform token axis = "Z"
                double height = 0.00499672131147541
                rel material:binding = </Looks/Wire_4>
                color3f[] primvars:displayColor = [(0.035, 0.19, 0.8)]
                double radius = 0.001
            }
        }

        def Xform "Segment_59"
        {
            matrix4d xformOp:transform = ( (1, 6.877721183842916e-10, -6.669386962938669e-10, 0), (6.403327063033082e-10, -0.997637969691624, -0.06869408275428501, 0), (-7.12609105105499e-10, 0.06869408275428501, -0.997637969691624, 0), (0.0037499999161809683, 0.23266491293907166, 0.02948595955967903, 1) )
            uniform token[] xformOpOrder = ["xformOp:transform"]

            def Capsule "Visual" (
                prepend apiSchemas = ["MaterialBindingAPI"]
            )
            {
                uniform token axis = "Z"
                double height = 0.00499672131147541
                rel material:binding = </Looks/Wire_4>
                color3f[] primvars:displayColor = [(0.035, 0.19, 0.8)]
                double radius = 0.001
            }
        }

        def Xform "Segment_60"
        {
            matrix4d xformOp:transform = ( (1, 6.032340013116468e-15, -1.0931662922251505e-14, 0), (5.671000667190987e-15, -0.9994633557816499, -0.03275822111066695, 0), (-1.1123404681674297e-14, 0.03275822111066695, -0.9994633557816499, 0), (0.0037499999161809683, 0.2329181730747223, 0.02449697069823742, 1) )
            uniform token[] xformOpOrder = ["xformOp:transform"]

            def Capsule "Visual" (
                prepend apiSchemas = ["MaterialBindingAPI"]
            )
            {
                uniform token axis = "Z"
                double height = 0.00499672131147541
                rel material:binding = </Looks/Wire_4>
                color3f[] primvars:displayColor = [(0.035, 0.19, 0.8)]
                double radius = 0.001
            }
        }
    }

    def "Cable_5"
    {
        def Xform "Segment_00"
        {
            matrix4d xformOp:transform = ( (1, 1.6497103945652102e-10, 9.136704990621062e-10, 0), (4.83683710005712e-10, 0.7474302782165907, -0.6643403036578874, 0), (-7.925019201180988e-10, 0.6643403036578874, 0.7474302782165907, 0), (0.006249999161809683, 0.012875947169959545, 0.10236503183841705, 1) )
            uniform token[] xformOpOrder = ["xformOp:transform"]

            def Capsule "Visual" (
                prepend apiSchemas = ["MaterialBindingAPI"]
            )
            {
                uniform token axis = "Z"
                double height = 0.00499672131147541
                rel material:binding = </Looks/Wire_5>
                color3f[] primvars:displayColor = [(0.13, 0.24, 0.82)]
                double radius = 0.001
            }
        }

        def Xform "Segment_01"
        {
            matrix4d xformOp:transform = ( (0.9999999999998134, 4.1756727672478695e-7, 4.460000802586677e-7, 0), (8.068180337342896e-9, 0.7209034310616045, -0.6930355906817229, 0), (-6.109119467223873e-7, 0.6930355906815973, 0.7209034310614666, 0), (0.006249997764825821, 0.016266848891973495, 0.10603312402963638, 1) )
            uniform token[] xformOpOrder = ["xformOp:transform"]

            def Capsule "Visual" (
                prepend apiSchemas = ["MaterialBindingAPI"]
            )
            {
                uniform token axis = "Z"
                double height = 0.00499672131147541
                rel material:binding = </Looks/Wire_5>
                color3f[] primvars:displayColor = [(0.13, 0.24, 0.82)]
                double radius = 0.001
            }
        }

        def Xform "Segment_02"
        {
            matrix4d xformOp:transform = ( (0.9999999999997287, 5.054672725282228e-7, 5.359930061010111e-7, 0), (3.5857303671672314e-8, 0.6932657612968793, -0.7206821208694862, 0), (-7.358667813943748e-7, 0.7206821208693099, 0.6932657612966732, 0), (0.00624999450519681, 0.019798513501882553, 0.10956593602895737, 1) )
            uniform token[] xformOpOrder = ["xformOp:transform"]

            def Capsule "Visual" (
                prepend apiSchemas = ["MaterialBindingAPI"]
            )
            {
                uniform token axis = "Z"
                double height = 0.00499672131147541
                rel material:binding = </Looks/Wire_5>
                color3f[] primvars:displayColor = [(0.13, 0.24, 0.82)]
                double radius = 0.001
            }
        }

        def Xform "Segment_03"
        {
            matrix4d xformOp:transform = ( (0.9999999999999027, 2.905189981413788e-7, 3.317016719521298e-7, 0), (5.479198863545771e-8, 0.6645595951564657, -0.747235292374493, 0), (-4.375215713976634e-7, 0.7472352923744386, 0.6645595951563852, 0), (0.006249991245567799, 0.023465586826205254, 0.11295796930789948, 1) )
            uniform token[] xformOpOrder = ["xformOp:transform"]

            def Capsule "Visual" (
                prepend apiSchemas = ["MaterialBindingAPI"]
            )
            {
                uniform token axis = "Z"
                double height = 0.00499672131147541
                rel material:binding = </Looks/Wire_5>
                color3f[] primvars:displayColor = [(0.13, 0.24, 0.82)]
                double radius = 0.001
            }
        }

        def Xform "Segment_04"
        {
            matrix4d xformOp:transform = ( (0.999999999999965, 1.4915009874420825e-7, 2.1864560950190288e-7, 0), (7.425345752891163e-8, 0.6348254872398149, -0.7726555601589365, 0), (-2.540434580044678e-7, 0.7726555601589257, 0.6348254872397816, 0), (0.006249989848583937, 0.027262510731816292, 0.11620403826236725, 1) )
            uniform token[] xformOpOrder = ["xformOp:transform"]

            def Capsule "Visual" (
                prepend apiSchemas = ["MaterialBindingAPI"]
            )
            {
                uniform token axis = "Z"
                double height = 0.00499672131147541
                rel material:binding = </Looks/Wire_5>
                color3f[] primvars:displayColor = [(0.13, 0.24, 0.82)]
                double radius = 0.001
            }
        }

        def Xform "Segment_05"
        {
            matrix4d xformOp:transform = ( (0.999999999999978, 1.0011105288273112e-7, 1.8449262453698447e-7, 0), (8.65448525431493e-8, 0.6041074969799052, -0.796902867803852, 0), (-1.9123216234754617e-7, 0.7969028678038504, 0.6041074969798832, 0), (0.006249988917261362, 0.031183522194623947, 0.11929907649755478, 1) )
            uniform token[] xformOpOrder = ["xformOp:transform"]

            def Capsule "Visual" (
                prepend apiSchemas = ["MaterialBindingAPI"]
            )
            {
                uniform token axis = "Z"
                double height = 0.00499672131147541
                rel material:binding = </Looks/Wire_5>
                color3f[] primvars:displayColor = [(0.13, 0.24, 0.82)]
                double radius = 0.001
            }
        }

        def Xform "Segment_06"
        {
            matrix4d xformOp:transform = ( (0.9999999999999909, 1.773594856950283e-8, 1.3398541533061394e-7, 0), (9.970740696856952e-8, 0.5724464155771034, -0.8199421336456083, 0), (-9.124192231962905e-8, 0.8199421336456141, 0.5724464155770965, 0), (0.0062499879859387875, 0.035222675651311874, 0.12223830819129944, 1) )
            uniform token[] xformOpOrder = ["xformOp:transform"]

            def Capsule "Visual" (
                prepend apiSchemas = ["MaterialBindingAPI"]
            )
            {
                uniform token axis = "Z"
                double height = 0.00499672131147541
                rel material:binding = </Looks/Wire_5>
                color3f[] primvars:displayColor = [(0.13, 0.24, 0.82)]
                double radius = 0.001
            }
        }

        def Xform "Segment_07"
        {
            matrix4d xformOp:transform = ( (0.9999999999999943, -5.621859587948076e-8, 9.005444462026329e-8, 0), (1.0615388272400123e-7, 0.5398933859646686, -0.8417334270631802, 0), (-1.2987305892415838e-9, 0.8417334270631851, 0.5398933859646715, 0), (0.0062499879859387875, 0.03937382623553276, 0.12501710653305054, 1) )
            uniform token[] xformOpOrder = ["xformOp:transform"]

            def Capsule "Visual" (
                prepend apiSchemas = ["MaterialBindingAPI"]
            )
            {
                uniform token axis = "Z"
                double height = 0.00499672131147541
                rel material:binding = </Looks/Wire_5>
                color3f[] primvars:displayColor = [(0.13, 0.24, 0.82)]
                double radius = 0.001
            }
        }

        def Xform "Segment_08"
        {
            matrix4d xformOp:transform = ( (0.999999999999994, -5.34413723266261e-8, 9.58727784409888e-8, 0), (1.0973345225603063e-7, 0.506480361114094, -0.8622515030997571, 0), (-2.4777768506163587e-9, 0.8622515030997624, 0.5064803611140969, 0), (0.0062499879859387875, 0.0436306856572628, 0.12763115763664246, 1) )
            uniform token[] xformOpOrder = ["xformOp:transform"]

            def Capsule "Visual" (
                prepend apiSchemas = ["MaterialBindingAPI"]
            )
            {
                uniform token axis = "Z"
                double height = 0.00499672131147541
                rel material:binding = </Looks/Wire_5>
                color3f[] primvars:displayColor = [(0.13, 0.24, 0.82)]
                double radius = 0.001
            }
        }

        def Xform "Segment_09"
        {
            matrix4d xformOp:transform = ( (0.9999999999999918, -1.1046753135735428e-7, 6.560979143743828e-8, 0), (1.1000119262503452e-7, 0.4722525268288027, -0.8814632779624958, 0), (6.638868757342815e-8, 0.8814632779624958, 0.4722525268288109, 0), (0.0062499879859387875, 0.04798680543899536, 0.13007619976997375, 1) )
            uniform token[] xformOpOrder = ["xformOp:transform"]

            def Capsule "Visual" (
                prepend apiSchemas = ["MaterialBindingAPI"]
            )
            {
                uniform token axis = "Z"
                double height = 0.00499672131147541
                rel material:binding = </Looks/Wire_5>
                color3f[] primvars:displayColor = [(0.13, 0.24, 0.82)]
                double radius = 0.001
            }
        }

        def Xform "Segment_10"
        {
            matrix4d xformOp:transform = ( (0.9999999999999685, -2.5100628523782953e-7, -6.895839189835048e-9, 0), (1.0355320831343505e-7, 0.4372594087847398, -0.8993355179400598, 0), (2.2875410570090547e-7, 0.8993355179400307, 0.437259408784752, 0), (0.006249988451600075, 0.05243557691574097, 0.13234834372997284, 1) )
            uniform token[] xformOpOrder = ["xformOp:transform"]

            def Capsule "Visual" (
                prepend apiSchemas = ["MaterialBindingAPI"]
            )
            {
                uniform token axis = "Z"
                double height = 0.00499672131147541
                rel material:binding = </Looks/Wire_5>
                color3f[] primvars:displayColor = [(0.13, 0.24, 0.82)]
                double radius = 0.001
            }
        }

        def Xform "Segment_11"
        {
            matrix4d xformOp:transform = ( (0.9999999999999412, -3.393495036629735e-7, -5.1284135663787095e-8, 0), (8.930123338386502e-8, 0.4015593274047716, -0.9158329501917999, 0), (3.313811067686398e-7, 0.9158329501917413, 0.4015593274047783, 0), (0.006249989848583937, 0.05697021633386612, 0.13444384932518005, 1) )
            uniform token[] xformOpOrder = ["xformOp:transform"]

            def Capsule "Visual" (
                prepend apiSchemas = ["MaterialBindingAPI"]
            )
            {
                uniform token axis = "Z"
                double height = 0.00499672131147541
                rel material:binding = </Looks/Wire_5>
                color3f[] primvars:displayColor = [(0.13, 0.24, 0.82)]
                double radius = 0.001
            }
        }

        def Xform "Segment_12"
        {
            matrix4d xformOp:transform = ( (0.9999999999999555, -2.9594032909414694e-7, -3.848977911684736e-8, 0), (7.224874675266366e-8, 0.365208227937071, -0.930925974510452, 0), (2.895552798231888e-7, 0.9309259745104078, 0.3652082279370762, 0), (0.006249991711229086, 0.061583783477544785, 0.13635939359664917, 1) )
            uniform token[] xformOpOrder = ["xformOp:transform"]

            def Capsule "Visual" (
                prepend apiSchemas = ["MaterialBindingAPI"]
            )
            {
                uniform token axis = "Z"
                double height = 0.00499672131147541
                rel material:binding = </Looks/Wire_5>
                color3f[] primvars:displayColor = [(0.13, 0.24, 0.82)]
                double radius = 0.001
            }
        }

        def Xform "Segment_13"
        {
            matrix4d xformOp:transform = ( (0.999999999999891, -4.542813298106228e-7, -1.079799098220958e-7, 0), (4.712618803439511e-8, 0.32826052592264676, -0.9445872327911474, 0), (4.6455388271011427e-7, 0.9445872327910393, 0.32826052592263233, 0), (0.006249993108212948, 0.06626918911933899, 0.1380918025970459, 1) )
            uniform token[] xformOpOrder = ["xformOp:transform"]

            def Capsule "Visual" (
                prepend apiSchemas = ["MaterialBindingAPI"]
            )
            {
                uniform token axis = "Z"
                double height = 0.00499672131147541
                rel material:binding = </Looks/Wire_5>
                color3f[] primvars:displayColor = [(0.13, 0.24, 0.82)]
                double radius = 0.001
            }
        }

        def Xform "Segment_14"
        {
            matrix4d xformOp:transform = ( (0.9999999999998708, -4.922434744927132e-7, -1.2685719692224921e-7, 0), (2.1759209887720274e-8, 0.2907805308003105, -0.9567898992420744, 0), (5.078611260735467e-7, 0.956789899241948, 0.29078053080028365, 0), (0.006249995902180672, 0.07101921737194061, 0.13963830471038818, 1) )
            uniform token[] xformOpOrder = ["xformOp:transform"]

            def Capsule "Visual" (
                prepend apiSchemas = ["MaterialBindingAPI"]
            )
            {
                uniform token axis = "Z"
                double height = 0.00499672131147541
                rel material:binding = </Looks/Wire_5>
                color3f[] primvars:displayColor = [(0.13, 0.24, 0.82)]
                double radius = 0.001
            }
        }

        def Xform "Segment_15"
        {
            matrix4d xformOp:transform = ( (0.9999999999998861, -4.610327519017981e-7, -1.2346392042150154e-7, 0), (-2.891617085167453e-9, 0.2528261926463039, -0.9675117489938695, 0), (4.772695009348749e-7, 0.9675117489937596, 0.2528261926462737, 0), (0.0062499986961483955, 0.07582651823759079, 0.14099633693695068, 1) )
            uniform token[] xformOpOrder = ["xformOp:transform"]

            def Capsule "Visual" (
                prepend apiSchemas = ["MaterialBindingAPI"]
            )
            {
                uniform token axis = "Z"
                double height = 0.00499672131147541
                rel material:binding = </Looks/Wire_5>
                color3f[] primvars:displayColor = [(0.13, 0.24, 0.82)]
                double radius = 0.001
            }
        }

        def Xform "Segment_16"
        {
            matrix4d xformOp:transform = ( (0.9999999999998391, -5.459040012077642e-7, -1.542589064219183e-7, 0), (-3.359891677505703e-8, 0.21445346857550185, -0.9767342543453643, 0), (5.662844705063662e-7, 0.9767342543452124, 0.214453468575449, 0), (0.006250001490116119, 0.08068365603685379, 0.1421637088060379, 1) )
            uniform token[] xformOpOrder = ["xformOp:transform"]

            def Capsule "Visual" (
                prepend apiSchemas = ["MaterialBindingAPI"]
            )
            {
                uniform token axis = "Z"
                double height = 0.00499672131147541
                rel material:binding = </Looks/Wire_5>
                color3f[] primvars:displayColor = [(0.13, 0.24, 0.82)]
                double radius = 0.001
            }
        }

        def Xform "Segment_17"
        {
            matrix4d xformOp:transform = ( (0.9999999999999166, -3.8795415704161893e-7, -1.2737408974722638e-7, 0), (-5.7217035740800745e-8, 0.17572919501080064, -0.9844386845750909, 0), (4.043003803186976e-7, 0.984438684575016, 0.1757291950107639, 0), (0.006250003818422556, 0.08558307588100433, 0.14313846826553345, 1) )
            uniform token[] xformOpOrder = ["xformOp:transform"]

            def Capsule "Visual" (
                prepend apiSchemas = ["MaterialBindingAPI"]
            )
            {
                uniform token axis = "Z"
                double height = 0.00499672131147541
                rel material:binding = </Looks/Wire_5>
                color3f[] primvars:displayColor = [(0.13, 0.24, 0.82)]
                double radius = 0.001
            }
        }

        def Xform "Segment_18"
        {
            matrix4d xformOp:transform = ( (0.9999999999999172, -3.8329028000951525e-7, -1.3697034725977127e-7, 0), (-8.327926968253299e-8, 0.13672360253932125, -0.990609218294267, 0), (3.9841796899660396e-7, 0.9906092182941963, 0.13672360253927796, 0), (0.006250005681067705, 0.09051716327667236, 0.14391905069351196, 1) )
            uniform token[] xformOpOrder = ["xformOp:transform"]

            def Capsule "Visual" (
                prepend apiSchemas = ["MaterialBindingAPI"]
            )
            {
                uniform token axis = "Z"
                double height = 0.00499672131147541
                rel material:binding = </Looks/Wire_5>
                color3f[] primvars:displayColor = [(0.13, 0.24, 0.82)]
                double radius = 0.001
            }
        }

        def Xform "Segment_19"
        {
            matrix4d xformOp:transform = ( (0.999999999999924, -3.6241801832643977e-7, -1.4397027279363723e-7, 0), (-1.079500398501892e-7, 0.0974960029125066, -0.9952360188472386, 0), (3.7472796579956575e-7, 0.9952360188471784, 0.09749600291246008, 0), (0.006250007543712854, 0.09547822922468185, 0.14450415968894958, 1) )
            uniform token[] xformOpOrder = ["xformOp:transform"]

            def Capsule "Visual" (
                prepend apiSchemas = ["MaterialBindingAPI"]
            )
            {
                uniform token axis = "Z"
                double height = 0.00499672131147541
                rel material:binding = </Looks/Wire_5>
                color3f[] primvars:displayColor = [(0.13, 0.24, 0.82)]
                double radius = 0.001
            }
        }

        def Xform "Segment_20"
        {
            matrix4d xformOp:transform = ( (0.9999999999999315, -3.4063179436132276e-7, -1.4509913561830656e-7, 0), (-1.2505562427538295e-7, 0.05812195353506733, -0.9983095894294503, 0), (3.4848941063408e-7, 0.9983095894294001, 0.05812195353502081, 0), (0.006250009406358004, 0.1004585325717926, 0.14489293098449707, 1) )
            uniform token[] xformOpOrder = ["xformOp:transform"]

            def Capsule "Visual" (
                prepend apiSchemas = ["MaterialBindingAPI"]
            )
            {
                uniform token axis = "Z"
                double height = 0.00499672131147541
                rel material:binding = </Looks/Wire_5>
                color3f[] primvars:displayColor = [(0.13, 0.24, 0.82)]
                double radius = 0.001
            }
        }

        def Xform "Segment_21"
        {
            matrix4d xformOp:transform = ( (0.9999999999999496, -2.82967374845671e-7, -1.4406218884563373e-7, 0), (-1.3875658580421946e-7, 0.01866109447438391, -0.9998259929769385, 0), (2.856064764286724e-7, 0.9998259929769081, 0.01866109447434372, 0), (0.006250011269003153, 0.10545030236244202, 0.14508475363254547, 1) )
            uniform token[] xformOpOrder = ["xformOp:transform"]

            def Capsule "Visual" (
                prepend apiSchemas = ["MaterialBindingAPI"]
            )
            {
                uniform token axis = "Z"
                double height = 0.00499672131147541
                rel material:binding = </Looks/Wire_5>
                color3f[] primvars:displayColor = [(0.13, 0.24, 0.82)]
                double radius = 0.001
            }
        }

        def Xform "Segment_22"
        {
            matrix4d xformOp:transform = ( (0.9999999999999823, -1.1765524126053474e-7, -1.4638706298888393e-7, 0), (-1.4880449942470303e-7, -0.020816459424118472, -0.9997833934289467, 0), (1.1458249847838745e-7, 0.999783393428951, -0.02081645942413557, 0), (0.006250012665987015, 0.1104457750916481, 0.1450793743133545, 1) )
            uniform token[] xformOpOrder = ["xformOp:transform"]

            def Capsule "Visual" (
                prepend apiSchemas = ["MaterialBindingAPI"]
            )
            {
                uniform token axis = "Z"
                double height = 0.00499672131147541
                rel material:binding = </Looks/Wire_5>
                color3f[] primvars:displayColor = [(0.13, 0.24, 0.82)]
                double radius = 0.001
            }
        }

        def Xform "Segment_23"
        {
            matrix4d xformOp:transform = ( (0.9999999999999849, -8.9786329739604e-8, -1.4881074942556172e-7, 0), (-1.5394985930077636e-7, -0.06024794179032367, -0.9981835476584667, 0), (8.065770250867167e-8, 0.9981835476584745, -0.060247941790336546, 0), (0.006250013131648302, 0.11543713510036469, 0.1448768526315689, 1) )
            uniform token[] xformOpOrder = ["xformOp:transform"]

            def Capsule "Visual" (
                prepend apiSchemas = ["MaterialBindingAPI"]
            )
            {
                uniform token axis = "Z"
                double height = 0.00499672131147541
                rel material:binding = </Looks/Wire_5>
                color3f[] primvars:displayColor = [(0.13, 0.24, 0.82)]
                double radius = 0.001
            }
        }

        def Xform "Segment_24"
        {
            matrix4d xformOp:transform = ( (0.9999999999999876, -4.710581927247608e-8, -1.502481635592613e-7, 0), (-1.5419150838985903e-7, -0.09955970309468709, -0.9950316561326477, 0), (3.19131258688607e-8, 0.9950316561326585, -0.09955970309469309, 0), (0.006250013597309589, 0.12041662633419037, 0.14447763562202454, 1) )
            uniform token[] xformOpOrder = ["xformOp:transform"]

            def Capsule "Visual" (
                prepend apiSchemas = ["MaterialBindingAPI"]
            )
            {
                uniform token axis = "Z"
                double height = 0.00499672131147541
                rel material:binding = </Looks/Wire_5>
                color3f[] primvars:displayColor = [(0.13, 0.24, 0.82)]
                double radius = 0.001
            }
        }

        def Xform "Segment_25"
        {
            matrix4d xformOp:transform = ( (0.9999999999999828, 9.344145099349938e-8, -1.6055277969459085e-7, 0), (-1.460412967786086e-7, -0.13869422351128224, -0.9903353278359613, 0), (-1.1480609507623162e-7, 0.9903353278359678, -0.13869422351126626, 0), (0.006250013131648302, 0.12537650763988495, 0.14388242363929749, 1) )
            uniform token[] xformOpOrder = ["xformOp:transform"]

            def Capsule "Visual" (
                prepend apiSchemas = ["MaterialBindingAPI"]
            )
            {
                uniform token axis = "Z"
                double height = 0.00499672131147541
                rel material:binding = </Looks/Wire_5>
                color3f[] primvars:displayColor = [(0.13, 0.24, 0.82)]
                double radius = 0.001
            }
        }

        def Xform "Segment_26"
        {
            matrix4d xformOp:transform = ( (0.9999999999999828, 1.0074245921431555e-7, -1.5577941319859664e-7, 0), (-1.3541283761494665e-7, -0.17758642201015373, -0.9841051971918354, 0), (-1.268054891324316e-7, 0.9841051971918396, -0.17758642201013708, 0), (0.006250012665987015, 0.1303090900182724, 0.1430922895669937, 1) )
            uniform token[] xformOpOrder = ["xformOp:transform"]

            def Capsule "Visual" (
                prepend apiSchemas = ["MaterialBindingAPI"]
            )
            {
                uniform token axis = "Z"
                double height = 0.00499672131147541
                rel material:binding = </Looks/Wire_5>
                color3f[] primvars:displayColor = [(0.13, 0.24, 0.82)]
                double radius = 0.001
            }
        }

        def Xform "Segment_27"
        {
            matrix4d xformOp:transform = ( (0.9999999999999835, 1.0311183144731561e-7, -1.5006149247443742e-7, 0), (-1.2422025838047716e-7, -0.216195594711325, -0.9763503206940373, 0), (-1.3311584697534233e-7, 0.9763503206940397, -0.21619559471130856, 0), (0.0062500122003257275, 0.13520672917366028, 0.14210852980613708, 1) )
            uniform token[] xformOpOrder = ["xformOp:transform"]

            def Capsule "Visual" (
                prepend apiSchemas = ["MaterialBindingAPI"]
            )
            {
                uniform token axis = "Z"
                double height = 0.00499672131147541
                rel material:binding = </Looks/Wire_5>
                color3f[] primvars:displayColor = [(0.13, 0.24, 0.82)]
                double radius = 0.001
            }
        }

        def Xform "Segment_28"
        {
            matrix4d xformOp:transform = ( (0.9999999999999851, 9.976785521563119e-8, -1.4041992044296658e-7, 0), (-1.1041277478436325e-7, -0.2544460366018704, -0.9670872325003893, 0), (-1.322134567884589e-7, 0.9670872325003904, -0.2544460366018555, 0), (0.006250011269003153, 0.1400618702173233, 0.14093276858329773, 1) )
            uniform token[] xformOpOrder = ["xformOp:transform"]

            def Capsule "Visual" (
                prepend apiSchemas = ["MaterialBindingAPI"]
            )
            {
                uniform token axis = "Z"
                double height = 0.00499672131147541
                rel material:binding = </Looks/Wire_5>
                color3f[] primvars:displayColor = [(0.13, 0.24, 0.82)]
                double radius = 0.001
            }
        }

        def Xform "Segment_29"
        {
            matrix4d xformOp:transform = ( (0.9999999999999808, 1.35942931617778e-7, -1.4082385472454914e-7, 0), (-9.493964964460994e-8, -0.29228791790475595, -0.9563303520723092, 0), (-1.7116746665670876e-7, 0.9563303520723043, -0.2922879179047373, 0), (0.006250010337680578, 0.14486698806285858, 0.13956689834594727, 1) )
            uniform token[] xformOpOrder = ["xformOp:transform"]

            def Capsule "Visual" (
                prepend apiSchemas = ["MaterialBindingAPI"]
            )
            {
                uniform token axis = "Z"
                double height = 0.00499672131147541
                rel material:binding = </Looks/Wire_5>
                color3f[] primvars:displayColor = [(0.13, 0.24, 0.82)]
                double radius = 0.001
            }
        }

        def Xform "Segment_30"
        {
            matrix4d xformOp:transform = ( (0.9999999999999849, 1.1806682009379524e-7, -1.2717913851388616e-7, 0), (-8.114458067602175e-8, -0.3296802664592853, -0.9440925935646212, 0), (-1.5339447287013783e-7, 0.9440925935646172, -0.3296802664592706, 0), (0.006250009406358004, 0.14961466193199158, 0.13801309466362, 1) )
            uniform token[] xformOpOrder = ["xformOp:transform"]

            def Capsule "Visual" (
                prepend apiSchemas = ["MaterialBindingAPI"]
            )
            {
                uniform token axis = "Z"
                double height = 0.00499672131147541
                rel material:binding = </Looks/Wire_5>
                color3f[] primvars:displayColor = [(0.13, 0.24, 0.82)]
                double radius = 0.001
            }
        }

        def Xform "Segment_31"
        {
            matrix4d xformOp:transform = ( (0.9999999999999936, 5.5716645366104876e-8, -9.85648569729609e-8, 0), (-7.127974058253447e-8, -0.3665700529527449, -0.9303903653408264, 0), (-8.79691660949399e-8, 0.9303903653408275, -0.3665700529527385, 0), (0.006250008940696716, 0.15429753065109253, 0.13627371191978455, 1) )
            uniform token[] xformOpOrder = ["xformOp:transform"]

            def Capsule "Visual" (
                prepend apiSchemas = ["MaterialBindingAPI"]
            )
            {
                uniform token axis = "Z"
                double height = 0.00499672131147541
                rel material:binding = </Looks/Wire_5>
                color3f[] primvars:displayColor = [(0.13, 0.24, 0.82)]
                double radius = 0.001
            }
        }

        def Xform "Segment_32"
        {
            matrix4d xformOp:transform = ( (0.9999999999999802, 1.516377144433207e-7, -1.2844310527611082e-7, 0), (-5.6461619755681305e-8, -0.40290147684040223, -0.9152432515387884, 0), (-1.9053533328264608e-7, 0.9152432515387775, -0.4029014768403856, 0), (0.006250008475035429, 0.15890832245349884, 0.13435141742229462, 1) )
            uniform token[] xformOpOrder = ["xformOp:transform"]

            def Capsule "Visual" (
                prepend apiSchemas = ["MaterialBindingAPI"]
            )
            {
                uniform token axis = "Z"
                double height = 0.00499672131147541
                rel material:binding = </Looks/Wire_5>
                color3f[] primvars:displayColor = [(0.13, 0.24, 0.82)]
                double radius = 0.001
            }
        }

        def Xform "Segment_33"
        {
            matrix4d xformOp:transform = ( (0.9999999999999654, 2.1854424195694053e-7, -1.4691836393077066e-7, 0), (-3.6168543199594944e-8, -0.43863783060303563, -0.8986642394341389, 0), (-2.608417678123026e-7, 0.8986642394341131, -0.43863783060301254, 0), (0.006250007543712854, 0.16343986988067627, 0.13224907219409943, 1) )
            uniform token[] xformOpOrder = ["xformOp:transform"]

            def Capsule "Visual" (
                prepend apiSchemas = ["MaterialBindingAPI"]
            )
            {
                uniform token axis = "Z"
                double height = 0.00499672131147541
                rel material:binding = </Looks/Wire_5>
                color3f[] primvars:displayColor = [(0.13, 0.24, 0.82)]
                double radius = 0.001
            }
        }

        def Xform "Segment_34"
        {
            matrix4d xformOp:transform = ( (0.9999999999999717, 1.993827543120741e-7, -1.3020565397680444e-7, 0), (-2.021795615722938e-8, -0.47371785816644674, -0.8806768611187691, 0), (-2.3727247900551085e-7, 0.8806768611187467, -0.4737178581664294, 0), (0.00625000661239028, 0.16788503527641296, 0.12996983528137207, 1) )
            uniform token[] xformOpOrder = ["xformOp:transform"]

            def Capsule "Visual" (
                prepend apiSchemas = ["MaterialBindingAPI"]
            )
            {
                uniform token axis = "Z"
                double height = 0.00499672131147541
                rel material:binding = </Looks/Wire_5>
                color3f[] primvars:displayColor = [(0.13, 0.24, 0.82)]
                double radius = 0.001
            }
        }

        def Xform "Segment_35"
        {
            matrix4d xformOp:transform = ( (0.9999999999999745, 1.92047408457552e-7, -1.1952454778760478e-7, 0), (-5.366315337279918e-9, -0.5081026747710367, -0.861296691311761, 0), (-2.2614050340174382e-7, 0.8612966913117397, -0.5081026747710227, 0), (0.006250005215406418, 0.1722368597984314, 0.12751704454421997, 1) )
            uniform token[] xformOpOrder = ["xformOp:transform"]

            def Capsule "Visual" (
                prepend apiSchemas = ["MaterialBindingAPI"]
            )
            {
                uniform token axis = "Z"
                double height = 0.00499672131147541
                rel material:binding = </Looks/Wire_5>
                color3f[] primvars:displayColor = [(0.13, 0.24, 0.82)]
                double radius = 0.001
            }
        }

        def Xform "Segment_36"
        {
            matrix4d xformOp:transform = ( (0.9999999999999911, 1.1726730886870526e-7, -6.28635532172649e-8, 0), (1.0689040254279936e-8, -0.5417423260155507, -0.8405446404915621, 0), (-1.3262425295114992e-7, 0.8405446404915539, -0.5417423260155472, 0), (0.0062500047497451305, 0.17648841440677643, 0.12489432841539383, 1) )
            uniform token[] xformOpOrder = ["xformOp:transform"]

            def Capsule "Visual" (
                prepend apiSchemas = ["MaterialBindingAPI"]
            )
            {
                uniform token axis = "Z"
                double height = 0.00499672131147541
                rel material:binding = </Looks/Wire_5>
                color3f[] primvars:displayColor = [(0.13, 0.24, 0.82)]
                double radius = 0.001
            }
        }

        def Xform "Segment_37"
        {
            matrix4d xformOp:transform = ( (0.9999999999999807, 1.751638671615448e-7, -8.865212933715488e-8, 0), (2.809439423590205e-8, -0.5746049584864379, -0.8184308516999563, 0), (-1.942994735132256e-7, 0.8184308516999381, -0.5746049584864319, 0), (0.006250003818422556, 0.18063287436962128, 0.12210548669099808, 1) )
            uniform token[] xformOpOrder = ["xformOp:transform"]

            def Capsule "Visual" (
                prepend apiSchemas = ["MaterialBindingAPI"]
            )
            {
                uniform token axis = "Z"
                double height = 0.00499672131147541
                rel material:binding = </Looks/Wire_5>
                color3f[] primvars:displayColor = [(0.13, 0.24, 0.82)]
                double radius = 0.001
            }
        }

        def Xform "Segment_38"
        {
            matrix4d xformOp:transform = ( (0.9999999999999887, 1.3802461628546506e-7, -6.050455830480407e-8, 0), (3.563282722443228e-8, -0.6066469689412837, -0.7949713357047072, 0), (-1.464305224343718e-7, 0.7949713357046961, -0.6066469689412817, 0), (0.006250002887099981, 0.18466348946094513, 0.11915451288223267, 1) )
            uniform token[] xformOpOrder = ["xformOp:transform"]

            def Capsule "Visual" (
                prepend apiSchemas = ["MaterialBindingAPI"]
            )
            {
                uniform token axis = "Z"
                double height = 0.00499672131147541
                rel material:binding = </Looks/Wire_5>
                color3f[] primvars:displayColor = [(0.13, 0.24, 0.82)]
                double radius = 0.001
            }
        }

        def Xform "Segment_39"
        {
            matrix4d xformOp:transform = ( (0.9999999999999964, 8.184205914336943e-8, -1.7498617697932494e-8, 0), (3.872479888559741e-8, -0.6378356450116569, -0.7701729034508257, 0), (-7.419376131074101e-8, 0.7701729034508223, -0.6378356450116578, 0), (0.006250002421438694, 0.18857355415821075, 0.11604555696249008, 1) )
            uniform token[] xformOpOrder = ["xformOp:transform"]

            def Capsule "Visual" (
                prepend apiSchemas = ["MaterialBindingAPI"]
            )
            {
                uniform token axis = "Z"
                double height = 0.00499672131147541
                rel material:binding = </Looks/Wire_5>
                color3f[] primvars:displayColor = [(0.13, 0.24, 0.82)]
                double radius = 0.001
            }
        }

        def Xform "Segment_40"
        {
            matrix4d xformOp:transform = ( (0.9999999999999981, -2.876077950698709e-9, 6.133415166301171e-8, 0), (4.3714020928629044e-8, -0.66812547998032, -0.7440488764694344, 0), (4.31188399525219e-8, 0.7440488764694357, -0.6681254799803187, 0), (0.006250002421438694, 0.1923563927412033, 0.1127830445766449, 1) )
            uniform token[] xformOpOrder = ["xformOp:transform"]

            def Capsule "Visual" (
                prepend apiSchemas = ["MaterialBindingAPI"]
            )
            {
                uniform token axis = "Z"
                double height = 0.00499672131147541
                rel material:binding = </Looks/Wire_5>
                color3f[] primvars:displayColor = [(0.13, 0.24, 0.82)]
                double radius = 0.001
            }
        }

        def Xform "Segment_41"
        {
            matrix4d xformOp:transform = ( (0.9999999999999976, 6.949117230842787e-8, 3.380038515077506e-9, 0), (5.089048186851084e-8, -0.6974744570477542, -0.7166097283180058, 0), (-4.744055801056506e-8, 0.7166097283180043, -0.6974744570477562, 0), (0.006250002421438694, 0.19600540399551392, 0.10937153548002243, 1) )
            uniform token[] xformOpOrder = ["xformOp:transform"]

            def Capsule "Visual" (
                prepend apiSchemas = ["MaterialBindingAPI"]
            )
            {
                uniform token axis = "Z"
                double height = 0.00499672131147541
                rel material:binding = </Looks/Wire_5>
                color3f[] primvars:displayColor = [(0.13, 0.24, 0.82)]
                double radius = 0.001
            }
        }

        def Xform "Segment_42"
        {
            matrix4d xformOp:transform = ( (0.9999999999999956, 9.049378041874017e-8, -2.6519701782914753e-8, 0), (4.744053720716366e-8, -0.725827369323385, -0.6878773311605805, 0), (-8.149732699067875e-8, 0.6878773311605763, -0.7258273693233859, 0), (0.006250002421438694, 0.19951407611370087, 0.10581590980291367, 1) )
            uniform token[] xformOpOrder = ["xformOp:transform"]

            def Capsule "Visual" (
                prepend apiSchemas = ["MaterialBindingAPI"]
            )
            {
                uniform token axis = "Z"
                double height = 0.00499672131147541
                rel material:binding = </Looks/Wire_5>
                color3f[] primvars:displayColor = [(0.13, 0.24, 0.82)]
                double radius = 0.001
            }
        }

        def Xform "Segment_43"
        {
            matrix4d xformOp:transform = ( (0.999999999999999, 1.743624632695717e-8, 3.9995736056598243e-8, 0), (3.9443832834918965e-8, -0.7531298036102503, -0.6578721243324561, 0), (1.865115653181777e-8, 0.657872124332457, -0.7531298036102503, 0), (0.006250002421438694, 0.2028760015964508, 0.10212122648954391, 1) )
            uniform token[] xformOpOrder = ["xformOp:transform"]

            def Capsule "Visual" (
                prepend apiSchemas = ["MaterialBindingAPI"]
            )
            {
                uniform token axis = "Z"
                double height = 0.00499672131147541
                rel material:binding = </Looks/Wire_5>
                color3f[] primvars:displayColor = [(0.13, 0.24, 0.82)]
                double radius = 0.001
            }
        }

        def Xform "Segment_44"
        {
            matrix4d xformOp:transform = ( (0.9999999999999986, 1.4135152283165691e-9, 5.377480990768073e-8, 0), (3.479868612243074e-8, -0.779314067163797, -0.6266338913856084, 0), (4.102169730838092e-8, 0.6266338913856093, -0.7793140671637959, 0), (0.006250002421438694, 0.2060849517583847, 0.09829294681549072, 1) )
            uniform token[] xformOpOrder = ["xformOp:transform"]

            def Capsule "Visual" (
                prepend apiSchemas = ["MaterialBindingAPI"]
            )
            {
                uniform token axis = "Z"
                double height = 0.00499672131147541
                rel material:binding = </Looks/Wire_5>
                color3f[] primvars:displayColor = [(0.13, 0.24, 0.82)]
                double radius = 0.001
            }
        }

        def Xform "Segment_45"
        {
            matrix4d xformOp:transform = ( (0.999999999999999, 3.4076597482231463e-9, 4.5793951380477486e-8, 0), (2.995120970801691e-8, -0.8043241489894593, -0.594190871153376, 0), (3.480837779936878e-8, 0.5941908711533767, -0.8043241489894586, 0), (0.006250002421438694, 0.2091347873210907, 0.09433676302433014, 1) )
            uniform token[] xformOpOrder = ["xformOp:transform"]

            def Capsule "Visual" (
                prepend apiSchemas = ["MaterialBindingAPI"]
            )
            {
                uniform token axis = "Z"
                double height = 0.00499672131147541
                rel material:binding = </Looks/Wire_5>
                color3f[] primvars:displayColor = [(0.13, 0.24, 0.82)]
                double radius = 0.001
            }
        }

        def Xform "Segment_46"
        {
            matrix4d xformOp:transform = ( (0.999999999999997, -2.3570426656033095e-8, 7.316780926751003e-8, 0), (2.1499274478456143e-8, -0.8280888809904667, -0.5605973825355903, 0), (7.380294386170625e-8, 0.5605973825355903, -0.8280888809904638, 0), (0.006250002421438694, 0.2120196372270584, 0.09025876969099045, 1) )
            uniform token[] xformOpOrder = ["xformOp:transform"]

            def Capsule "Visual" (
                prepend apiSchemas = ["MaterialBindingAPI"]
            )
            {
                uniform token axis = "Z"
                double height = 0.00499672131147541
                rel material:binding = </Looks/Wire_5>
                color3f[] primvars:displayColor = [(0.13, 0.24, 0.82)]
                double radius = 0.001
            }
        }

        def Xform "Segment_47"
        {
            matrix4d xformOp:transform = ( (0.9999999999999915, -6.120624701478204e-8, 1.1600657998202773e-7, 0), (8.95072067453596e-9, -0.8505401269466841, -0.5259105473337495, 0), (1.3085723469555494e-7, 0.525910547333746, -0.8505401269466764, 0), (0.006250002887099981, 0.21473389863967896, 0.08606529980897903, 1) )
            uniform token[] xformOpOrder = ["xformOp:transform"]

            def Capsule "Visual" (
                prepend apiSchemas = ["MaterialBindingAPI"]
            )
            {
                uniform token axis = "Z"
                double height = 0.00499672131147541
                rel material:binding = </Looks/Wire_5>
                color3f[] primvars:displayColor = [(0.13, 0.24, 0.82)]
                double radius = 0.001
            }
        }

        def Xform "Segment_48"
        {
            matrix4d xformOp:transform = ( (0.9999999999999974, -3.68979836539501e-8, 6.039927855443485e-8, 0), (-2.552737702197257e-9, -0.8716091012370577, -0.49020241042944046, 0), (7.073201239783273e-8, 0.49020241042943913, -0.8716091012370557, 0), (0.006250003352761269, 0.2172722965478897, 0.0817631408572197, 1) )
            uniform token[] xformOpOrder = ["xformOp:transform"]

            def Capsule "Visual" (
                prepend apiSchemas = ["MaterialBindingAPI"]
            )
            {
                uniform token axis = "Z"
                double height = 0.00499672131147541
                rel material:binding = </Looks/Wire_5>
                color3f[] primvars:displayColor = [(0.13, 0.24, 0.82)]
                double radius = 0.001
            }
        }

        def Xform "Segment_49"
        {
            matrix4d xformOp:transform = ( (0.9999999999999886, -8.350644948419486e-8, 1.2612360461280882e-7, 0), (-1.7217139818663527e-8, -0.8912218581513855, -0.45356795571651365, 0), (1.5027994158386245e-7, 0.4535679557165063, -0.8912218581513769, 0), (0.006250003818422556, 0.21962997317314148, 0.07735934108495712, 1) )
            uniform token[] xformOpOrder = ["xformOp:transform"]

            def Capsule "Visual" (
                prepend apiSchemas = ["MaterialBindingAPI"]
            )
            {
                uniform token axis = "Z"
                double height = 0.00499672131147541
                rel material:binding = </Looks/Wire_5>
                color3f[] primvars:displayColor = [(0.13, 0.24, 0.82)]
                double radius = 0.001
            }
        }

        def Xform "Segment_50"
        {
            matrix4d xformOp:transform = ( (0.9999999999999939, -7.190248270871904e-8, 8.413173071788888e-8, 0), (-3.0373939978190885e-8, -0.9093144625407039, -0.4161096645190171, 0), (1.0642151522820122e-7, 0.416109664519012, -0.9093144625407006, 0), (0.0062500047497451305, 0.22180253267288208, 0.07286136597394943, 1) )
            uniform token[] xformOpOrder = ["xformOp:transform"]

            def Capsule "Visual" (
                prepend apiSchemas = ["MaterialBindingAPI"]
            )
            {
                uniform token axis = "Z"
                double height = 0.00499672131147541
                rel material:binding = </Looks/Wire_5>
                color3f[] primvars:displayColor = [(0.13, 0.24, 0.82)]
                double radius = 0.001
            }
        }

        def Xform "Segment_51"
        {
            matrix4d xformOp:transform = ( (0.9999999999999915, -8.702247717034667e-8, 9.736684475700384e-8, 0), (-4.376544064227364e-8, -0.9258186503689236, -0.37796833113973366, 0), (1.2303576795463024e-7, 0.3779683311397262, -0.9258186503689196, 0), (0.006250005681067705, 0.22378621995449066, 0.06827695667743683, 1) )
            uniform token[] xformOpOrder = ["xformOp:transform"]

            def Capsule "Visual" (
                prepend apiSchemas = ["MaterialBindingAPI"]
            )
            {
                uniform token axis = "Z"
                double height = 0.00499672131147541
                rel material:binding = </Looks/Wire_5>
                color3f[] primvars:displayColor = [(0.13, 0.24, 0.82)]
                double radius = 0.001
            }
        }

        def Xform "Segment_52"
        {
            matrix4d xformOp:transform = ( (0.9999999999999982, -5.946311911727813e-8, 2.7470736197335797e-9, 0), (-5.5004556630149327e-8, -0.9406931257581235, -0.33925964363051303, 0), (2.2757585516669823e-8, 0.33925964363051225, -0.9406931257581252, 0), (0.0062500061467289925, 0.22557790577411652, 0.06361417472362518, 1) )
            uniform token[] xformOpOrder = ["xformOp:transform"]

            def Capsule "Visual" (
                prepend apiSchemas = ["MaterialBindingAPI"]
            )
            {
                uniform token axis = "Z"
                double height = 0.00499672131147541
                rel material:binding = </Looks/Wire_5>
                color3f[] primvars:displayColor = [(0.13, 0.24, 0.82)]
                double radius = 0.001
            }
        }

        def Xform "Segment_53"
        {
            matrix4d xformOp:transform = ( (0.9999999999999946, -2.935833377336229e-8, -1.0050625402729586e-7, 0), (-5.817381658624635e-8, -0.9538848394012804, -0.30017398686411634, 0), (-8.705874984363857e-8, 0.30017398686412056, -0.9538848394012769, 0), (0.006250005681067705, 0.22717523574829102, 0.05888127535581589, 1) )
            uniform token[] xformOpOrder = ["xformOp:transform"]

            def Capsule "Visual" (
                prepend apiSchemas = ["MaterialBindingAPI"]
            )
            {
                uniform token axis = "Z"
                double height = 0.00499672131147541
                rel material:binding = </Looks/Wire_5>
                color3f[] primvars:displayColor = [(0.13, 0.24, 0.82)]
                double radius = 0.001
            }
        }

        def Xform "Segment_54"
        {
            matrix4d xformOp:transform = ( (0.9999999999999933, -2.758375745434213e-8, -1.1186569406028773e-7, 0), (-5.581127480469547e-8, -0.9653735442453866, -0.2608722352628993, 0), (-1.0079632328396028e-7, 0.2608722352629039, -0.9653735442453817, 0), (0.006250005215406418, 0.22857673466205597, 0.05408673733472824, 1) )
            uniform token[] xformOpOrder = ["xformOp:transform"]

            def Capsule "Visual" (
                prepend apiSchemas = ["MaterialBindingAPI"]
            )
            {
                uniform token axis = "Z"
                double height = 0.00499672131147541
                rel material:binding = </Looks/Wire_5>
                color3f[] primvars:displayColor = [(0.13, 0.24, 0.82)]
                double radius = 0.001
            }
        }

        def Xform "Segment_55"
        {
            matrix4d xformOp:transform = ( (0.999999999999983, -8.192425976598208e-9, -1.838717065556982e-7, 0), (-4.872915617602101e-8, -0.9751448446186424, -0.22156949719487523, 0), (-1.7748630835492574e-7, 0.22156949719488045, -0.9751448446186264, 0), (0.006250004284083843, 0.2297818511724472, 0.049239084124565125, 1) )
            uniform token[] xformOpOrder = ["xformOp:transform"]

            def Capsule "Visual" (
                prepend apiSchemas = ["MaterialBindingAPI"]
            )
            {
                uniform token axis = "Z"
                double height = 0.00499672131147541
                rel material:binding = </Looks/Wire_5>
                color3f[] primvars:displayColor = [(0.13, 0.24, 0.82)]
                double radius = 0.001
            }
        }

        def Xform "Segment_56"
        {
            matrix4d xformOp:transform = ( (0.9999999999999772, 3.718270314207038e-9, -2.1349544093518534e-7, 0), (-3.5297552620685434e-8, -0.9832139854418585, -0.18245544580216952, 0), (-2.105901507982476e-7, 0.1824554458021729, -0.983213985441836, 0), (0.006250003352761269, 0.23079106211662292, 0.044346876442432404, 1) )
            uniform token[] xformOpOrder = ["xformOp:transform"]

            def Capsule "Visual" (
                prepend apiSchemas = ["MaterialBindingAPI"]
            )
            {
                uniform token axis = "Z"
                double height = 0.00499672131147541
                rel material:binding = </Looks/Wire_5>
                color3f[] primvars:displayColor = [(0.13, 0.24, 0.82)]
                double radius = 0.001
            }
        }

        def Xform "Segment_57"
        {
            matrix4d xformOp:transform = ( (0.999999999999972, 1.4164190833608105e-8, -2.3603443106847693e-7, 0), (-1.9920278658301313e-8, -0.989609658531641, -0.14378113812123827, 0), (-2.3561846160682334e-7, 0.14378113812123894, -0.989609658531613, 0), (0.006250002421438694, 0.23160593211650848, 0.039418529719114304, 1) )
            uniform token[] xformOpOrder = ["xformOp:transform"]

            def Capsule "Visual" (
                prepend apiSchemas = ["MaterialBindingAPI"]
            )
            {
                uniform token axis = "Z"
                double height = 0.00499672131147541
                rel material:binding = </Looks/Wire_5>
                color3f[] primvars:displayColor = [(0.13, 0.24, 0.82)]
                double radius = 0.001
            }
        }

        def Xform "Segment_58"
        {
            matrix4d xformOp:transform = ( (0.9999999999999813, 1.2329804479285529e-8, -1.930152333909364e-7, 0), (-8.1560093669412e-9, -0.9943901354857205, -0.10577737483600934, 0), (-1.9323660085672544e-7, 0.10577737483600892, -0.9943901354857019, 0), (0.006250001490116119, 0.23222921788692474, 0.03446227312088013, 1) )
            uniform token[] xformOpOrder = ["xformOp:transform"]

            def Capsule "Visual" (
                prepend apiSchemas = ["MaterialBindingAPI"]
            )
            {
                uniform token axis = "Z"
                double height = 0.00499672131147541
                rel material:binding = </Looks/Wire_5>
                color3f[] primvars:displayColor = [(0.13, 0.24, 0.82)]
                double radius = 0.001
            }
        }

        def Xform "Segment_59"
        {
            matrix4d xformOp:transform = ( (0.999999999999981, 1.6013229404333145e-8, -1.942442657732929e-7, 0), (2.6319721574909776e-9, -0.9976379696916429, -0.06869408275428592, 0), (-1.9488543050809013e-7, 0.06869408275428411, -0.997637969691624, 0), (0.006250000558793545, 0.23266491293907166, 0.02948595955967903, 1) )
            uniform token[] xformOpOrder = ["xformOp:transform"]

            def Capsule "Visual" (
                prepend apiSchemas = ["MaterialBindingAPI"]
            )
            {
                uniform token axis = "Z"
                double height = 0.00499672131147541
                rel material:binding = </Looks/Wire_5>
                color3f[] primvars:displayColor = [(0.13, 0.24, 0.82)]
                double radius = 0.001
            }
        }

        def Xform "Segment_60"
        {
            matrix4d xformOp:transform = ( (1, 2.6767831816923395e-13, -9.099747374451212e-13, 0), (2.377255037786623e-13, -0.9994633557816499, -0.03275822111066695, 0), (-9.182550243039284e-13, 0.03275822111066695, -0.9994633557816499, 0), (0.0062500000931322575, 0.2329181730747223, 0.02449697069823742, 1) )
            uniform token[] xformOpOrder = ["xformOp:transform"]

            def Capsule "Visual" (
                prepend apiSchemas = ["MaterialBindingAPI"]
            )
            {
                uniform token axis = "Z"
                double height = 0.00499672131147541
                rel material:binding = </Looks/Wire_5>
                color3f[] primvars:displayColor = [(0.13, 0.24, 0.82)]
                double radius = 0.001
            }
        }
    }

    def "Cameras"
    {
        def Camera "Overview"
        {
            float2 clippingRange = (0.0001, 10)
            float focalLength = 30
            matrix4d xformOp:transform = ( (0.7665204811801637, 0.6422198626104074, 0, 0), (-0.2352233795635071, 0.2807504852854762, 0.9305101432648073, -0), (0.5975920963651149, -0.713255082758363, 0.3662661235786188, 0), (0.31, -0.27000000000000013, 0.25000000000000006, 1) )
            uniform token[] xformOpOrder = ["xformOp:transform"]
        }

        def Camera "Insertion"
        {
            float2 clippingRange = (0.0001, 10)
            float focalLength = 30
            matrix4d xformOp:transform = ( (0.7612432304867113, 0.648466455599791, 0, 0), (-0.24101994427894305, 0.2829364563274549, 0.9283621858631671, -0), (0.6020117361795624, -0.7067094294281819, 0.3716768110325994, 0), (0.11499999999999999, -0.135, 0.11499999999999999, 1) )
            uniform token[] xformOpOrder = ["xformOp:transform"]
        }
    }
}

def "Looks"
{
    def Material "M_9ea8b2"
    {
        token outputs:surface.connect = </Looks/M_9ea8b2/Surface.outputs:surface>

        def Shader "Surface"
        {
            uniform token info:id = "UsdPreviewSurface"
            color3f inputs:diffuseColor = (0.62, 0.66, 0.7)
            float inputs:roughness = 0.38
            token outputs:surface
        }
    }

    def Material "M_080b0d"
    {
        token outputs:surface.connect = </Looks/M_080b0d/Surface.outputs:surface>

        def Shader "Surface"
        {
            uniform token info:id = "UsdPreviewSurface"
            color3f inputs:diffuseColor = (0.035, 0.045, 0.052)
            float inputs:roughness = 0.38
            token outputs:surface
        }
    }

    def Material "M_a87744"
    {
        token outputs:surface.connect = </Looks/M_a87744/Surface.outputs:surface>

        def Shader "Surface"
        {
            uniform token info:id = "UsdPreviewSurface"
            color3f inputs:diffuseColor = (0.66, 0.47, 0.27)
            float inputs:roughness = 0.38
            token outputs:surface
        }
    }

    def Material "M_778289"
    {
        token outputs:surface.connect = </Looks/M_778289/Surface.outputs:surface>

        def Shader "Surface"
        {
            uniform token info:id = "UsdPreviewSurface"
            color3f inputs:diffuseColor = (0.47, 0.51, 0.54)
            float inputs:roughness = 0.38
            token outputs:surface
        }
    }

    def Material "M_b7bfc4"
    {
        token outputs:surface.connect = </Looks/M_b7bfc4/Surface.outputs:surface>

        def Shader "Surface"
        {
            uniform token info:id = "UsdPreviewSurface"
            color3f inputs:diffuseColor = (0.72, 0.75, 0.77)
            float inputs:roughness = 0.38
            token outputs:surface
        }
    }

    def Material "M_0b309e"
    {
        token outputs:surface.connect = </Looks/M_0b309e/Surface.outputs:surface>

        def Shader "Surface"
        {
            uniform token info:id = "UsdPreviewSurface"
            color3f inputs:diffuseColor = (0.045, 0.19, 0.62)
            float inputs:roughness = 0.38
            token outputs:surface
        }
    }

    def Material "M_18191c"
    {
        token outputs:surface.connect = </Looks/M_18191c/Surface.outputs:surface>

        def Shader "Surface"
        {
            uniform token info:id = "UsdPreviewSurface"
            color3f inputs:diffuseColor = (0.095, 0.1, 0.11)
            float inputs:roughness = 0.38
            token outputs:surface
        }
    }

    def Material "M_99844c"
    {
        token outputs:surface.connect = </Looks/M_99844c/Surface.outputs:surface>

        def Shader "Surface"
        {
            uniform token info:id = "UsdPreviewSurface"
            color3f inputs:diffuseColor = (0.6, 0.52, 0.3)
            float inputs:roughness = 0.38
            token outputs:surface
        }
    }

    def Material "Wire_0"
    {
        token outputs:surface.connect = </Looks/Wire_0/Surface.outputs:surface>

        def Shader "Surface"
        {
            uniform token info:id = "UsdPreviewSurface"
            color3f inputs:diffuseColor = (0.85, 0.04, 0.065)
            token outputs:surface
        }
    }

    def Material "Wire_1"
    {
        token outputs:surface.connect = </Looks/Wire_1/Surface.outputs:surface>

        def Shader "Surface"
        {
            uniform token info:id = "UsdPreviewSurface"
            color3f inputs:diffuseColor = (0.95, 0.06, 0.08)
            token outputs:surface
        }
    }

    def Material "Wire_2"
    {
        token outputs:surface.connect = </Looks/Wire_2/Surface.outputs:surface>

        def Shader "Surface"
        {
            uniform token info:id = "UsdPreviewSurface"
            color3f inputs:diffuseColor = (0.78, 0.035, 0.06)
            token outputs:surface
        }
    }

    def Material "Wire_3"
    {
        token outputs:surface.connect = </Looks/Wire_3/Surface.outputs:surface>

        def Shader "Surface"
        {
            uniform token info:id = "UsdPreviewSurface"
            color3f inputs:diffuseColor = (0.93, 0.1, 0.15)
            token outputs:surface
        }
    }

    def Material "Wire_4"
    {
        token outputs:surface.connect = </Looks/Wire_4/Surface.outputs:surface>

        def Shader "Surface"
        {
            uniform token info:id = "UsdPreviewSurface"
            color3f inputs:diffuseColor = (0.035, 0.19, 0.8)
            token outputs:surface
        }
    }

    def Material "Wire_5"
    {
        token outputs:surface.connect = </Looks/Wire_5/Surface.outputs:surface>

        def Shader "Surface"
        {
            uniform token info:id = "UsdPreviewSurface"
            color3f inputs:diffuseColor = (0.13, 0.24, 0.82)
            token outputs:surface
        }
    }
}

